ATP Munich - Germany Men Double,ATP Μόναχο - Γερμανία Άνδρες Διπλό,ATP مونیخ - آلمان مردهای دوجو
ITF Australia F5 - Men Doubles,ITF Αυστραλία F5 - Άνδρες Διπλό,ITF استرالیا F5 - مردان دوجو
ITF Tunisia F19 - Men Singles,ITF Τυνησία F19 - Άνδρες Μονό,ITF تونس F19 - مردان تک
ITF Egypt F7 - Men Singles,ITF Αίγυπτος F7 - Άνδρες Μονό,ITF مصر F7 - مردان تک
WTA 125K Cali - Colombia Women Singles,WTA 125K Cali - Κολομβία Γυναίκες Μονό,WTA 125K کالی - کلمبیا زنان تک
ITF Greece 02A - Women Doubles,ITF Ελλάδα 02A - Γυναίκες Διπλό,ITF یونان 02A - زنان دوجو
SRL Spring Invitational Nukus - UZB - Women,SRL Άνοιξης Προσκλήσεις Nukus - UZB - Γυναίκες,SRL Spring Invitational Nukus - UZB - زنان
ATP Challenger Las Franquesas del Valles - Spain Men Doubles,ATP Challenger Las Franquesas del Valles - Ισπανία Άνδρες Διπλό,ATP Challenger Las Franquesas del Valles - اسپانیا مردان دوجو
ITF Egypt 07A - Women Doubles,ITF Αίγυπτος 07A - Γυναίκες Διπλό,ITF مصر 07A - زنان دوجو
ITF Tunisia 15A - Women Singles,ITF Τυνησία 15A - Γυναίκες Μονό,ITF تونس 15A - زنان تک
ATP Challenger Tenerife 2 - Spain Men Singles,ATP Challenger Tenerife 2 - Ισπανία Άνδρες Μονό,ATP Challenger Tenerife 2 - اسپانیا مردان تک
ATP Challenger Cleveland - USA Men Doubles,ATP Challenger Cleveland - ΗΠΑ Άνδρες Διπλό,ATP Challenger کلیولند - آمریکا مردان دوجو
ATP Challenger Murcia - Spain Men Singles,ATP Challenger Murcia - Ισπανία Άνδρες Μονό,ATP Challenger Murcia - اسپانیا مردان تک
WTA Linz - Austria Women Doubles,WTA Linz - Αυστρία Γυναίκες Διπλό,WTA لینز - اتریش زنان دوجو
ATP Challenger St. Brieuc - France Men Singles,ATP Challenger St. Brieuc - Γαλλία Άνδρες Μονό,ATP Challenger St. Brieuc - فرانسه مردان تک
ATP Challenger Mexico City - Mexico Men Singles,ATP Challenger Mexico City - Μεξικό Άνδρες Μονό,ATP Challenger مکزیک شهر - مکزیک مردان تک
ITF Switzerland 02A - Women Doubles,ITF Ελβετία 02A - Γυναίκες Διπλό,ITF سوئیس 02A - زنان دوجو
ITF Greece 01A - Women Singles,ITF Ελλάδα 01A - Γυναίκες Μονό,ITF یونان 01A - زنان تک
ITF Turkey 14A - Women Singles,ITF Τουρκία 14A - Γυναίκες Μονό,ITF ترکیه 14A - زنان تک
ATP Challenger Pune - India Men Singles,ATP Challenger Pune - Ινδία Άνδρες Μονό,ATP Challenger پونه - هند مردان تک
WTA Doha - Qatar Women Singles,WTA Doha - Κατάρ Γυναίκες Μονό,WTA دوحه - قطر زنان تک
ITF Japan F2 - Men Doubles,ITF Ιαπωνία F2 - Άνδρες Διπλό,ITF ژاپن F2 - مردان دوجو
ATP Challenger Zadar - Croatia Men Singles,ATP Challenger Zadar - Κροατία Άνδρες Μονό,ATP Challenger زادار - کرواسی مردان تک
ITF Trinidad and Tobago F2 - Men Singles,ITF Τρινιντάντ και Τομπάγκο F2 - Άνδρες Μονό,ITF ترینیداد و توباگو F2 - مردان تک
ITF Tunisia F17 - Men Doubles,ITF Τυνησία F17 - Άνδρες Διπλό,ITF تونس F17 - مردان دوجو
ITF Japan 01A - Women Doubles,ITF Ιαπωνία 01A - Γυναίκες Διπλό,ITF ژاپن 01A - زنان دوجو
ITF Turkey 20A - Women Doubles,ITF Τουρκία 20A - Γυναίκες Διπλό,ITF ترکیه 20A - زنان دوجو
ITF Tunisia 08A - Women Doubles,ITF Τυνησία 08A - Γυναίκες Διπλό,ITF تونس 08A - زنان دوجو
ITF Tunisia 16A - Women Doubles,ITF Τυνησία 16A - Γυναίκες Διπλό,ITF تونس 16A - زنان دوجو
SRL Winter Invitational Samsun - TUR,SRL Χειμώνας Προσκλήσεις Σαμσούν - TUR,SRL Winter Invitational Samsun - TUR
ITF France F8 - Men Singles,ITF Γαλλία F8 - Άνδρες Μονό,ITF فرانسه F8 - مردان تک
ITF Singapore F1 - Men Singles,ITF Σιγκαπούρη F1 - Άνδρες Μονό,ITF سنگاپور F1 - مردان تک
ITF Germany 01A - Women Singles,ITF Γερμανία 01A - Γυναίκες Μονό,ITF آلمان 01A - زنان تک
ITF Tunisia 14A - Women Singles,ITF Τυνησία 14A - Γυναίκες Μονό,ITF تونس 14A - زنان تک
ITF Japan 03A - Women Doubles,ITF Ιαπωνία 03A - Γυναίκες Διπλό,ITF ژاپن 03A - زنان دوجو
ITF Czech Republic 04A - Women Singles,ITF Τσεχία 04A - Γυναίκες Μονό,ITF چک جمهوری 04A - زنان تک
ATP Challenger Rome - Italy Men Double,ATP Challenger Ρώμη - Ιταλία Άνδρες Διπλό,ATP Challenger رم - ایتالیا مردان دوجو
ITF Australia F3 - Men Singles,ITF Αυστραλία F3 - Άνδρες Μονό,ITF استرالیا F3 - مردان تک
ITF Indonesia F3 - Men Singles,ITF Ινδονησία F3 - Άνδρες Μονό,ITF اندونزی F3 - مردان تک
ITF Tunisia 09A - Women Doubles,ITF Τυνησία 09A - Γυναίκες Διπλό,ITF تونس 09A - زنان دوجو
ITF Tunisia F11 - Men Singles,ITF Τυνησία F11 - Άνδρες Μονό,ITF تونس F11 - مردان تک
ATP Challenger Prague - Czech Republic Men Singles,ATP Challenger Πράγα - Τσεχία Άνδρες Μονό,ATP Challenger پراگ - چک جمهوری مردان تک
ITF Italy 01A - Women Doubles,ITF Ιταλία 01A - Γυναίκες Διπλό,ITF ایتالیا 01A - زنان دوجو
ITF Spain 05A - Women Singles,ITF Ισπανία 05A - Γυναίκες Μονό,ITF اسپانیا 05A - زنان تک
ATP Challenger San Luis Potosi - Mexico Men Singles,ATP Challenger San Luis Potosi - Μεξικό Άνδρες Μονό,ATP Challenger San Luis Potosi - مکزیک مردان تک
ITF Australia F1 - Men Singles,ITF Αυστραλία F1 - Άνδρες Μονό,ITF استرالیا F1 - مردان تک
ATP Challenger Roseto Degli Abruzzi - Italy Men Doubles,ATP Challenger Roseto Degli Abruzzi - Ιταλία Άνδρες Διπλό,ATP Challenger Roseto Degli Abruzzi - ایتالیا مردان دوجو
ATP Challenger Phoenix - USA Men Singles,ATP Challenger Φοίνιξ - ΗΠΑ Άνδρες Μονό,ATP Challenger فینیکس - آمریکا مردان تک
ITF USA F4 - Men Doubles,ITF ΗΠΑ F4 - Άνδρες Διπλό,ITF آمریکا F4 - مردان دوجو
ITF Tunisia 12A - Women Doubles,ITF Τυνησία 12A - Γυναίκες Διπλό,ITF تونس 12A - زنان دوجو
ITF Turkey F13 - Men Doubles,ΙΤΦ Τουρκία Φ13 - Άνδρες Διπλές,ITF ترکیه F13 - مردهای دوجو
ATP Challenger Cleveland - USA Men Singles,ATP Challenger Cleveland - ΗΠΑ Άνδρες Μονός,ATP چالنجر کلیولند - ایالات متحده مردان تک نفره
ITF Switzerland 01A - Women Doubles,ΙΤΦ Ελβετία 01A - Γυναίκες Διπλές,ITF سوئیس 01A - زنان دوجو
ITF USA F6 - Men Doubles,ΙΤΦ ΗΠΑ Φ6 - Άνδρες Διπλές,ITF ایالات متحده F6 - مردان دوجو
ITF Tunisia F17 - Men Singles,ΙΤΦ Τυνησία Φ17 - Άνδρες Μονός,ITF تونس F17 - مردان تک نفره
ITF Spain F4 - Men Doubles,ΙΤΦ Ισπανία Φ4 - Άνδρες Διπλές,ITF اسپانیا F4 - مردان دوجو
Banja Luka - Bosnia & Herzegovina Men Doubles,Banja Luka - Βοσνία & Ερζεγοβίνη Άνδρες Διπλές,بانجا لوکا - بوسنی و هرزگوین مردان دوجو
ITF Spain 10A - Women Singles,ΙΤΦ Ισπανία 10A - Γυναίκες Μονός,ITF اسپانیا 10A - زنان تک نفره
ATP Challenger Rome - Italy Men Singles,ATP Challenger Rome - Ιταλία Άνδρες Μονός,ATP چالنجر روم - ایتالیا مردان تک نفره
ITF France F11 - Men Singles,ΙΤΦ Γαλλία Φ11 - Άνδρες Μονός,ITF فرانسه F11 - مردان تک نفره
ITF Turkey 13A - Women Singles,ΙΤΦ Τουρκία 13A - Γυναίκες Μονός,ITF ترکیه 13A - زنان تک نفره
ITF Great Britain F2 - Men Doubles,ΙΤΦ Μεγάλη Βρετανία Φ2 - Άνδρες Διπλές,ITF بریتانیا F2 - مردان دوجو
ITF Turkey 09A - Women Singles,ΙΤΦ Τουρκία 09A - Γυναίκες Μονός,ITF ترکیه 09A - زنان تک نفره
Iran F2 Men Singles,Ιράν Φ2 Άνδρες Μονός,ایران F2 مردان تک نفره
ITF Italy F4 - Men Doubles,ΙΤΦ Ιταλία Φ4 - Άνδρες Διπλές,ITF ایتالیا F4 - مردان دوجو
ITF Australia 04A - Women Singles,ΙΤΦ Αυστραλία 04A - Γυναίκες Μονός,ITF استرالیا 04A - زنان تک نفره
ITF USA F12 - Men Doubles,ΙΤΦ ΗΠΑ Φ12 - Άνδρες Διπλές,ITF ایالات متحده F12 - مردان دوجو
ITF Spain 11B - Women Singles,ΙΤΦ Ισπανία 11B - Γυναίκες Μονός,ITF اسپانیا 11B - زنان تک نفره
ITF Spain 05A - Women Doubles,ΙΤΦ Ισπανία 05A - Γυναίκες Διπλές,ITF اسپانیا 05A - زنان دوجو
ITF Italy F1 - Men Singles,ΙΤΦ Ιταλία Φ1 - Άνδρες Μονός,ITF ایتالیا F1 - مردان تک نفره
ITF Egypt 06A - Women Singles,ΙΤΦ Αίγυπτος 06A - Γυναίκες Μονός,ITF مصر 06A - زنان تک نفره
ITF Japan 03A - Women Singles,ΙΤΦ Ιαπωνία 03A - Γυναίκες Μονός,ITF ژاپن 03A - زنان تک نفره
ITF Great Britain 06A - Women Doubles,ΙΤΦ Μεγάλη Βρετανία 06A - Γυναίκες Διπλές,ITF بریتانیا 06A - زنان دوجو
ITF Egypt F2 - Men Doubles,ΙΤΦ Αίγυπτος Φ2 - Άνδρες Διπλές,ITF مصر F2 - مردان دوجو
ITF France 04A - Women Singles,ΙΤΦ Γαλλία 04A - Γυναίκες Μονός,ITF فرانسه 04A - زنان تک نفره
ATP Estoril - Portugal Men Double,ATP Estoril - Πορτογαλία Άνδρες Διπλές,ATP Estoril - پرتغال مردان دوجو
ATP Challenger Florianopolis - Brazil Men Double,ATP Challenger Florianopolis - Βραζιλία Άνδρες Διπλές,ATP چالنجر فلوریانوپولیس - برزیل مردان دوجو
ITF Croatia F1 - Men Doubles,ΙΤΦ Κροατία Φ1 - Άνδρες Διπλές,ITF کرواسی F1 - مردان دوجو
ITF Burundi 02A - Women Singles,ΙΤΦ Μπουρούντι 02A - Γυναίκες Μονός,ITF بوروندی 02A - زنان تک نفره
ITF Great Britain F7 - Men Singles,ΙΤΦ Μεγάλη Βρετανία Φ7 - Άνδρες Μονός,ITF بریتانیا F7 - مردان تک نفره
ATP Cordoba - Argentina Men Singles,ATP Cordoba - Αργεντινή Άνδρες Μονός,ATP کوردوبا - آرژانتین مردان تک نفره
ITF Canada 02A - Women Singles,ΙΤΦ Καναδάς 02A - Γυναίκες Μονός,ITF کانادا 02A - زنان تک نفره
ITF Tunisia F14 - Men Singles,ΙΤΦ Τυνησία Φ14 - Άνδρες Μονός,ITF تونس F14 - مردان تک نفره
ITF Turkey F7 - Men Doubles,ΙΤΦ Τουρκία Φ7 - Άνδρες Διπλές,ITF ترکیه F7 - مردان دوجو
ITF Portugal 02A - Women Doubles,ΙΤΦ Πορτογαλία 02A - Γυναίκες Διπλές,ITF پرتغال 02A - زنان دوجو
ATP Montpellier - France Men Singles,ATP Montpellier - Γαλλία Άνδρες Μονός,ATP Montpellier - فرانسه مردان تک نفره
ITF Malaysia 03A - Women Doubles,ΙΤΦ Μαλαισία 03A - Γυναίκες Διπλές,ITF مالزی 03A - زنان دوجو
ITF Singapore 01A - Women Singles,ΙΤΦ Σιγκαπούρη 01A - Γυναίκες Μονός,ITF سنگاپور 01A - زنان تک نفره
ATP Challenger Aix en Provence - France Men Doubles,ATP Challenger Aix en Provence - Γαλλία Άνδρες Διπλές,ATP چالنجر آیکس ان پروونس - فرانسه مردان دوجو
ITF Egypt 12A - Women Singles,ΙΤΦ Αίγυπτος 12A - Γυναίκες Μονός,ITF مصر 12A - زنان تک نفره
ITF Italy F5 - Men Singles,ΙΤΦ Ιταλία Φ5 - Άνδρες Μονός,ITF ایتالیا F5 - مردان تک نفره
SRL Spring Invitational Dunedin - NZL,SRL Spring Invitational Dunedin - NZL,SRL بهار Invitational Dunedin - NZL
ITF USA F7 - Men Singles,ΙΤΦ ΗΠΑ Φ7 - Άνδρες Μονός,ITF ایالات متحده F7 - مردان تک نفره
SRL Spring Invitational Nukus - UZB,SRL Spring Invitational Nukus - UZB,SRL بهار Invitational Nukus - UZB
SRL Winter Invitational Palmerston North - NZL - Women,SRL Winter Invitational Palmerston North - NZL - Γυναίκες,SRL زمستون Invitational Palmerston North - NZL - زنان
ITF Tunisia F10 - Men Doubles,ΙΤΦ Τυνησία Φ10 - Άνδρες Διπλές,ITF تونس F10 - مردان دوجو
ATP Challenger Tenerife 2 - Spain Men Doubles,ATP Challenger Tenerife 2 - Ισπανία Άνδρες Διπλές,ATP چالنجر تنریفه 2 - اسپانیا مردان دوجو
ATP Challenger Tenerife 3 - Spain Men Doubles,ATP Challenger Tenerife 3 - Ισπανία Άνδρες Διπλές,ATP چالنجر تنریفه 3 - اسپانیا مردان دوجو
ITF Egypt 01A - Women Singles,ΙΤΦ Αίγυπτος 01A - Γυναίκες Μονός,ITF مصر 01A - زنان تک نفره
ITF Argentina 03A - Women Doubles,ΙΤΦ Αργεντινή 03A - Γυναίκες Διπλές,ITF آرژانتین 03A - زنان دوجو
ITF Croatia F6 - Men Singles,ΗΤΦ Κροατία F6 - Άνδρες Μονός,ITF کرواسیا F6 - مردان تکنفره
WTA 125k Reus - Spain Women Doubles,ΓΤΑ 125k Reus - Ισπανία Γυναίκες Διπλός,WTA 125k رئوس - اسپانیا زنان دوتا
ATP Miami - USA Men Singles,ΑΤΠ Μαϊάμι - ΗΠΑ Άνδρες Μονός,ATP میامی - ایالات متحده آمریکا مردان تکنفره
WTA Charleston - USA Women Singles,ΓΤΑ Τσάρλστον - ΗΠΑ Γυναίκες Μονός,WTA چارلستون - ایالات متحده آمریکا زنان تکنفره
ITF India 04A - Women Singles,ΗΤΦ Ινδία 04A - Γυναίκες Μονός,ITF هند 04A - زنان تکنفره
ITF Japan 07A - Women Doubles,ΗΤΦ Ιαπωνία 07A - Γυναίκες Διπλός,ITF ژاپن 07A - دوتای زنان
ITF South Africa 02A - Women Doubles,ΗΤΦ Νότια Αφρική 02A - Γυναίκες Διπλός,ITF جنوب افریقا 02A - دوتای زنان
ITF Tunisia F11 - Men Doubles,ΗΤΦ Τυνησία F11 - Άνδρες Διπλός,ITF تونس F11 - دوتای مردان
ITF Egypt F11 - Men Doubles,ΗΤΦ Αιγύπτος F11 - Άνδρες Διπλός,ITF مصر F11 - دوتای مردان
ATP Challenger Oeiras 3 - Portugal Men Singles,ΑΤΠ Challenger Oeiras 3 - Πορτογαλία Άνδρες Μονός,ATP چالنجر Oeiras 3 - پرتغال مردان تکنفره
ITF Canada F2 - Men Doubles,ΗΤΦ Καναδάς F2 - Άνδρες Διπλός,ITF کانادا F2 - دوتای مردان
ATP Barcelona - Spain Men Singles,ΑΤΠ Μπαρσέλονα - Ισπανία Άνδρες Μονός,ATP بارسلون - اسپانیا مردان تکنفره
ITF Argentina F3 - Men Doubles,ΗΤΦ Αργεντινή F3 - Άνδρες Διπλός,ITF آرژانتین F3 - دوتای مردان
ITF Tunisia F12 Men Singles,ΗΤΦ Τυνησία F12 Άνδρες Μονός,ITF تونس F12 مردان تکنفره
ATP Challenger Manama - Bahrain Men Singles,ΑΤΠ Challenger Manama - Μπαχρέιν Άνδρες Μονός,ATP چالنجر Manama - بحرین مردان تکنفره
ATP Challenger Antalya - Turkey Men Singles,ΑΤΠ Challenger Αντάλια - Τουρκία Άνδρες Μονός,ATP چالنجر Antalya - ترکیه مردان تکنفره
SRL Winter Invitational Wellington - NZL - Women,SRL Winter Invitational Wellington - NZL - Γυναίκες,SRL زمستانی Invitational Wellington - NZL - زنان
ITF Japan 04A - Women Singles,ΗΤΦ Ιαπωνία 04A - Γυναίκες Μονός,ITF ژاپن 04A - زنان تکنفره
SRL Winter Invitational Craiova - ROM,SRL Winter Invitational Craiova - ROM,SRL زمستانی Invitational Craiova - ROM
ATP Houston - USA Men Doubles,ΑΤΠ Houston - ΗΠΑ Άνδρες Διπλός,ATP هیوستون - ایالات متحده آمریکا مردان دوتا
ITF Tunisia 11A - Women Singles,ΗΤΦ Τυνησία 11A - Γυναίκες Μονός,ITF تونس 11A - زنان تکنفره
ITF Malaysia 03A - Women Singles,ΗΤΦ Μαλαισία 03A - Γυναίκες Μονός,ITF مالزی 03A - زنان تکنفره
ITF Canada 02A - Women Doubles,ΗΤΦ Καναδάς 02A - Γυναίκες Διπλός,ITF کانادا 02A - دوتای زنان
ITF Tunisia F15 - Men Singles,ΗΤΦ Τυνησία F15 - Άνδρες Μονός,ITF تونس F15 - مردان تکنفره
ITF Turkey F14 - Men Doubles,ΗΤΦ Τουρκία F14 - Άνδρες Διπλός,ITF ترکیه F14 - دوتای مردان
ITF India 03A - Women Singles,ΗΤΦ Ινδία 03A - Γυναίκες Μονός,ITF هند 03A - زنان تکنفره
ITF France F5 - Men Singles,ΗΤΦ Γαλλία F5 - Άνδρες Μονός,ITF فرانسه F5 - مردان تکنفره
ITF Spain F12 - Men Doubles,ΗΤΦ Ισπανία F12 - Άνδρες Διπλός,ITF اسپانیا F12 - دوتای مردان
ITF Mexico 01A - Women Doubles,ΗΤΦ Μεξικό 01A - Γυναίκες Διπλός,ITF مکزیک 01A - دوتای زنان
ITF Great Britain F5 - Men Singles,ΗΤΦ Μεγάλη Βρετανία F5 - Άνδρες Μονός,ITF بریتانیا F5 - مردان تکنفره
ATP Challenger Morelos - Mexico Men Singles,ΑΤΠ Challenger Morelos - Μεξικό Άνδρες Μονός,ATP چالنجر Morelos - مکزیک مردان تکنفره
ITF Turkey 04A - Women Singles,ΗΤΦ Τουρκία 04A - Γυναίκες Μονός,ITF ترکیه 04A - زنان تکنفره
ITF France 06A - Women Doubles,ΗΤΦ Γαλλία 06A - Γυναίκες Διπλός,ITF فرانسه 06A - دوتای زنان
SRL Winter Invitational Tauranga - NZL - Women,SRL Winter Invitational Tauranga - NZL - Γυναίκες,SRL زمستانی Invitational Tauranga - NZL - زنان
Dominican Republic F2 Men Singles,Δομινικανική Δημοκρατία F2 Άνδρες Μονός,جمهوری دومینیکن F2 مردان تکنفره
ITF Turkey F4 - Men Singles,ΗΤΦ Τουρκία F4 - Άνδρες Μονός,ITF ترکیه F4 - مردان تکنفره
WTA 125K Cali - Colombia Women Double,ΓΤΑ 125K Cali - Κολομβία Γυναίκες Διπλός,WTA 125K Cali - کلمبیا زنان دوتا
ITF Turkey F16 - Men Singles,ΗΤΦ Τουρκία F16 - Άνδρες Μονός,ITF ترکیه F16 - مردان تکنفره
ITF Slovakia 01A - Women Doubles,ΗΤΦ Σλοβακία 01A - Γυναίκες Διπλός,ITF اسلواکیا 01A - دوتای زنان
ITF Spain 02A - Women Singles,ΗΤΦ Ισπανία 02A - Γυναίκες Μονός,ITF اسپانیا 02A - زنان تکنفره
ATP Challenger Tallahassee - USA Men Double,ΑΤΠ Challenger Tallahassee - ΗΠΑ Άνδρες Διπλός,ATP چالنجر Tallahassee - ایالات متحده آمریکا مردان دوتا
ITF Japan 02A - Women Singles,ΗΤΦ Ιαπωνία 02A - Γυναίκες Μονός,ITF ژاپن 02A - زنان تکنفره
ITF Brazil F1 - Men Singles,ΗΤΦ Βραζιλία F1 - Άνδρες Μονός,ITF برزیل F1 - مردان تکنفره
ITF Colombia 01A - Women Doubles,ΗΤΦ Κολομβία 01A - Γυναίκες Διπλός,ITF کلمبیا 01A - دوتای زنان
ITF Egypt F2 - Men Singles,ΗΤΦ Αιγύπτος F2 - Άνδρες Μονός,ITF مصر F2 - مردان تکنفره
ATP Challenger San Remo - Italy Men Singles,ΑΤΠ Challenger San Remo - Ιταλία Άνδρες Μονός,ATP چالنجر San Remo - ایتالیا مردان تکنفره
ITF Egypt F13 - Men Doubles,ΗΤΦ Αιγύπτος F13 - Άνδρες Διπλός,ITF مصر F13 - دوتای مردان
ITF Germany F2 - Men Singles,ΗΤΦ Γερμανία F2 - Άνδρες Μονός,ITF آلمان F2 - مردان تکنفره
ITF Dominican Republic F1 - Men Doubles,ΗΤΦ Δομινικανική Δημοκρατία F1 - Άνδρες Διπλός,ITF جمهوری دومینیکن F1 - دوتای مردان
ITF Georgia 01A - Women Doubles,ΗΤΦ Γεωργία 01A - Γυναίκες Διπλός,ITF گرجستان 01A - دوتای زنان
ITF Slovenia 01A - Women Doubles,ITF Σλοβενία 01A - Γυναικεία Διπλά,ITF هسلووینیا 01A - زنان دوبل
ITF Croatia F2 - Men Doubles,ITF Κροατία F2 - Άνδρες Διπλά,ITF کرواسی F2 - مردان دوبل
ITF Kazakhstan 02A - Women Doubles,ITF Καζακστάν 02A - Γυναικεία Διπλά,ITF قزاقستان 02A - زنان دوبل
ITF Australia 07A - Women Singles,ITF Αυστραλία 07A - Γυναικεία Μονό,ITF استرالیا 07A - زنان تک
ATP Challenger Ostrava - Czech Republic Men Doubles,ATP Challenger Οστράβα - Τσεχία Άνδρες Διπλά,ATP چالنجر اوستراوا - چک رئیستان مردان دوبل
ITF Tunisia 16A - Women Singles,ITF Τυνησία 16A - Γυναικεία Μονό,ITF تونس 16A - زنان تک
ATP Challenger Leon - Mexico Men Double,ATP Challenger Leon - Μεξικό Άνδρες Διπλά,ATP چالنجر لئون - مکزیک مردان دوبل
WTA Abu Dhabi - UAE Women Singles,WTA Αμπού Ντάμπι - UAE Γυναικεία Μονό,WTA آبودابی - امارات متحده عربی زنان تک
SRL Spring Invitational Tacoma - USA - Women,SRL Spring Invitational Tacoma - ΗΠΑ - Γυναίκες,SRL بهاری اینویشنال تاکوما - ایالات متحده - زنان
ITF Cyprus 01A - Women Singles,ITF Κύπρος 01A - Γυναικεία Μονό,ITF قبرس 01A - زنان تک
ATP Challenger Puerto Vallarta - Mexico Men Singles,ATP Challenger Puerto Vallarta - Μεξικό Άνδρες Μονό,ATP چالنجر پورتو والارتا - مکزیک مردان تک
ITF Canada F2 - Men Singles,ITF Καναδάς F2 - Άνδρες Μονό,ITF کانادا F2 - مردان تک
ATP Rio de Janeiro - Brazil Men Singles,ATP Rio de Janeiro - Βραζιλία Άνδρες Μονό,ATP ریو ده جانیرو - برزیل مردان تک
ITF Italy 02A - Women Doubles,ITF Ιταλία 02A - Γυναικεία Διπλά,ITF ایتالیا 02A - زنان دوبل
ITF Tunisia F21 - Men Singles,ITF Τυνησία F21 - Άνδρες Μονό,ITF تونس F21 - مردان تک
ITF Tunisia F9 - Men Doubles,ITF Τυνησία F9 - Άνδρες Διπλά,ITF تونس F9 - مردان دوبل
ITF Germany 01A - Women Doubles,ITF Γερμανία 01A - Γυναικεία Διπλά,ITF آلمان 01A - زنان دوبل
ITF Portugal 05A - Women Singles,ITF Πορτογαλία 05A - Γυναικεία Μονό,ITF پرتغال 05A - زنان تک
ITF Turkey 20A - Women Singles,ITF Τουρκία 20A - Γυναικεία Μονό,ITF ترکیه 20A - زنان تک
ITF Spain 08A - Women Doubles,ITF Ισπανία 08A - Γυναικεία Διπλά,ITF اسپانیا 08A - زنان دوبل
ITF France 08A - Women Singles,ITF Γαλλία 08A - Γυναικεία Μονό,ITF فرانسه 08A - زنان تک
SRL Spring Invitational Qarshi - UZB - Women,SRL Spring Invitational Qarshi - UZB - Γυναίκες,SRL بهاری اینویشنال قارشی - ازبکستان - زنان
ITF USA 13A - Women Singles,ITF ΗΠΑ 13A - Γυναικεία Μονό,ITF ایالات متحده 13A - زنان تک
ITF Ecuador 02A - Women Singles,ITF Εκουαδόρ 02A - Γυναικεία Μονό,ITF اکوادور 02A - زنان تک
ITF France F7 - Men Doubles,ITF Γαλλία F7 - Άνδρες Διπλά,ITF فرانسه F7 - مردان دوبل
ITF Spain 03A - Women Singles,ITF Ισπανία 03A - Γυναικεία Μονό,ITF اسپانیا 03A - زنان تک
ATP Challenger Prague - Czech Republic Men Double,ATP Challenger Πράγα - Τσεχία Άνδρες Διπλά,ATP چالنجر پراگ - چک رئیستان مردان دوبل
ITF Spain F11 - Men Doubles,ITF Ισπανία F11 - Άνδρες Διπλά,ITF اسپانیا F11 - مردان دوبل
ITF USA 15A - Women Singles,ITF ΗΠΑ 15A - Γυναικεία Μονό,ITF ایالات متحده 15A - زنان تک
ITF Portugal F3 - Men Doubles,ITF Πορτογαλία F3 - Άνδρες Διπλά,ITF پرتغال F3 - مردان دوبل
WTA Stuttgart - Germany Women Singles,WTA Στουτγάρδη - Γερμανία Γυναικεία Μονό,WTA اشتوتگارت - آلمان زنان تک
ITF Switzerland F1 - Men Singles,ITF Ελβετία F1 - Άνδρες Μονό,ITF سوئیس F1 - مردان تک
ITF France 07A - Women Doubles,ITF Γαλλία 07A - Γυναικεία Διπλά,ITF فرانسه 07A - زنان دوبل
ITF Spain F7 - Men Doubles,ITF Ισπανία F7 - Άνδρες Διπλά,ITF اسپانیا F7 - مردان دوبل
ATP Challenger Oeiras 3 - Portugal Men Doubles,ATP Challenger Oeiras 3 - Πορτογαλία Άνδρες Διπλά,ATP چالنجر اویراس 3 - پرتغال مردان دوبل
ITF Turkey 08A - Women Singles,ITF Τουρκία 08A - Γυναικεία Μονό,ITF ترکیه 08A - زنان تک
WTA Monterrey - Mexico Women Double,WTA Monterrey - Μεξικό Γυναικεία Διπλά,WTA مونتری - مکزیک زنان دوبل
ITF Croatia F5 - Men Singles,ITF Κροατία F5 - Άνδρες Μονό,ITF کرواسی F5 - مردان تک
ATP Challenger Burnie - Australia Men Singles,ATP Challenger Burnie - Αυστραλία Άνδρες Μονό,ATP چالنجر برنی - استرالیا مردان تک
SRL Spring Invitational Greymouth - NZL,SRL Spring Invitational Greymouth - NZL,SRL بهاری اینویشنال گریموث - نیوزیلند
ATP Monte Carlo - Monaco Men Double,ATP Monte Carlo - Μονακό Άνδρες Διπλά,ATP مونت قره - موناکو مردان دوبل
ITF Canada F1 - Men Doubles,ITF Καναδάς F1 - Άνδρες Διπλά,ITF کانادا F1 - مردان دوبل
ITF Egypt F9 - Men Doubles,ITF Αιγύπτος F9 - Άνδρες Διπλά,ITF مصر F9 - مردان دوبل
ITF Portugal 05A - Women Doubles,ITF Πορτογαλία 05A - Γυναικεία Διπλά,ITF پرتغال 05A - زنان دوبل
ATP Challenger Aix en Provence - France Men Singles,ATP Challenger Aix en Provence - Γαλλία Άνδρες Μονό,ATP چالنجر آیکس ان پروونس - فرانسه مردان تک
ITF Japan 02A - Women Doubles,ITF Ιαπωνία 02A - Γυναικεία Διπλά,ITF ژاپن 02A - زنان دوبل
ITF Spain F10 - Men Singles,ITF Ισπανία F10 - Άνδρες Μονό,ITF اسپانیا F10 - مردان تک
ITF Spain F6 - Men Singles,ITF Ισπανία F6 - Άνδρες Μονό,ITF اسپانیا F6 - مردان تک
ATP Challenger Mexico City - Mexico Men Double,ATP Challenger Mexico City - Μεξικό Άνδρες Διπλά,ATP چالنجر مکزیک سیتی - مکزیک مردان دوبل
ATP Challenger - Biel - Switzerland Men Singles,ATP Challenger - Biel - Ελβετία Άνδρες Μονό,ATP چالنجر - بیل - سوئیس مردان تک
ITF Sweden 01A - Women Doubles,ITF Σουηδία 01A - Γυναίκες Ζευγάρια,ITF کشور سوئد 01A - زنان دوجو
ITF India F2 - Men Doubles,ITF Ινδία F2 - Άνδρες Ζευγάρια,ITF هند F2 - دوجوی مردان
ATP Buenos Aires - Argentina Men Singles,ATP Buenos Aires - Αργεντινή Άνδρες Μονός,ATP بوئنوس آیرس - آرژانتین مردان های تک نفره
ITF Egypt 08A - Women Singles,ITF Αίγυπτος 08A - Γυναίκες Μονός,ITF مصر 08A - زنان تک نفره
SRL Spring Invitational Greymouth - NZL - Women,SRL Άνοιξης Προσκλητήριο Greymouth - NZL - Γυναίκες,SRL Spring Invitational Greymouth - NZL - زنان
ATP Houston - USA Men Singles,ATP Houston - USA Άνδρες Μονός,ATP هیوستون - USA مردان تک نفره
ITF Slovakia F1 - Men Singles,ITF Σλοβακία F1 - Άνδρες Μονός,ITF اسلواکیا F1 - مردان تک نفره
ATP Indian Wells - USA Men Singles,ATP Indian Wells - USA Άνδρες Μονός,ATP Indian Wells - USA مردان تک نفره
ITF Tunisia F7 - Men Doubles,ITF Τυνησία F7 - Άνδρες Ζευγάρια,ITF تونس F7 - دوجوی مردان
ITF Singapore F1 - Men Doubles,ITF Σιγκαπούρη F1 - Άνδρες Ζευγάρια,ITF انگلستان F1 - دوجوی مردان
ITF Italy F2 - Men Doubles,ITF Ιταλία F2 - Άνδρες Ζευγάρια,ITF ایتالیا F2 - دوجوی مردان
ITF USA 14A - Women Singles,ITF USA 14A - Γυναίκες Μονός,ITF USA 14A - زنان تک نفره
WTA Austin - USA Women Doubles,WTA Austin - USA Γυναίκες Ζευγάρια,WTA Austin - USA زنان دوجو
ATP Challenger Girona - Spain Men Doubles,ATP Challenger Girona - Ισπανία Άνδρες Ζευγάρια,ATP Challenger Girona - اسپانیا دوجوی مردان
ITF Tunisia F15 - Men Doubles,ITF Τυνησία F15 - Άνδρες Ζευγάρια,ITF تونس F15 - دوجوی مردان
ITF Turkey 16A - Women Doubles,ITF Τουρκία 16A - Γυναίκες Ζευγάρια,ITF ترکیه 16A - زنان دوجو
ITF USA 11A - Women Singles,ITF USA 11A - Γυναίκες Μονός,ITF USA 11A - زنان تک نفره
ITF India 06A - Women Doubles,ITF Ινδία 06A - Γυναίκες Ζευγάρια,ITF هند 06A - زنان دوجو
ITF Egypt F5 - Men Singles,ITF Αίγυπτος F5 - Άνδρες Μονός,ITF مصر F5 - مردان تک نفره
ATP Miami - USA Men Doubles,ATP Miami - USA Άνδρες Ζευγάρια,ATP Miami - USA دوجوی مردان
ITF Kazakhstan 01A - Women Singles,ITF Καζακστάν 01A - Γυναίκες Μονός,ITF قزاقستان 01A - زنان تک نفره
ITF Portugal 04A - Women Singles,ITF Πορτογαλία 04A - Γυναίκες Μονός,ITF پرتغال 04A - زنان تک نفره
ITF Tunisia 13A - Women Singles,ITF Τυνησία 13A - Γυναίκες Μονός,ITF تونس 13A - زنان تک نفره
ITF India 03A - Women Doubles,ITF Ινδία 03A - Γυναίκες Ζευγάρια,ITF هند 03A - زنان دوجو
ITF Turkey F9 - Men Doubles,ITF Τουρκία F9 - Άνδρες Ζευγάρια,ITF ترکیه F9 - دوجوی مردان
ITF France F9 - Men Singles,ITF Γαλλία F9 - Άνδρες Μονός,ITF فرانسه F9 - مردان تک نفره
ITF Czech Republic 01A - Women Doubles,ITF Τσεχία 01A - Γυναίκες Ζευγάρια,ITF چک رئیپبلیک 01A - زنان دوجو
ITF Trinidad and Tobago F2 - Men Doubles,ITF Τρινιντάντ και Τομπάγκο F2 - Άνδρες Ζευγάρια,ITF ترینیداد و توباگو F2 - دوجوی مردان
ITF Mexico 01A - Women Singles,ITF Μεξικό 01A - Γυναίκες Μονός,ITF مکزیک 01A - زنان تک نفره
ATP Cordoba - Argentina Men Double,ATP Cordoba - Αργεντινή Άνδρες Διπλό,ATP کوردوبا - آرژانتین دوجوی مردان
ITF Great Britain 04A - Women Singles,ITF Μεγάλη Βρετανία 04A - Γυναίκες Μονός,ITF انگلستان 04A - زنان تک نفره
ITF Serbia 02A - Women Doubles,ITF Σερβία 02A - Γυναίκες Ζευγάρια,ITF صربستان 02A - زنان دوجو
ITF USA F9 - Men Doubles,ITF USA F9 - Άνδρες Ζευγάρια,ITF USA F9 - دوجوی مردان
ITF Serbia F1 - Men Doubles,ITF Σερβία F1 - Άνδρες Ζευγάρια,ITF صربستان F1 - دوجوی مردان
ITF Iran F1 - Men Singles,ITF Ιράν F1 - Άνδρες Μονός,ITF ایران F1 - مردان تک نفره
ITF Croatia 02A - Women Singles,ITF Κροατία 02A - Γυναίκες Μονός,ITF کرواسی 02A - زنان تک نفره
ITF Egypt 10A - Women Doubles,ITF Αίγυπτος 10A - Γυναίκες Ζευγάρια,ITF مصر 10A - زنان دوجو
ITF Turkey 16A - Women Singles,ITF Τουρκία 16A - Γυναίκες Μονός,ITF ترکیه 16A - زنان تک نفره
ITF Egypt F4 - Men Singles,ITF Αίγυπτος F4 - Άνδρες Μονός,ITF مصر F4 - مردان تک نفره
ITF Spain F12 - Men Singles,ITF Ισπανία F12 - Άνδρες Μονός,ITF اسپانیا F12 - مردان تک نفره
ATP Acapulco - Mexico Men Double,ATP Acapulco - Μεξικό Άνδρες Διπλό,ATP اکاپولکو - مکزیک دوجوی مردان
ATP Doha - Qatar Men Double,ATP Doha - Κατάρ Άνδρες Διπλό,ATP دوحه - قطر دوجوی مردان
ITF Tunisia 08A - Women Singles,ITF Τυνησία 08A - Γυναίκες Μονός,ITF تونس 08A - زنان تک نفره
ITF Indonesia 01A - Women Doubles,ITF Ινδονησία 01A - Γυναίκες Ζευγάρια,ITF اندونزی 01A - زنان دوجو
ATP Challenger Santiago - Chile Men Singles,ATP Challenger Santiago - Χιλή Άνδρες Μονός,ATP Challenger Santiago - چلی مردان تک نفره
ITF Great Britain 06A - Women Singles,ITF Μεγάλη Βρετανία 06A - Γυναίκες Μονός,ITF انگلستان 06A - زنان تک نفره
ITF Italy 02A - Women Singles,ITF Ιταλία 02A - Γυναίκες Μονός,ITF ایتالیا 02A - زنان تک نفره
ITF Burundi 01A - Women Doubles,ITF Μπουρούντι 01A - Γυναίκες Ζευγάρια,ITF بوروندی 01A - زنان دوجو
ITF France F4 - Men Doubles,ITF Γαλλία F4 - Άνδρες Ζευγάρια,ITF فرانسه F4 - دوجوی مردان
ITF Ecuador F1 - Men Doubles,ITF Ισημερινός F1 - Άνδρες Ζευγάρια,ITF اکوادور F1 - دوجوی مردان
ITF Egypt 11A - Women Singles,ΙΤΦ Αίγυπτος 11A - Γυναικεία Μονός,ITF ایران 11A - زنان تک نفره
ITF Portugal F5 - Men Singles,ΙΤΦ Πορτογαλία F5 - Άνδρες Μονός,ITF پرتغال F5 - مردان تک نفره
ITF Egypt 04A - Women Singles,ΙΤΦ Αίγυπτος 04A - Γυναικεία Μονός,ITF ایران 04A - زنان تک نفره
ITF Slovenia 08A - Women Singles,ΙΤΦ Σλοβενία 08A - Γυναικεία Μονός,ITF اسلوونی 08A - زنان تک نفره
ITF Turkey F17 - Men Singles,ΙΤΦ Τουρκία F17 - Άνδρες Μονός,ITF ترکیه F17 - مردان تک نفره
ITF Serbia F2 - Men Doubles,ΙΤΦ Σερβία F2 - Άνδρες Διπλός,ITF صربستان F2 - مردان دو نفره
ITF Portugal 04A - Women Doubles,ΙΤΦ Πορτογαλία 04A - Γυναικεία Διπλός,ITF پرتغال 04A - زنان دو نفره
SRL Winter Invitational Trabzon - TUR - Women,SRL Χειμερινή Προσκλητηριακή Τραπζόν - TUR - Γυναίκες,SRL زمستانی Invitational Trabzon - TUR - زنان
ITF Egypt 09A - Women Singles,ΙΤΦ Αίγυπτος 09A - Γυναικεία Μονός,ITF ایران 09A - زنان تک نفره
ITF Georgia 01A - Women Singles,ΙΤΦ Γεωργία 01A - Γυναικεία Μονός,ITF گرجستان 01A - زنان تک نفره
ATP Challenger Puerto Vallarta - Mexico Men Double,ATP Challenger Puerto Vallarta - Μεξικό Άνδρες Διπλός,ATP Challenger پورتو والارتا - مکزیک مردان دو نفره
ITF France 03A - Women Singles,ΙΤΦ Γαλλία 03A - Γυναικεία Μονός,ITF فرانسه 03A - زنان تک نفره
ITF Tunisia 10A - Women Doubles,ΙΤΦ Τυνησία 10A - Γυναικεία Διπλός,ITF تونس 10A - زنان دو نفره
ITF USA 10A - Women Doubles,ΙΤΦ ΗΠΑ 10A - Γυναικεία Διπλός,ITF آمریکا 10A - زنان دو نفره
ITF Egypt F3 - Men Doubles,ΙΤΦ Αίγυπτος F3 - Άνδρες Διπλός,ITF ایران F3 - مردان دو نفره
ITF Portugal F6 - Men Singles,ΙΤΦ Πορτογαλία F6 - Άνδρες Μονός,ITF پرتغال F6 - مردان تک نفره
ATP Challenger Savannah - USA Men Double,ATP Challenger Savannah - ΗΠΑ Άνδρες Διπλός,ATP Challenger Savannah - آمریکا مردان دو نفره
ITF Japan 04A - Women Doubles,ΙΤΦ Ιαπωνία 04A - Γυναικεία Διπλός,ITF ژاپن 04A - زنان دو نفره
ATP Challenger Leon - Mexico Men Singles,ATP Challenger Leon - Μεξικό Άνδρες Μονός,ATP Challenger Leon - مکزیک مردان تک نفره
ATP Challenger Gwangju - Korea Republic Men Singles,ATP Challenger Gwangju - Κορέα Δημοκρατία Άνδρες Μονός,ATP Challenger Gwangju - کره جنوبی مردان تک نفره
ITF Malaysia 02A - Women Singles,ΙΤΦ Μαλαισία 02A - Γυναικεία Μονός,ITF مالزی 02A - زنان تک نفره
ATP Marseille - France Men Singles,ATP Marseille - Γαλλία Άνδρες Μονός,ATP Marseille - فرانسه مردان تک نفره
ITF Burundi 01A - Women Singles,ΙΤΦ Μπουρούντι 01A - Γυναικεία Μονός,ITF بوروندی 01A - زنان تک نفره
ATP Challenger Vilnius - Lithuania Men Double,ATP Challenger Vilnius - Λιθουανία Άνδρες Διπλός,ATP Challenger Vilnius - لیتوانی مردان دو نفره
ITF Argentina F1 - Men Singles,ΙΤΦ Αργεντινή F1 - Άνδρες Μονός,ITF آرژانتین F1 - مردان تک نفره
ITF Kazakhstan F1 - Men Singles,ΙΤΦ Καζακστάν F1 - Άνδρες Μονός,ITF قزاقستان F1 - مردان تک نفره
ITF Indonesia 03A - Women Doubles,ΙΤΦ Ινδονησία 03A - Γυναικεία Διπλός,ITF اندونزی 03A - زنان دو نفره
ITF Mexico 02A - Women Singles,ΙΤΦ Μεξικό 02A - Γυναικεία Μονός,ITF مکزیک 02A - زنان تک نفره
SRL Winter Invitational Hamilton - NZL - Women,SRL Χειμερινή Προσκλητηριακή Hamilton - NZL - Γυναίκες,SRL زمستانی Invitational Hamilton - NZL - زنان
ITF Portugal F1 - Men Singles,ΙΤΦ Πορτογαλία F1 - Άνδρες Μονός,ITF پرتغال F1 - مردان تک نفره
ITF Ecuador F2 - Men Doubles,ΙΤΦ Εκουαδόρ F2 - Άνδρες Διπλός,ITF اکوادور F2 - مردان دو نفره
ITF France 10A - Women Doubles,ΙΤΦ Γαλλία 10A - Γυναικεία Διπλός,ITF فرانسه 10A - زنان دو نفره
ITF Argentina 04A - Women Doubles,ΙΤΦ Αργεντινή 04A - Γυναικεία Διπλός,ITF آرژانتین 04A - زنان دو نفره
ITF Turkey F15 - Men Doubles,ΙΤΦ Τουρκία F15 - Άνδρες Διπλός,ITF ترکیه F15 - مردان دو نفره
ITF Portugal F2 - Men Doubles,ΙΤΦ Πορτογαλία F2 - Άνδρες Διπλός,ITF پرتغال F2 - مردان دو نفره
ITF Italy F6 - Men Doubles,ΙΤΦ Ιταλία F6 - Άνδρες Διπλός,ITF ایتالیا F6 - مردان دو نفره
ITF Iran F2 - Men Doubles,ΙΤΦ Ιράν F2 - Άνδρες Διπλός,ITF ایران F2 - مردان دو نفره
ITF Great Britain F6 - Men Doubles,ΙΤΦ Μεγάλη Βρετανία F6 - Άνδρες Διπλός,ITF بریتانیا F6 - مردان دو نفره
ITF France 08A - Women Doubles,ΙΤΦ Γαλλία 08A - Γυναικεία Διπλός,ITF فرانسه 08A - زنان دو نفره
ITF Italy F3 - Men Singles,ΙΤΦ Ιταλία F3 - Άνδρες Μονός,ITF ایتالیا F3 - مردان تک نفره
ITF Canada 01A - Women Singles,ΙΤΦ Καναδάς 01A - Γυναικεία Μονός,ITF کانادا 01A - زنان تک نفره
Banja Luka - Bosnia & Herzegovina Men Singles,Banja Luka - Βοσνία & Ερζεγοβίνη Άνδρες Μονός,Banja Luka - بوسنی و هرزگوین مردان تک نفره
ITF Great Britain F5 - Men Doubles,ΙΤΦ Μεγάλη Βρετανία F5 - Άνδρες Διπλός,ITF بریتانیا F5 - مردان دو نفره
ATP Challenger Ostrava - Czech Republic Men Singles,ATP Challenger Ostrava - Τσεχία Άνδρες Μονός,ATP Challenger Ostrava - چک مردان تک نفره
ITF Turkey 07A - Women Singles,ΙΤΦ Τουρκία 07A - Γυναικεία Μονός,ITF ترکیه 07A - زنان تک نفره
SRL Spring Invitational Blenheim - NZL - Women,SRL Άνοιξη Προσκλητηριακή Blenheim - NZL - Γυναίκες,SRL بهاری Invitational Blenheim - NZL - زنان
WTA Lyon - France Women Double,WTA Lyon - Γαλλία Γυναικεία Διπλός,WTA Lyon - فرانسه زنان دو نفره
ITF Tunisia 06A - Women Singles,ΙΤΦ Τυνησία 06A - Γυναικεία Μονός,ITF تونس 06A - زنان تک نفره
ATP Challenger Koblenz - Germany Men Singles,ATP Challenger Koblenz - Γερμανία Άνδρες Μονός,ATP Challenger Koblenz - آلمان مردان تک نفره
ITF Spain 10A - Women Doubles,ΙΤΦ Ισπανία 10A - Γυναικεία Διπλός,ITF اسپانیا 10A - زنان دو نفره
ATP Buenos Aires - Argentina Men Doubles,ATP Buenos Aires - Αργεντινή Άνδρες Διπλή,آتپ بوئنوس آیرس - ارجنتاین مردان دوبل
ATP Acapulco - Mexico Men Singles,ATP Acapulco - Μεξικό Άνδρες Μονός,آتپ آکاپکو - مکزیک مردان سینگل
ITF Cyprus F2 - Men Doubles,ITF Κύπρος F2 - Άνδρες Διπλή,ایتف سیپروس F2 - مردان دوبل
ITF France 05A - Women Doubles,ITF Γαλλία 05A - Γυναίκες Διπλή,ایتف فرانسه 05A - زنان دوبل
ITF Colombia F2 - Men Singles,ITF Κολομβία F2 - Άνδρες Μονός,ایتف کلمبیا F2 - مردان سینگل
ITF France 02A - Women Singles,ITF Γαλλία 02A - Γυναίκες Μονός,ایتف فرانسه 02A - زنان سینگل
ITF USA F9 - Men Singles,ITF USA F9 - Άνδρες Μονός,ایتف ایالات متحده F9 - مردان سینگل
WTA Merida - Mexico Women Doubles,WTA Merida - Μεξικό Γυναίκες Διπλή,وتا مریدا - مکزیک زنان دوبل
ITF Colombia 01A - Women Singles,ITF Κολομβία 01A - Γυναίκες Μονός,ایتف کلمبیا 01A - زنان سینگل
ATP Challenger Burnie - Australia Men Double,ATP Challenger Burnie - Αυστραλία Άνδρες Διπλή,آتپ چالنجر برنی - استرالیا مردان دوبل
Dominican Republic F2 Men Double,Δομινικανή Δημοκρατία F2 Άνδρες Διπλή,جمهوری دومینیکن F2 مردان دوبل
ITF Germany 05A - Women Singles,ITF Γερμανία 05A - Γυναίκες Μονός,ایتف آلمان 05A - زنان سینگل
ITF Spain F7 - Men Singles,ITF Ισπανία F7 - Άνδρες Μονός,ایتف اسپانیا F7 - مردان سینگل
ITF Turkey 09A - Women Doubles,ITF Τουρκία 09A - Γυναίκες Διπλή,ایتف ترکیه 09A - زنان دوبل
ITF Serbia F2 - Men Singles,ITF Σερβία F2 - Άνδρες Μονός,ایتف صربستان F2 - مردان سینگل
ITF Turkey 11A - Women Doubles,ITF Τουρκία 11A - Γυναίκες Διπλή,ایتف ترکیه 11A - زنان دوبل
ITF Greece F2 - Men Doubles,ITF Ελλάδα F2 - Άνδρες Διπλή,ایتف یونان F2 - مردان دوبل
WTA Indian Wells - USA Women Double,WTA Indian Wells - USA Γυναίκες Διπλή,وتا ایندیاولز - ایالات متحده آمریکا زنان دوبل
ITF Tunisia 17A - Women Doubles,ITF Τυνησία 17A - Γυναίκες Διπλή,ایتف تونس 17A - زنان دوبل
ITF Egypt F5 - Men Doubles,ITF Αιγύπτος F5 - Άνδρες Διπλή,ایتف مصر F5 - مردان دوبل
ITF Indonesia 02A - Women Singles,ITF Ινδονησία 02A - Γυναίκες Μονός,ایتف اندونزی 02A - زنان سینگل
ATP Marrakech - Morocco Men Double,ATP Marrakech - Μαρόκο Άνδρες Διπλή,آتپ مراکش - مراکش مردان دوبل
ITF Tunisia 07A - Women Doubles,ITF Τυνησία 07A - Γυναίκες Διπλή,ایتف تونس 07A - زنان دوبل
ITF Turkey 12A - Women Singles,ITF Τουρκία 12A - Γυναίκες Μονός,ایتف ترکیه 12A - زنان سینگل
ITF France F7 - Men Singles,ITF Γαλλία F7 - Άνδρες Μονός,ایتف فرانسه F7 - مردان سینگل
ATP Challenger Rome - USA Men Singles,ATP Challenger Rome - USA Άνδρες Μονός,آتپ چالنجر روم - ایالات متحده آمریکا مردان سینگل
ITF Tunisia 12A - Women Singles,ITF Τυνησία 12A - Γυναίκες Μονός,ایتف تونس 12A - زنان سینگل
ITF USA F4 - Men Singles,ITF USA F4 - Άνδρες Μονός,ایتف ایالات متحده F4 - مردان سینگل
ITF Tunisia 17A - Women Singles,ITF Τυνησία 17A - Γυναίκες Μονός,ایتف تونس 17A - زنان سینگل
ITF Turkey 11A - Women Singles,ITF Τουρκία 11A - Γυναίκες Μονός,ایتف ترکیه 11A - زنان سینگل
ITF Turkey 10A - Women Singles,ITF Τουρκία 10A - Γυναίκες Μονός,ایتف ترکیه 10A - زنان سینگل
ATP Challenger Las Franquesas del Valles - Spain Men Singles,ATP Challenger Las Franquesas del Valles - Ισπανία Άνδρες Μονός,آتپ چالنجر لاس فرانکساس دل والس - اسپانیا مردان سینگل
ITF Spain 16A - Women Singles,ITF Ισπανία 16A - Γυναίκες Μονός,ایتف اسپانیا 16A - زنان سینگل
ITF Turkey F10 - Men Doubles,ITF Τουρκία F10 - Άνδρες Διπλή,ایتف ترکیه F10 - مردان دوبل
ITF USA 09A - Women Singles,ITF USA 09A - Γυναίκες Μονός,ایتف ایالات متحده 09A - زنان سینگل
ATP Indian Wells - USA Men Double,ATP Indian Wells - USA Άνδρες Διπλή,آتپ ایندیاولز - ایالات متحده آمریکا مردان دوبل
ITF Tunisia F22 - Men Doubles,ITF Τυνησία F22 - Άνδρες Διπλή,ایتف تونس F22 - مردان دوبل
ITF Kazakhstan F1 - Men Doubles,ITF Καζακστάν F1 - Άνδρες Διπλή,ایتف قزاقستان F1 - مردان دوبل
ITF Australia 03A - Women Doubles,ITF Αυστραλία 03A - Γυναίκες Διπλή,ایتف استرالیا 03A - زنان دوبل
ATP Santiago - Chile Men Double,ATP Santiago - Χιλή Άνδρες Διπλή,آتپ سانتیاگو - چلی مردان دوبل
ITF Turkey 12A - Women Doubles,ITF Τουρκία 12A - Γυναίκες Διπλή,ایتف ترکیه 12A - زنان دوبل
ITF Australia F2 - Men Doubles,ITF Αυστραλία F2 - Άνδρες Διπλή,ایتف استرالیا F2 - مردان دوبل
ITF Italy F4 - Men Singles,ITF Ιταλία F4 - Άνδρες Μονός,ایتف ایتالیا F4 - مردان سینگل
ITF Egypt 05A - Women Doubles,ITF Αιγύπτος 05A - Γυναίκες Διπλή,ایتف مصر 05A - زنان دوبل
ATP Challenger Coquimbo - Chile Men Doubles,ATP Challenger Coquimbo - Χιλή Άνδρες Διπλή,آتپ چالنجر کوکیمبو - چلی مردان دوبل
ITF Brazil F1 - Men Doubles,ITF Βραζιλία F1 - Άνδρες Διπλή,ایتف برزیل F1 - مردان دوبل
ITF Turkey F8 - Men Doubles,ITF Τουρκία F8 - Άνδρες Διπλή,ایتف ترکیه F8 - مردان دوبل
ATP Barcelona - Spain Men Double,ATP Barcelona - Ισπανία Άνδρες Διπλή,آتپ بارسلون - اسپانیا مردان دوبل
ITF Czech Republic 04A - Women Doubles,ITF Τσεχία 04A - Γυναίκες Διπλή,ایتف جمهوری چک 04A - زنان دوبل
WTA Bogota - Colombia Women Double,WTA Bogota - Κολομβία Γυναίκες Διπλή,وتا بوگوتا - کلمبیا زنان دوبل
ITF Italy 05A - Women Singles,ITF Ιταλία 05A - Γυναίκες Μονός,ITF ایتالیا 05A - زنان تک نفره
WTA Stuttgart - Germany Women Double,WTA Στουτγάρδη - Γερμανία Γυναίκες Διπλός,WTA اشتوتگارت - آلمان زنان دو نفره
ITF Colombia F2 - Men Doubles,ITF Κολομβία F2 - Άντρες Διπλός,ITF کلمبیا F2 - مردان دو نفره
ITF Tunisia F14 - Men Doubles,ITF Τυνησία F14 - Άντρες Διπλός,ITF تونس F14 - مردان دو نفره
ITF France 07A - Women Singles,ITF Γαλλία 07A - Γυναίκες Μονός,ITF فرانسه 07A - زنان تک نفره
ITF Sweden 01A - Women Singles,ITF Σουηδία 01A - Γυναίκες Μονός,ITF سوئد 01A - زنان تک نفره
ITF Italy 04A - Women Singles,ITF Ιταλία 04A - Γυναίκες Μονός,ITF ایتالیا 04A - زنان تک نفره
ITF Colombia F1 - Men Singles,ITF Κολομβία F1 - Άντρες Μονός,ITF کلمبیا F1 - مردان تک نفره
ITF Japan 06A - Women Doubles,ITF Ιαπωνία 06A - Γυναίκες Διπλός,ITF ژاپن 06A - زنان دو نفره
ITF Indonesia F5 - Men Doubles,ITF Ινδονησία F5 - Άντρες Διπλός,ITF اندونزی F5 - مردان دو نفره
ITF Italy 03A - Women Singles,ITF Ιταλία 03A - Γυναίκες Μονός,ITF ایتالیا 03A - زنان تک نفره
ITF Trinidad & Tobago F1 - Men Doubles,ITF Τρινιντάντ & Τομπάγκο F1 - Άντρες Διπλός,ITF ترینیداد و توباگو F1 - مردان دو نفره
ITF Great Britain 04A - Women Doubles,ITF Μεγάλη Βρετανία 04A - Γυναίκες Διπλός,ITF انگلستان 04A - زنان دو نفره
ITF France 06A - Women Singles,ITF Γαλλία 06A - Γυναίκες Μονός,ITF فرانسه 06A - زنان تک نفره
ATP Challenger Zadar - Croatia Men Doubles,ATP Challenger Ζάνταρ - Κροατία Άντρες Διπλός,ATP چالنجر زادار - کرواسی مردان دو نفره
ITF Egypt F12 - Men Doubles,ITF Αίγυπτος F12 - Άντρες Διπλός,ITF مصر F12 - مردان دو نفره
ITF Egypt F4 - Men Doubles,ITF Αίγυπτος F4 - Άντρες Διπλός,ITF مصر F4 - مردان دو نفره
WTA Dubai - UAE Women Singles,WTA Δουμπάι - ΗΠΑ Γυναίκες Μονός,WTA دبی - امارات متحده عربی زنان تک نفره
ATP Challenger Split - Croatia Men Singles,ATP Challenger Split - Κροατία Άντρες Μονός,ATP چالنجر اسپلیت - کرواسی مردان تک نفره
ITF Turkey F12 Men Singles,ITF Τουρκία F12 Άντρες Μονός,ITF ترکیه F12 مردان تک نفره
ITF Cyprus F1 - Men Doubles,ITF Κύπρος F1 - Άντρες Διπλός,ITF قبرس F1 - مردان دو نفره
ITF Turkey F10 - Men Singles,ITF Τουρκία F10 - Άντρες Μονός,ITF ترکیه F10 - مردان تک نفره
ITF Egypt 05A - Women Singles,ITF Αίγυπτος 05A - Γυναίκες Μονός,ITF مصر 05A - زنان دو نفره
ITF Tunisia 05A - Women Doubles,ITF Τυνησία 05A - Γυναίκες Διπλός,ITF تونس 05A - زنان دو نفره
ATP Challenger Manama - Bahrain Men Doubles,ATP Challenger Manama - Μπαχρέιν Άντρες Διπλός,ATP چالنجر منامه - بحرین مردان دو نفره
WTA Hua Hin - Thailand Women Double,WTA Hua Hin - Ταϊλάνδη Γυναίκες Διπλός,WTA هوا هین - تایلند زنان دو نفره
ITF Croatia F6 - Men Doubles,ITF Κροατία F6 - Άντρες Διπλός,ITF کرواسی F6 - مردان دو نفره
SRL Winter Invitational Rotorua - NZL - Women,SRL Winter Invitational Rotorua - NZL - Γυναίκες,SRL زمستانی Invitational Rotorua - NZL - زنان
ITF Cyprus 01A - Women Doubles,ITF Κύπρος 01A - Γυναίκες Διπλός,ITF قبرس 01A - زنان دو نفره
ITF Burundi 02A - Women Doubles,ITF Μπουρούντι 02A - Γυναίκες Διπλός,ITF بوروندی 02A - زنان دو نفره
ITF Mexico 03A - Women Singles,ITF Μεξικό 03A - Γυναίκες Μονός,ITF مکزیک 03A - زنان تک نفره
ITF Greece 02A - Women Singles,ITF Ελλάδα 02A - Γυναίκες Μονός,ITF یونان 02A - زنان تک نفره
ITF Argentina 04A - Women Singles,ITF Αργεντινή 04A - Γυναίκες Μονός,ITF آرژانتین 04A - زنان تک نفره
ITF Australia 02A - Women Singles,ITF Αυστραλία 02A - Γυναίκες Μονός,ITF استرالیا 02A - زنان تک نفره
WTA Miami - USA Women Doubles,WTA Μαϊάμι - ΗΠΑ Γυναίκες Διπλός,WTA میامی - آمریکا زنان دو نفره
Australia F2 Men Singles,Αυστραλία F2 Άντρες Μονός,استرالیا F2 مردان تک نفره
ITF USA 12A - Women Doubles,ITF ΗΠΑ 12A - Γυναίκες Διπλός,ITF آمریکا 12A - زنان دو نفره
ITF Canada 01A - Women Doubles,ITF Καναδάς 01A - Γυναίκες Διπλός,ITF کانادا 01A - زنان دو نفره
ITF Spain 01A - Women Doubles,ITF Ισπανία 01A - Γυναίκες Διπλός,ITF اسپانیا 01A - زنان دو نفره
ATP Dubai - UAE Men Doubles,ATP Δουμπάι - ΗΠΑ Άντρες Διπλός,ATP دبی - امارات متحده عربی مردان دو نفره
ATP Marrakech - Morocco Men Singles,ATP Marrakech - Μαρόκο Άντρες Μονός,ATP مراکش - مراکش مردان تک نفره
ATP Rotterdam - Netherlands Men Singles,ATP Rotterdam - Ολλανδία Άντρες Μονός,ATP روتردام - هلند مردان تک نفره
ITF Germany F2 - Men Doubles,ITF Γερμανία F2 - Άντρες Διπλός,ITF آلمان F2 - مردان دو نفره
ITF Australia 06A - Women Singles,ITF Αυστραλία 06A - Γυναίκες Μονός,ITF استرالیا 06A - زنان تک نفره
ITF Cyprus F2 - Men Singles,ITF Κύπρος F2 - Άντρες Μονός,ITF قبرس F2 - مردان تک نفره
ITF Ecuador F1 - Men Singles,ITF Εκουαδόρ F1 - Άντρες Μονός,ITF اکوادور F1 - مردان تک نفره
ITF Egypt 09A - Women Doubles,ITF Αίγυπτος 09A - Γυναίκες Διπλός,ITF مصر 09A - زنان دو نفره
ITF South Africa 01A - Women Doubles,ITF Νότια Αφρική 01A - Γυναίκες Διπλός,ITF آفریقای جنوبی 01A - زنان دو نفره
ITF India 05A - Women Singles,ITF Ινδία 05A - Γυναίκες Μονός,ITF هند 05A - زنان تک نفره
ATP Challenger Koblenz - Germany Men Double,ATP Challenger Koblenz - Γερμανία Άντρες Διπλός,ATP چالنجر کوبلنز - آلمان مردان دو نفره
ITF Slovakia F1 - Men Doubles,ITF Σλοβακία F1 - Άνδρες Διπλές,ITF اسلواکیا F1 - مردان دومین
ITF USA F8 - Men Doubles,ITF ΗΠΑ F8 - Άνδρες Διπλές,ITF ایالات متحده F8 - مردان دومین
ITF Tunisia F8 - Men Singles,ITF Τυνησία F8 - Άνδρες Μονός,ITF تونس F8 - مردان یکتا
ATP Challenger Pau - France Men Singles,ATP Challenger Pau - Γαλλία Άνδρες Μονός,ATP Challenger پو - فرانسه مردان یکتا
ITF Egypt F13 - Men Singles,ITF Αίγυπτος F13 - Άνδρες Μονός,ITF مصر F13 - مردان یکتا
SRL Winter Invitational Samsun - TUR - Women,SRL Χειμερινή Προσκλητήρια Σαμσούν - ΤΟΥΡ - Γυναίκες,SRL Winter Invitational سامسون - TUR - زنان
ITF Croatia F3 - Men Doubles,ITF Κροατία F3 - Άνδρες Διπλές,ITF کرواسی F3 - مردان دومین
SRL Spring Invitational Auckland - NZL,SRL Άνοιξη Προσκλητήρια Όκλαντ - ΝΖΛ,SRL Spring Invitational آکلاند - NZL
ATP Challenger St. Brieuc - France Men Double,ATP Challenger St. Brieuc - Γαλλία Άνδρες Διπλές,ATP Challenger St. Brieuc - فرانسه مردان دومین
ITF Turkey 13A - Women Doubles,ITF Τουρκία 13A - Γυναίκες Διπλές,ITF ترکیه 13A - زنان دومین
ATP Rotterdam - Netherlands Men Doubles,ATP Rotterdam - Ολλανδία Άνδρες Διπλές,ATP Rotterdam - هلند مردان دومین
ITF USA F8 - Men Singles,ITF ΗΠΑ F8 - Άνδρες Μονός,ITF ایالات متحده F8 - مردان یکتا
ITF Australia 05A - Women Singles,ITF Αυστραλία 05A - Γυναίκες Μονός,ITF استرالیا 05A - زنان یکتا
SRL Spring Invitational Nelson - NZL,SRL Άνοιξη Προσκλητήρια Nelson - ΝΖΛ,SRL Spring Invitational نلسون - NZL
ITF Dominican Republic 01A - Women Singles,ITF Δομινικανή Δημοκρατία 01A - Γυναίκες Μονός,ITF جمهوری دومینیکن 01A - زنان یکتا
ATP Delray Beach - USA Men Doubles,ATP Delray Beach - ΗΠΑ Άνδρες Διπλές,ATP Delray Beach - ایالات متحده مردان دومین
ITF Egypt F3 - Men Singles,ITF Αίγυπτος F3 - Άνδρες Μονός,ITF مصر F3 - مردان یکتا
WTA Miami - USA Women Singles,WTA Miami - ΗΠΑ Γυναίκες Μονός,WTA میامی - ایالات متحده زنان یکتا
ITF Egypt F6 - Men Singles,ITF Αίγυπτος F6 - Άνδρες Μονός,ITF مصر F6 - مردان یکتا
ITF Indonesia F4 - Men Doubles,ITF Ινδονησία F4 - Άνδρες Διπλές,ITF اندونزی F4 - مردان دومین
ITF Egypt F11 - Men Singles,ITF Αίγυπτος F11 - Άνδρες Μονός,ITF مصر F11 - مردان یکتا
ATP Challenger Rome - USA Men Double,ATP Challenger Rome - ΗΠΑ Άνδρες Διπλές,ATP Challenger روم - ایالات متحده مردان دومین
ITF Egypt F12 - Men Singles,ITF Αίγυπτος F12 - Άνδρες Μονός,ITF مصر F12 - مردان یکتا
ITF Tunisia F18 - Men Singles,ITF Τυνησία F18 - Άνδρες Μονός,ITF تونس F18 - مردان یکتا
ITF Tunisia F13 - Men Doubles,ITF Τυνησία F13 - Άνδρες Διπλές,ITF تونس F13 - مردان دومین
WTA Monterrey - Mexico Women Singles,WTA Monterrey - Μεξικό Γυναίκες Μονός,WTA Monterrey - مکزیک زنان یکتا
ATP Madrid - Spain Men Singles,ATP Madrid - Ισπανία Άνδρες Μονός,ATP Madrid - اسپانیا مردان یکتا
SRL Winter Invitational Kangaroo Island - AUS - Women,SRL Χειμερινή Προσκλητήρια Kangaroo Island - ΑΥΣ - Γυναίκες,SRL Winter Invitational Kangaroo Island - AUS - زنان
ATP Challenger Waco - Texas Men Doubles,ATP Challenger Waco - Τέξας Άνδρες Διπλές,ATP Challenger Waco - تگزاس مردان دومین
ITF USA F10 - Men Doubles,ITF ΗΠΑ F10 - Άνδρες Διπλές,ITF ایالات متحده F10 - مردان دومین
ITF Cyprus F1 - Men Singles,ITF Κύπρος F1 - Άνδρες Μονός,ITF قبرس F1 - مردان یکتا
WTA Madrid - Spain Women Double,WTA Madrid - Ισπανία Γυναίκες Διπλές,WTA Madrid - اسپانیا زنان دومین
ATP Challenger Antalya 1 - Turkey Men Doubles,ATP Challenger Antalya 1 - Τουρκία Άνδρες Διπλές,ATP Challenger آنتالیا 1 - ترکیه مردان دومین
ITF Tunisia 15A - Women Doubles,ITF Τυνησία 15A - Γυναίκες Διπλές,ITF تونس 15A - زنان دومین
ITF Tunisia F5 - Men Doubles,ITF Τυνησία F5 - Άνδρες Διπλές,ITF تونس F5 - مردان دومین
ATP Delray Beach - USA Men Singles,ATP Delray Beach - ΗΠΑ Άνδρες Μονός,ATP Delray Beach - ایالات متحده مردان یکتا
ATP Estoril - Portugal Men Singles,ATP Estoril - Πορτογαλία Άνδρες Μονός,ATP Estoril - پرتغال مردان یکتا
ITF Colombia 03A - Women Singles,ITF Κολομβία 03A - Γυναίκες Μονός,ITF کلمبیا 03A - زنان یکتا
ITF Dominican Republic 01A - Women Doubles,ITF Δομινικανή Δημοκρατία 01A - Γυναίκες Διπλές,ITF جمهوری دومینیکن 01A - زنان دومین
ITF USA 09A - Women Doubles,ITF ΗΠΑ 09A - Γυναίκες Διπλές,ITF ایالات متحده 09A - زنان دومین
ITF India F1 - Men Doubles,ITF Ινδία F1 - Άνδρες Διπλές,ITF هند F1 - مردان دومین
ITF Turkey 07A - Women Doubles,ITF Τουρκία 07A - Γυναίκες Διπλές,ITF ترکیه 07A - زنان دومین
ITF Egypt 01A - Women Doubles,ITF Αίγυπτος 01A - Γυναίκες Διπλές,ITF مصر 01A - زنان دومین
ITF Egypt F9 - Men Singles,ITF Αίγυπτος F9 - Άνδρες Μονός,ITF مصر F9 - مردان یکتا
ITF France F6 - Men Singles,ITF Γαλλία F6 - Άνδρες Μονός,ITF فرانسه F6 - مردان یکتا
ITF Turkey F15 - Men Singles,ITF Τουρκία F15 - Άνδρες Μονός,ITF ترکیه F15 - مردان یکتا
ATP Munich - Germany Men Singles,ATP Munich - Γερμανία Άνδρες Μονός,ATP مونیخ - آلمان مردان یکتا
ITF Greece F2 - Men Singles,ITF Ελλάδα F2 - Άνδρες Μονός,ITF یونان F2 - مردان یکتا
ATP Challenger - Biel - Switzerland Men Double,ATP Challenger - Biel - Ελβετία Άνδρες Διπλές,ATP Challenger - Biel - سوئیس مردان دومین
ITF Spain 08A - Women Singles,ITF Ισπανία 08A - Γυναίκες Μονός,ITF اسپانیا 08A - زنان یکتا
ITF France F11 - Men Doubles,ITF Γαλλία F11 - Άντρες Διπλές,ITF فرانس F11 - مردهای دوها
ATP Challenger Cagliari - Italy Men Doubles,ATP Challenger Cagliari - Ιταλία Άντρες Διπλές,ATP Challenger Cagliari - ایتالیا مردهای دوها
ITF Serbia 01A - Women Singles,ITF Σερβία 01A - Γυναίκες Μονός,ITF صربستان 01A - زنهای تکها
ITF India 06A - Women Singles,ITF Ινδία 06A - Γυναίκες Μονός,ITF هند 06A - زنهای تکها
ATP Challenger Monterrey - Mexico Men Singles,ATP Challenger Monterrey - Μεξικό Άντρες Μονός,ATP Challenger Monterrey - مکزیک مردهای تکها
ITF Turkey F11 - Men Doubles,ITF Τουρκία F11 - Άντρες Διπλές,ITF ترکیه F11 - مردهای دوها
ITF Australia F2 - Men Singles,ITF Αυστραλία F2 - Άντρες Μονός,ITF استرالیا F2 - مردهای تکها
ITF Japan F1 - Men Doubles,ITF Ιαπωνία F1 - Άντρες Διπλές,ITF ژاپن F1 - مردهای دوها
ITF Serbia 02A - Women Singles,ITF Σερβία 02A - Γυναίκες Μονός,ITF صربستان 02A - زنهای تکها
ATP Challenger Vina del Mar - Chile Men Singles,ATP Challenger Vina del Mar - Χιλή Άντρες Μονός,ATP Challenger Vina del Mar - شیلی مردهای تکها
ITF Colombia 03A - Women Doubles,ITF Κολομβία 03A - Γυναίκες Διπλές,ITF کلمبیا 03A - زنهای دوها
ATP Santiago - Chile Men Singles,ATP Santiago - Χιλή Άντρες Μονός,ATP Santiago - شیلی مردهای تکها
ATP Rio de Janeiro - Brazil Men Double,ATP Rio de Janeiro - Βραζιλία Άντρες Διπλές,ATP Rio de Janeiro - برزیل مردهای دوها
ITF Japan F2 - Men Singles,ITF Ιαπωνία F2 - Άντρες Μονός,ITF ژاپن F2 - مردهای تکها
ATP Challenger Santiago - Chile Men Doubles,ATP Challenger Santiago - Χιλή Άντρες Διπλές,ATP Challenger Santiago - شیلی مردهای دوها
ITF Tunisia 10A - Women Singles,ITF Τυνησία 10A - Γυναίκες Μονός,ITF تونس 10A - زنهای تکها
ITF Italy F5 - Men Doubles,ITF Ιταλία F5 - Άντρες Διπλές,ITF ایتالیا F5 - مردهای دوها
ATP Challenger Chennai - India Men Double,ATP Challenger Chennai - Ινδία Άντρες Διπλές,ATP Challenger Chennai - هند مردهای دوها
ITF USA 17A - Women Doubles,ITF ΗΠΑ 17A - Γυναίκες Διπλές,ITF آمریکا 17A - زنهای دوها
WTA Lyon - France Women Singles,WTA Lyon - Γαλλία Γυναίκες Μονός,WTA Lyon - فرانس زنهای تکها
ITF France F5 - Men Doubles,ITF Γαλλία F5 - Άντρες Διπλές,ITF فرانس F5 - مردهای دوها
ITF France 03A - Women Doubles,ITF Γαλλία 03A - Γυναίκες Διπλές,ITF فرانس 03A - زنهای دوها
ITF France F8 - Men Doubles,ITF Γαλλία F8 - Άντρες Διπλές,ITF فرانس F8 - مردهای دوها
ITF Tunisia F16 - Men Doubles,ITF Τυνησία F16 - Άντρες Διπλές,ITF تونس F16 - مردهای دوها
ITF Croatia F2 - Men Singles,ITF Κροατία F2 - Άντρες Μονός,ITF کرواسی F2 - مردهای تکها
ATP Challenger Szekesfehervar - Hungary Men Singles,ATP Challenger Szekesfehervar - Ουγγαρία Άντρες Μονός,ATP Challenger Szekesfehervar - مجارستان مردهای تکها
ITF Great Britain 03A - Women Singles,ITF Μεγάλη Βρετανία 03A - Γυναίκες Μονός,ITF بریتانیا 03A - زنهای تکها
ITF Ecuador F2 - Men Singles,ITF Εκουαδόρ F2 - Άντρες Μονός,ITF اکوادور F2 - مردهای تکها
ITF Tunisia F8 - Men Doubles,ITF Τυνησία F8 - Άντρες Διπλές,ITF تونس F8 - مردهای دوها
ITF USA 16A - Women Doubles,ITF ΗΠΑ 16A - Γυναίκες Διπλές,ITF آمریکا 16A - زنهای دوها
SRL Spring Invitational Wellington - NZL,SRL Spring Invitational Wellington - NZL,SRL Spring Invitational Wellington - NZL
ITF Tunisia 14A - Women Doubles,ITF Τυνησία 14A - Γυναίκες Διπλές,ITF تونس 14A - زنهای دوها
ITF Turkey 14A - Women Doubles,ITF Τουρκία 14A - Γυναίκες Διπλές,ITF ترکیه 14A - زنهای دوها
ITF India F4 - Men Singles,ITF Ινδία F4 - Άντρες Μονός,ITF هند F4 - مردهای تکها
ITF Tunisia F13 - Men Singles,ITF Τυνησία F13 - Άντρες Μονός,ITF تونس F13 - مردهای تکها
ITF Australia 02A - Women Doubles,ITF Αυστραλία 02A - Γυναίκες Διπλές,ITF استرالیا 02A - زنهای دوها
ITF Kazakhstan F2 - Men Doubles,ITF Καζακστάν F2 - Άντρες Διπλές,ITF قزاقستان F2 - مردهای دوها
ITF Georgia F2 - Men Singles,ITF Γεωργία F2 - Άντρες Μονός,ITF گرجستان F2 - مردهای تکها
ITF Egypt 02A - Women Singles,ITF Αίγυπτος 02A - Γυναίκες Μονός,ITF مصر 02A - زنهای تکها
ITF Spain F6 - Men Doubles,ITF Ισπανία F6 - Άντρες Διπλές,ITF اسپانیا F6 - مردهای دوها
ITF Turkey F8 - Men Singles,ITF Τουρκία F8 - Άντρες Μονός,ITF ترکیه F8 - مردهای تکها
ATP Doha - Qatar Men Singles,ATP Doha - Κατάρ Άντρες Μονός,ATP Doha - قطر مردهای تکها
ITF USA 07A - Women Doubles,ITF ΗΠΑ 07A - Γυναίκες Διπλές,ITF آمریکا 07A - زنهای دوها
ITF Portugal F2 - Men Singles,ITF Πορτογαλία F2 - Άντρες Μονός,ITF پرتغال F2 - مردهای تکها
ATP Challenger Rovereto - Italy Men Doubles,ATP Challenger Rovereto - Ιταλία Άντρες Διπλές,ATP Challenger Rovereto - ایتالیا مردهای دوها
ITF Egypt 11A - Women Doubles,ITF Αίγυπτος 11A - Γυναίκες Διπλές,ITF مصر 11A - زنهای دوها
ITF Italy F1 - Men Doubles,ITF Ιταλία F1 - Άντρες Διπλές,ITF ایتالیا F1 - مردهای دوها
ATP Challenger Bengaluru - India Men Singles,ATP Challenger Bengaluru - Ινδία Άντρες Μονός,ATP Challenger Bengaluru - هند مردهای تکها
ITF Kazakhstan 01A - Women Doubles,ITF Καζακστάν 01A - Γυναίκες Διπλές,ITF قزاقستان 01A - زنهای دوها
ITF Tunisia 18A - Women Doubles,ITF Τυνησία 18A - Γυναίκες Διπλές,ITF تونس 18A - زنهای دوها
ITF Serbia 01A - Women Doubles,ITF Σερβία 01A - Γυναικεία Διπλά,ITF سربیا 01A - زنان دوجو
ITF India F2 - Men Singles,ITF Ινδία F2 - Άνδρες Πρωταθλητές,ITF هند F2 - مردان تک نفره
ATP Challenger Pau - France Men Double,ATP Challenger Pau - Γαλλία Άνδρες Διπλά,ATP چالشر پاو - فرانسه مردان دوجو
ITF Italy 04A - Women Doubles,ITF Ιταλία 04A - Γυναικεία Διπλά,ITF ایتالیا 04A - زنان دوجو
ITF Italy F6 - Men Singles,ITF Ιταλία F6 - Άνδρες Πρωταθλητές,ITF ایتالیا F6 - مردان تک نفره
ITF USA 12A - Women Singles,ITF ΗΠΑ 12A - Γυναικεία Πρωταθλητές,ITF ایالات متحده 12A - زنان تک نفره
ITF South Africa 02A - Women Singles,ITF Νότια Αφρική 02A - Γυναικεία Πρωταθλητές,ITF جنوب افریقا 02A - زنان تک نفره
SRL Winter Invitational Giresun - TUR - Women,SRL Winter Invitational Giresun - TUR - Γυναίκες,SRL زمستانی دعوتی گیرسون - TUR - زنان
WTA 125 San Luis Potosi - Mexico Doubles,WTA 125 San Luis Potosi - Μεξικό Διπλά,WTA 125 San Luis Potosi - مکزیک دوجو
ITF France F6 - Men Doubles,ITF Γαλλία F6 - Άνδρες Διπλά,ITF فرانسه F6 - مردان دوجو
ITF Turkey F11 - Men Singles,ITF Τουρκία F11 - Άνδρες Πρωταθλητές,ITF ترکیه F11 - مردان تک نفره
ITF Italy F3 - Men Doubles,ITF Ιταλία F3 - Άνδρες Διπλά,ITF ایتالیا F3 - مردان دوجو
ATP Dallas - USA Men Doubles,ATP Dallas - ΗΠΑ Άνδρες Διπλά,ATP Dallas - ایالات متحده مردان دوجو
ATP Challenger Rovereto - Italy Men Singles,ATP Challenger Rovereto - Ιταλία Άνδρες Πρωταθλητές,ATP چالشر Rovereto - ایتالیا مردان تک نفره
WTA 125K Saint-Malo - France - Women Singles,WTA 125K Saint-Malo - Γαλλία - Γυναικεία Πρωταθλητές,WTA 125K Saint-Malo - فرانسه - زنان تک نفره
ATP Challenger Vina del Mar - Chile Men Doubles,ATP Challenger Vina del Mar - Χιλή Άνδρες Διπλά,ATP چالشر وینا دل مار - چلی مردان دوجو
ITF Turkey F17 - Men Doubles,ITF Τουρκία F17 - Άνδρες Διπλά,ITF ترکیه F17 - مردان دوجو
ITF Colombia 02A - Women Doubles,ITF Κολομβία 02A - Γυναικεία Διπλά,ITF کلمبیا 02A - زنان دوجو
ITF Australia F1 - Men Doubles,ITF Αυστραλία F1 - Άνδρες Διπλά,ITF استرالیا F1 - مردان دوجو
ATP Challenger Waco - Texas Men Singles,ATP Challenger Waco - Τέξας Άνδρες Πρωταθλητές,ATP چالشر واکو - تگزاس مردان تک نفره
ITF Argentina F3 - Men Singles,ITF Αργεντινή F3 - Άνδρες Πρωταθλητές,ITF آرژانتین F3 - مردان تک نفره
ITF Egypt F7 - Men Doubles,ITF Αίγυπτος F7 - Άνδρες Διπλά,ITF مصر F7 - مردان دوجو
Australia F2 Men Double,Αυστραλία F2 Άνδρες Διπλά,استرالیا F2 مردان دوجو
ITF Tunisia F20 - Men Doubles,ITF Τυνησία F20 - Άνδρες Διπλά,ITF تونس F20 - مردان دوجو
ITF USA F10 - Men Singles,ITF ΗΠΑ F10 - Άνδρες Πρωταθλητές,ITF ایالات متحده F10 - مردان تک نفره
ITF Greece F1 - Men Singles,ITF Ελλάδα F1 - Άνδρες Πρωταθλητές,ITF یونان F1 - مردان تک نفره
WTA Linz - Austria Women Singles,WTA Linz - Αυστρία Γυναικεία Πρωταθλητές,WTA لینتس - اتریش زنان تک نفره
ITF Italy 03A - Women Doubles,ITF Ιταλία 03A - Γυναικεία Διπλά,ITF ایتالیا 03A - زنان دوجو
ITF USA 11A - Women Doubles,ITF ΗΠΑ 11A - Γυναικεία Διπλά,ITF ایالات متحده 11A - زنان دوجو
ITF Croatia 02A - Women Doubles,ITF Κροατία 02A - Γυναικεία Διπλά,ITF کرواسی 02A - زنان دوجو
ITF Argentina 03A - Women Singles,ITF Αργεντινή 03A - Γυναικεία Πρωταθλητές,ITF آرژانتین 03A - زنان تک نفره
ITF Kazakhstan F2 - Men Singles,ITF Καζακστάν F2 - Άνδρες Πρωταθλητές,ITF قزاقستان F2 - مردان تک نفره
ITF USA F5 - Men Doubles,ITF ΗΠΑ F5 - Άνδρες Διπλά,ITF ایالات متحده F5 - مردان دوجو
ITF Portugal F6 - Men Doubles,ITF Πορτογαλία F6 - Άνδρες Διπλά,ITF پرتغال F6 - مردان دوجو
ITF Germany F4 - Men Doubles,ITF Γερμανία F4 - Άνδρες Διπλά,ITF آلمان F4 - مردان دوجو
ITF Portugal 02A - Women Singles,ITF Πορτογαλία 02A - Γυναικεία Πρωταθλητές,ITF پرتغال 02A - زنان تک نفره
ITF Italy 01A - Women Singles,ITF Ιταλία 01A - Γυναικεία Πρωταθλητές,ITF ایتالیا 01A - زنان تک نفره
ITF Croatia F4 - Men Singles,ITF Κροατία F4 - Άνδρες Πρωταθλητές,ITF کرواسی F4 - مردان تک نفره
ITF Turkey 15A - Women Doubles,ITF Τουρκία 15A - Γυναικεία Διπλά,ITF ترکیه 15A - زنان دوجو
SRL Winter Invitational Eugene (OR) - USA,SRL Winter Invitational Eugene (OR) - ΗΠΑ,SRL زمستانی دعوتی یوجین (OR) - ایالات متحده
ITF USA 13A - Women Doubles,ITF ΗΠΑ 13A - Γυναικεία Διπλά,ITF ایالات متحده 13A - زنان دوجو
ITF Indonesia 01A - Women Singles,ITF Ινδονησία 01A - Γυναικεία Πρωταθλητές,ITF اندونزی 01A - زنان تک نفره
ITF Egypt F8 - Men Singles,ITF Αίγυπτος F8 - Άνδρες Πρωταθλητές,ITF مصر F8 - مردان تک نفره
ITF Tunisia F20 - Men Singles,ITF Τυνησία F20 - Άνδρες Πρωταθλητές,ITF تونس F20 - مردان تک نفره
ATP Challenger Barletta - Italy Men Double,ATP Challenger Barletta - Ιταλία Άνδρες Διπλά,ATP چالشر بارلتا - ایتالیا مردان دوجو
ITF Portugal F5 - Men Doubles,ITF Πορτογαλία F5 - Άνδρες Διπλά,ITF پرتغال F5 - مردان دوجو
ITF Australia 05A - Women Doubles,ITF Αυστραλία 05A - Γυναικεία Διπλά,ITF استرالیا 05A - زنان دوجو
ITF Serbia 03A - Women Doubles,ITF Σερβία 03A - Γυναικεία Διπλά,ITF سربیا 03A - زنان دوجو
SRL Spring Invitational Hanoi - VIE - Women,SRL Spring Invitational Hanoi - VIE - Γυναίκες,SRL بهاری دعوتی هانوی - VIE - زنان
ITF Slovakia 02A - Women Singles,ITF Σλοβακία 02A - Γυναικεία Πρωταθλητές,ITF اسلواکی 02A - زنان تک نفره
ITF Spain 11B - Women Doubles,ITF Ισπανία 11B - Γυναικεία Διπλά,ITF اسپانیا 11B - زنان دوجو
ITF Spain 04A - Women Doubles,ITF Ισπανία 04A - Γυναικεία Διπλά,ITF اسپانیا 04A - زنان دوجو
ITF Great Britain 05A - Women Singles,ITF Μεγάλη Βρετανία 05A - Γυναικεία Μονός,ITF انگلستان 05A - زنان انفرادی
ITF Great Britain F2 - Men Singles,ITF Μεγάλη Βρετανία F2 - Άνδρες Μονός,ITF انگلستان F2 - مردان انفرادی
ITF India F3 - Men Doubles,ITF Ινδία F3 - Άνδρες Διπλά,ITF هند F3 - مردان دوجو
ITF Egypt F6 - Men Doubles,ITF Αίγυπτος F6 - Άνδρες Διπλά,ITF مصر F6 - مردان دوجو
ATP Challenger Szekesfehervar - Hungary Men Doubles,ATP Challenger Szekesfehervar - Ουγγαρία Άνδρες Διπλά,ATP چالشر سکزکسفهروار - مجارستان مردان دوجو
ITF Spain 04A - Women Singles,ITF Ισπανία 04A - Γυναικεία Μονός,ITF اسپانیا 04A - زنان انفرادی
ITF Tunisia F9 - Men Singles,ITF Τυνησία F9 - Άνδρες Μονός,ITF تونس F9 - مردان انفرادی
ITF USA 14A - Women Doubles,ITF ΗΠΑ 14A - Γυναικεία Διπλά,ITF آمریکا 14A - زنان دوجو
WTA Austin - USA Women Singles,WTA Austin - ΗΠΑ Γυναικεία Μονός,WTA استون - آمریکا زنان انفرادی
ITF Slovenia 09A - Women Doubles,ITF Σλοβενία 09A - Γυναικεία Διπλά,ITF اسلوونی 09A - زنان دوجو
ATP Challenger Morelos - Mexico Men Double,ATP Challenger Morelos - Μεξικό Άνδρες Διπλά,ATP چالشر مورلوس - مکزیک مردان دوجو
ITF Singapore 01A - Women Doubles,ITF Σιγκαπούρη 01A - Γυναικεία Διπλά,ITF سنگاپور 01A - زنان دوجو
ITF Portugal F1 - Men Doubles,ITF Πορτογαλία F1 - Άνδρες Διπλά,ITF پرتغال F1 - مردان دوجو
ITF Malaysia 01A - Women Doubles,ITF Μαλαισία 01A - Γυναικεία Διπλά,ITF مالزی 01A - زنان دوجو
ITF Spain F11 - Men Singles,ITF Ισπανία F11 - Άνδρες Μονός,ITF اسپانیا F11 - مردان انفرادی
Davis Cup,Davis Cup,دیویس کپ
ITF USA F13 - Men Doubles,ITF ΗΠΑ F13 - Άνδρες Διπλά,ITF آمریکا F13 - مردان دوجو
ITF Tunisia F21 - Men Doubles,ITF Τυνησία F21 - Άνδρες Διπλά,ITF تونس F21 - مردان دوجو
ITF Egypt 12A - Women Doubles,ITF Αίγυπτος 12A - Γυναικεία Διπλά,ITF مصر 12A - زنان دوجو
ATP Challenger Lille - France Men Doubles,ATP Challenger Lille - Γαλλία Άνδρες Διπλά,ATP چالشر لیل - فرانسه مردان دوجو
ITF Tunisia F16 - Men Singles,ITF Τυνησία F16 - Άνδρες Μονός,ITF تونس F16 - مردان انفرادی
ATP Challenger Monterrey - Mexico Men Double,ATP Challenger Monterrey - Μεξικό Άνδρες Διπλά,ATP چالشر مونتری - مکزیک مردان دوجو
ITF India 04A - Women Doubles,ITF Ινδία 04A - Γυναικεία Διπλά,ITF هند 04A - زنان دوجو
ITF Croatia F5 - Men Doubles,ITF Κροατία F5 - Άνδρες Διπλά,ITF کرواسی F5 - مردان دوجو
ITF USA F12 - Men Singles,ITF ΗΠΑ F12 - Άνδρες Μονός,ITF آمریکا F12 - مردان انفرادی
ITF Turkey 08A - Women Doubles,ITF Τουρκία 08A - Γυναικεία Διπλά,ITF ترکیه 08A - زنان دوجو
ITF Great Britain 05A - Women Doubles,ITF Μεγάλη Βρετανία 05A - Γυναικεία Διπλά,ITF انگلستان 05A - زنان دوجو
ATP Challenger Buenos Aires - Argentina Men Double,ATP Challenger Buenos Aires - Αργεντινή Άνδρες Διπλά,ATP چالشر بوئنس آیرس - آرژانتین مردان دوجو
WTA Dubai - UAE Women Double,WTA Dubai - ΗΑΕ Γυναικεία Διπλά,WTA دبی - امارات متحده عربی زنان دوجو
ITF Dominican Republic 02A - Women Doubles,ITF Δομινικανή Δημοκρατία 02A - Γυναικεία Διπλά,ITF دومینیکان 02A - زنان دوجو
ITF Turkey F14 - Men Singles,ITF Τουρκία F14 - Άνδρες Μονός,ITF ترکیه F14 - مردان انفرادی
WTA Charleston - USA Women Doubles,WTA Charleston - ΗΠΑ Γυναικεία Διπλά,WTA چارلستون - آمریکا زنان دوجو
ITF Spain 01A - Women Singles,ITF Ισπανία 01A - Γυναικεία Μονός,ITF اسپانیا 01A - زنان انفرادی
ITF Great Britain 07A - Women Singles,ITF Μεγάλη Βρετανία 07A - Γυναικεία Μονός,ITF انگلستان 07A - زنان انفرادی
ITF Dominican Republic 02A - Women Singles,ITF Δομινικανή Δημοκρατία 02A - Γυναικεία Μονός,ITF دومینیکان 02A - زنان انفرادی
ATP Challenger Seoul - Korea Republic Men Double,ATP Challenger Seoul - Κορέα Δημοκρατία Άνδρες Διπλά,ATP چالشر سئول - کره جنوبی مردان دوجو
ITF France 02A - Women Doubles,ITF Γαλλία 02A - Γυναικεία Διπλά,ITF فرانسه 02A - زنان دوجو
ATP Monte Carlo - Monaco Men Singles,ATP Monte Carlo - Μονάκο Άνδρες Μονός,ATP مونت کارلو - موناکو مردان انفرادی
ITF Egypt F10 - Men Doubles,ITF Αίγυπτος F10 - Άνδρες Διπλά,ITF مصر F10 - مردان دوجو
ITF Egypt F8 - Men Doubles,ITF Αίγυπτος F8 - Άνδρες Διπλά,ITF مصر F8 - مردان دوجو
ATP Challenger Roseto Degli Abruzzi - Italy Men Singles,ATP Challenger Roseto Degli Abruzzi - Ιταλία Άνδρες Μονός,ATP چالشر روزتو دگلی ابروزی - ایتالیا مردان انفرادی
ITF Japan 07A - Women Singles,ITF Ιαπωνία 07A - Γυναικεία Μονός,ITF ژاپن 07A - زنان انفرادی
ITF France 10A - Women Singles,ITF Γαλλία 10A - Γυναικεία Μονός,ITF فرانسه 10A - زنان انفرادی
ITF USA 08A - Women Singles,ITF ΗΠΑ 08A - Γυναικεία Μονός,ITF آمریکا 08A - زنان انفرادی
ITF Indonesia 02A - Women Doubles,ITF Ινδονησία 02A - Γυναικεία Διπλά,ITF اندونزی 02A - زنان دوجو
ITF Australia 04A - Women Doubles,ITF Αυστραλία 04A - Γυναικεία Διπλά,ITF استرالیا 04A - زنان دوجو
ITF Croatia F4 - Men Doubles,ITF Κροατία F4 - Άνδρες Διπλά,ITF کرواسی F4 - مردان دوجو
WTA Madrid - Spain Women Singles,WTA Madrid - Ισπανία Γυναικεία Μονός,WTA مادرید - اسپانیا زنان انفرادی
ITF Tunisia F12 Men Doubles,ITF Τουνίσι F12 Άνδρες Διπλές,ITF تونس F12 مردهای دوجو
ITF Egypt 07A - Women Singles,ITF Αίγυπτος 07A - Γυναίκες Μονός,ITF مصر 07A - زنان تک نفره
ATP Challenger Sarasota - USA Men Double,ATP Challenger Sarasota - ΗΠΑ Άνδρες Διπλό,ATP چالشر ساراسوتا - ایالات متحده مردهای دوجو
ITF Egypt 03A - Women Doubles,ITF Αίγυπτος 03A - Γυναίκες Διπλές,ITF مصر 03A - زنان دوجو
ITF USA 07A - Women Singles,ITF ΗΠΑ 07A - Γυναίκες Μονός,ITF ایالات متحده 07A - زنان تک نفره
ITF Tunisia F19 - Men Doubles,ITF Τουνίσι F19 - Άνδρες Διπλές,ITF تونس F19 - مردهای دوجو
ITF Spain F8 - Men Singles,ITF Ισπανία F8 - Άνδρες Μονός,ITF اسپانیا F8 - مردهای تک نفره
SRL Spring Invitational Qarshi - UZB,SRL Spring Invitational Qarshi - UZB,SRL بهاری Invitational قرشی - UZB
ATP Challenger Lugano - Switzerland Men Doubles,ATP Challenger Lugano - Ελβετία Άνδρες Διπλό,ATP چالشر لوگانو - سوئیس مردهای دوجو
ITF Ecuador 01A - Women Doubles,ITF Εκουαδόρ 01A - Γυναίκες Διπλές,ITF اکوادور 01A - زنان دوجو
ATP Challenger Sarasota - USA Men Singles,ATP Challenger Sarasota - ΗΠΑ Άνδρες Μονός,ATP چالشر ساراسوتا - ایالات متحده مردهای تک نفره
ITF Tunisia F5 - Men Singles,ITF Τουνίσι F5 - Άνδρες Μονός,ITF تونس F5 - مردهای تک نفره
ATP Dubai - UAE Men Singles,ATP Dubai - UAE Άνδρες Μονός,ATP دبی - امارات متحده عربی مردهای تک نفره
ITF Croatia 01A - Women Doubles,ITF Κροατία 01A - Γυναίκες Διπλές,ITF کرواسی 01A - زنان دوجو
ATP Challenger Pune - India Men Double,ATP Challenger Pune - Ινδία Άνδρες Διπλό,ATP چالشر پونه - هند مردهای دوجو
WTA Abu Dhabi - UAE Women Doubles,WTA Abu Dhabi - UAE Γυναίκες Διπλές,WTA آبو دابی - امارات متحده عربی زنان دوجو
ITF Switzerland 02A - Women Singles,ITF Ελβετία 02A - Γυναίκες Μονός,ITF سوئیس 02A - زنان تک نفره
ITF Colombia F1 - Men Doubles,ITF Κολομβία F1 - Άνδρες Διπλές,ITF کلمبیا F1 - مردهای دوجو
ITF Malaysia 01A - Women Singles,ITF Μαλαισία 01A - Γυναίκες Μονός,ITF مالزی 01A - زنان تک نفره
ITF Switzerland 01A - Women Singles,ITF Ελβετία 01A - Γυναίκες Μονός,ITF سوئیس 01A - زنان تک نفره
ITF Italy F2 - Men Singles,ITF Ιταλία F2 - Άνδρες Μονός,ITF ایتالیا F2 - مردهای تک نفره
ITF Ecuador 01A - Women Singles,ITF Εκουαδόρ 01A - Γυναίκες Μονός,ITF اکوادور 01A - زنان تک نفره
ITF Spain F5 - Men Singles,ITF Ισπανία F5 - Άνδρες Μονός,ITF اسپانیا F5 - مردهای تک نفره
ITF USA 08A - Women Doubles,ITF ΗΠΑ 08A - Γυναίκες Διπλές,ITF ایالات متحده 08A - زنان دوجو
SRL Winter Invitational Rize - TUR - Women,SRL Winter Invitational Rize - TUR - Γυναίκες,SRL زمستانی Invitational ریزه - TUR - زنان
WTA Indian Wells - USA Women Singles,WTA Indian Wells - ΗΠΑ Γυναίκες Μονός,WTA هندی ولز - ایالات متحده زنان تک نفره
ITF Egypt 02A - Women Doubles,ITF Αίγυπτος 02A - Γυναίκες Διπλές,ITF مصر 02A - زنان دوجو
ITF Argentina F2 - Men Singles,ITF Αργεντινή F2 - Άνδρες Μονός,ITF آرژانتین F2 - مردهای تک نفره
ITF Australia 07A - Women Doubles,ITF Αυστραλία 07A - Γυναίκες Διπλές,ITF استرالیا 07A - زنان دوجو
WTA 125k Reus - Spain Women Singles,WTA 125k Reus - Ισπανία Γυναίκες Μονός,WTA 125k رئوس - اسپانیا زنان تک نفره
ATP Challenger Phoenix - USA Men Double,ATP Challenger Phoenix - ΗΠΑ Άνδρες Διπλό,ATP چالشر فینیکس - ایالات متحده مردهای دوجو
ITF Tunisia 07A - Women Singles,ITF Τουνίσι 07A - Γυναίκες Μονός,ITF تونس 07A - زنان تک نفره
ITF Egypt 04A - Women Doubles,ITF Αίγυπτος 04A - Γυναίκες Διπλές,ITF مصر 04A - زنان دوجو
ITF Portugal 01A - Women Doubles,ITF Πορτογαλία 01A - Γυναίκες Διπλές,ITF پرتغال 01A - زنان دوجو
ATP Challenger Vilnius - Lithuania Men Singles,ATP Challenger Vilnius - Λιθουανία Άνδρες Μονός,ATP چالشر ویلنیوس - لتونی مردهای تک نفره
ITF Turkey F12 Men Doubles,ITF Τουρκία F12 Άνδρες Διπλές,ITF ترکیه F12 مردهای دوجو
ITF Indonesia F3 - Men Doubles,ITF Ινδονησία F3 - Άνδρες Διπλές,ITF اندونزی F3 - مردهای دوجو
ATP Challenger Cherbourg - France Men Singles,ATP Challenger Cherbourg - Γαλλία Άνδρες Μονός,ATP چالشر شربورگ - فرانسه مردهای تک نفره
ATP Challenger Cagliari - Italy Men Singles,ATP Challenger Cagliari - Ιταλία Άνδρες Μονός,ATP چالشر کالیاری - ایتالیا مردهای تک نفره
ATP Challenger Tallahassee - USA Men Singles,ATP Challenger Tallahassee - ΗΠΑ Άνδρες Μονός,ATP چالشر تالاهاسی - ایالات متحده مردهای تک نفره
ITF Tunisia 18A - Women Singles,ITF Τουνίσι 18A - Γυναίκες Μονός,ITF تونس 18A - زنان تک نفره
ITF Spain 03A - Women Doubles,ITF Ισπανία 03A - Γυναίκες Διπλές,ITF اسپانیا 03A - زنان دوجو
ITF Turkey F4 - Men Doubles,ITF Τουρκία F4 - Άνδρες Διπλές,ITF ترکیه F4 - مردهای دوجو
WTA 125 San Luis Potosi - Mexico Singles,WTA 125 San Luis Potosi - Μεξικό Μονός,WTA 125 سن لویس پوتوسی - مکزیک تک نفره
ATP Challenger Lille - France Men Singles,ATP Challenger Lille - Γαλλία Άνδρες Μονός,ATP چالشر لیل - فرانسه مردهای تک نفره
ATP Challenger San Luis Potosi - Mexico Men Double,ATP Challenger San Luis Potosi - Μεξικό Άνδρες Διπλό,ATP چالشر سن لویس پوتوسی - مکزیک مردهای دوجو
ITF Slovenia 08A - Women Doubles,ITF Σλοβενία 08A - Γυναίκες Διπλές,ITF اسلوونی 08A - زنان دوجو
ITF Australia F5 - Men Singles,ITF Αυστραλία F5 - Άνδρες Μονός,ITF استرالیا F5 - مردهای تک نفره
ATP Challenger Madrid - Spain Men Double,ATP Challenger Madrid - Ισπανία Άνδρες Διπλό,ATP چالشر مادرید - اسپانیا مردهای دوجو
ITF Japan 05A - Women Doubles,ITF Ιαπωνία 05A - Γυναίκες Διπλές,ITF ژاپن 05A - زنان دوجو
ITF Turkey 04A - Women Doubles,ITF Τουρκία 04A - Γυναίκες Διπλές,ITF ترکیه 04A - زنان دوجانبه
WTA Merida - Mexico Women Singles,WTA Merida - Μεξικό Γυναίκες Μονός,WTA مریدا - مکزیک زنان یکنفره
SRL Spring Invitational Auckland - NZL - Women,SRL Spring Invitational Αυστραλία - NZL - Γυναίκες,SRL Spring Invitational Auckland - NZL - زنان
ATP Challenger Lugano - Switzerland Men Singles,ATP Challenger Lugano - Ελβετία Άντρες Μονός,ATP Challenger Lugano - سوئیس مردان یکنفره
ITF USA F7 - Men Doubles,ITF USA F7 - Άντρες Διπλές,ITF USA F7 - مردان دوجانبه
ITF USA 10A - Women Singles,ITF USA 10A - Γυναίκες Μονός,ITF USA 10A - زنان یکنفره
ITF South Africa 01A - Women Singles,ITF Νότια Αφρική 01A - Γυναίκες Μονός,ITF South Africa 01A - زنان یکنفره
ATP Madrid - Spain Men Double,ATP Madrid - Ισπανία Άντρες Διπλές,ATP Madrid - اسپانیا مردان دوجانبه
ATP Challenger Murcia - Spain Men Double,ATP Challenger Murcia - Ισπανία Άντρες Διπλές,ATP Challenger Murcia - اسپانیا مردان دوجانبه
ITF Egypt 10A - Women Singles,ITF Αίγυπτος 10A - Γυναίκες Μονός,ITF Egypt 10A - زنان یکنفره
ATP Challenger Seoul - Korea Republic Men Singles,ATP Challenger Seoul - Κορέα Δημοκρατία Άντρες Μονός,ATP Challenger Seoul - کره جنوبی مردان یکنفره
ITF Tunisia 11A - Women Doubles,ITF Τυνησία 11A - Γυναίκες Διπλές,ITF Tunisia 11A - زنان دوجانبه
ITF Tunisia 09A - Women Singles,ITF Τυνησία 09A - Γυναίκες Μονός,ITF Tunisia 09A - زنان یکنفره
ITF Spain F8 - Men Doubles,ITF Ισπανία F8 - Άντρες Διπλές,ITF Spain F8 - مردان دوجانبه
ITF Dominican Republic F1 - Men Singles,ITF Δομινικανή Δημοκρατία F1 - Άντρες Μονός,ITF Dominican Republic F1 - مردان یکنفره
ITF Iran F1 - Men Doubles,ITF Ιράν F1 - Άντρες Διπλές,ITF Iran F1 - مردان دوجانبه
ITF Turkey F7 - Men Singles,ITF Τουρκία F7 - Άντρες Μονός,ITF Turkey F7 - مردان یکنفره
ITF Indonesia F4 - Men Singles,ITF Ινδονησία F4 - Άντρες Μονός,ITF Indonesia F4 - مردان یکنفره
SRL Winter Invitational Nova Cruz - BRA,SRL Winter Invitational Nova Cruz - BRA,SRL Winter Invitational Nova Cruz - BRA
ITF Portugal F3 - Men Singles,ITF Πορτογαλία F3 - Άντρες Μονός,ITF Portugal F3 - مردان یکنفره
ITF Great Britain 07A - Women Doubles,ITF Μεγάλη Βρετανία 07A - Γυναίκες Διπλές,ITF Great Britain 07A - زنان دوجانبه
ITF Germany F4 - Men Singles,ITF Γερμανία F4 - Άντρες Μονός,ITF Germany F4 - مردان یکنفره
ITF Slovakia 01A - Women Singles,ITF Σλοβακία 01A - Γυναίκες Μονός,ITF Slovakia 01A - زنان یکنفره
ITF USA 15A - Women Doubles,ITF USA 15A - Γυναίκες Διπλές,ITF USA 15A - زنان دوجانبه
ITF Japan F1 - Men Singles,ITF Ιαπωνία F1 - Άντρες Μονός,ITF Japan F1 - مردان یکنفره
ITF Colombia 02A - Women Singles,ITF Κολομβία 02A - Γυναίκες Μονός,ITF Colombia 02A - زنان یکنفره
ITF Georgia F1 - Men Doubles,ITF Γεωργία F1 - Άντρες Διπλές,ITF Georgia F1 - مردان دوجانبه
ITF Malaysia 02A - Women Doubles,ITF Μαλαισία 02A - Γυναίκες Διπλές,ITF Malaysia 02A - زنان دوجانبه
ITF Spain 02A - Women Doubles,ITF Ισπανία 02A - Γυναίκες Διπλές,ITF Spain 02A - زنان دوجانبه
ITF Georgia F1 - Men Singles,ITF Γεωργία F1 - Άντρες Μονός,ITF Georgia F1 - مردان یکنفره
ITF Spain 11C - Women Singles,ITF Ισπανία 11C - Γυναίκες Μονός,ITF Spain 11C - زنان یکنفره
ITF India 07A - Women Doubles,ITF Ινδία 07A - Γυναίκες Διπλές,ITF India 07A - زنان دوجانبه
ITF Argentina F2 - Men Doubles,ITF Αργεντινή F2 - Άντρες Διπλές,ITF Argentina F2 - مردان دوجانبه
ATP Challenger Tenerife 3 - Spain Men Singles,ATP Challenger Tenerife 3 - Ισπανία Άντρες Μονός,ATP Challenger Tenerife 3 - اسپانیا مردان یکنفره
ATP Challenger Chennai - India Men Singles,ATP Challenger Chennai - Ινδία Άντρες Μονός,ATP Challenger Chennai - هند مردان یکنفره
ITF Turkey 10A - Women Doubles,ITF Τουρκία 10A - Γυναίκες Διπλές,ITF Turkey 10A - زنان دوجانبه
ITF Croatia 01A - Women Singles,ITF Κροατία 01A - Γυναίκες Μονός,ITF Croatia 01A - زنان یکنفره
ATP Challenger Bengaluru - India Men Double,ATP Challenger Bengaluru - Ινδία Άντρες Διπλές,ATP Challenger Bengaluru - هند مردان دوجانبه
ITF Mexico 02A - Women Doubles,ITF Μεξικό 02A - Γυναίκες Διπλές,ITF Mexico 02A - زنان دوجانبه
ITF Turkey 17A - Women Singles,ITF Τουρκία 17A - Γυναίκες Μονός,ITF Turkey 17A - زنان یکنفره
ITF India F3 - Men Singles,ITF Ινδία F3 - Άντρες Μονός,ITF India F3 - مردان یکنفره
WTA Bogota - Colombia Women Singles,WTA Bogota - Κολομβία Γυναίκες Μονός,WTA Bogota - کلمبیا زنان یکنفره
ITF India 07A - Women Singles,ITF Ινδία 07A - Γυναίκες Μονός,ITF India 07A - زنان یکنفره
ATP Challenger Cherbourg - France Men Doubles,ATP Challenger Cherbourg - Γαλλία Άντρες Διπλές,ATP Challenger Cherbourg - فرانسه مردان دوجانبه
ITF Tunisia F7 - Men Singles,ITF Τυνησία F7 - Άντρες Μονός,ITF Tunisia F7 - مردان یکنفره
ITF Egypt 03A - Women Singles,ITF Αίγυπτος 03A - Γυναίκες Μονός,ITF Egypt 03A - زنان یکنفره
SRL Spring Invitational Kumamoto - JPN,SRL Spring Invitational Kumamoto - JPN,SRL Spring Invitational Kumamoto - JPN
ITF Tunisia F6 - Men Singles,ITF Τυνησία F6 - Άντρες Μονός,ITF Tunisia F6 - مردان یکنفره
ITF Egypt 06A - Women Doubles,ITF Αίγυπτος 06A - Γυναίκες Διπλές,ITF Egypt 06A - زنان دوجانبه
ATP Challenger Buenos Aires - Argentina Men Singles,ATP Challenger Buenos Aires - Αργεντινή Άντρες Μονός,ATP Challenger Buenos Aires - آرژانتین مردان یکنفره
ITF Argentina F1 - Men Doubles,ITF Αργεντινή F1 - Άντρες Ζευγάρια,ITF ارجنتین F1 - مردهای دوجو
ITF Czech Republic 01A - Women Singles,ITF Τσεχία 01A - Γυναίκες Μονός,ITF کشور چک 01A - زنان تک
WTA 125K Saint-Malo - France - Women Doubles,WTA 125K Saint-Malo - Γαλλία - Γυναίκες Ζευγάρια,WTA 125K Saint-Malo - فرانسه - زنان دوجو
ITF Spain F5 - Men Doubles,ITF Ισπανία F5 - Άντρες Ζευγάρια,ITF اسپانیا F5 - مردهای دوجو
ITF Tunisia 13A - Women Doubles,ITF Τυνησία 13A - Γυναίκες Ζευγάρια,ITF تونس 13A - زنان دوجو
ITF Trinidad & Tobago F1 - Men Singles,ITF Τρινιντάντ & Τομπάγκο F1 - Άντρες Μονός,ITF ترینیداد و توباگو F1 - مردهای تک
ITF Spain 09A - Women Singles,ITF Ισπανία 09A - Γυναίκες Μονός,ITF اسپانیا 09A - زنان تک
ITF Portugal F4 - Men Doubles,ITF Πορτογαλία F4 - Άντρες Ζευγάρια,ITF پرتغال F4 - مردهای دوجو
ITF USA 16A - Women Singles,ITF ΗΠΑ 16A - Γυναίκες Μονός,ITF ایالات متحده 16A - زنان تک
ITF Turkey 17A - Women Doubles,ITF Τουρκία 17A - Γυναίκες Ζευγάρια,ITF ترکیه 17A - زنان دوجو
ITF Japan 01A - Women Singles,ITF Ιαπωνία 01A - Γυναίκες Μονός,ITF ژاپن 01A - زنان تک
ITF Tunisia F10 - Men Singles,ITF Τυνησία F10 - Άντρες Μονός,ITF تونس F10 - مردهای تک
ITF Japan 06A - Women Singles,ITF Ιαπωνία 06A - Γυναίκες Μονός,ITF ژاپن 06A - زنان تک
ITF Croatia F3 - Men Singles,ITF Κροατία F3 - Άντρες Μονός,ITF کرواسی F3 - مردهای تک
ITF Australia 06A - Women Doubles,ITF Αυστραλία 06A - Γυναίκες Ζευγάρια,ITF استرالیا 06A - زنان دوجو
ITF Tunisia F18 - Men Doubles,ITF Τυνησία F18 - Άντρες Ζευγάρια,ITF تونس F18 - مردهای دوجو
ITF France F9 - Men Doubles,ITF Γαλλία F9 - Άντρες Ζευγάρια,ITF فرانسه F9 - مردهای دوجو
ITF Indonesia F5 - Men Singles,ITF Ινδονησία F5 - Άντρες Μονός,ITF اندونزی F5 - مردهای تک
ITF Australia 03A - Women Singles,ITF Αυστραλία 03A - Γυναίκες Μονός,ITF استرالیا 03A - زنان تک
ITF Ecuador 02A - Women Doubles,ITF Εκουαδόρ 02A - Γυναίκες Ζευγάρια,ITF اکوادور 02A - زنان دوجو
ITF Japan 05A - Women Singles,ITF Ιαπωνία 05A - Γυναίκες Μονός,ITF ژاپن 05A - زنان تک
ATP Challenger Florianopolis - Brazil Men Singles,ATP Challenger Florianopolis - Βραζιλία Άντρες Μονός,ATP چالنجر فلوریانوپولیس - برزیل مردهای تک
ITF Greece 01A - Women Doubles,ITF Ελλάδα 01A - Γυναίκες Ζευγάρια,ITF یونان 01A - زنان دوجو
ITF India 05A - Women Doubles,ITF Ινδία 05A - Γυναίκες Ζευγάρια,ITF هند 05A - زنان دوجو
WTA Hua Hin - Thailand Women Singles,WTA Hua Hin - Ταϊλάνδη Γυναίκες Μονός,WTA هوا هین - تایلند زنان تک
ITF Slovakia 02A - Women Doubles,ITF Σλοβακία 02A - Γυναίκες Ζευγάρια,ITF اسلواکی 02A - زنان دوجو
WTA Doha - Qatar Women Double,WTA Doha - Κατάρ Γυναίκες Διπλό,WTA دوحه - قطر زنان دوجو
ATP Dallas - USA Men Singles,ATP Dallas - ΗΠΑ Άντρες Μονός,ATP دالاس - ایالات متحده مردهای تک
Billie Jean King Cup,Billie Jean King Cup,بیلی جین کینک کپ
ITF Spain F4 - Men Singles,ITF Ισπανία F4 - Άντρες Μονός,ITF اسپانیا F4 - مردهای تک
ITF Italy 05A - Women Doubles,ITF Ιταλία 05A - Γυναίκες Ζευγάρια,ITF ایتالیا 05A - زنان دوجو
ATP Challenger Gwangju - Korea Republic Men Double,ATP Challenger Gwangju - Κορέα Δημοκρατία Άντρες Διπλό,ATP چالنجر گوانگجو - کره جمهوری مردهای دوجو
ITF Turkey F9 - Men Singles,ITF Τουρκία F9 - Άντρες Μονός,ITF ترکیه F9 - مردهای تک
ITF Egypt 08A - Women Doubles,ITF Αίγυπτος 08A - Γυναίκες Ζευγάρια,ITF مصر 08A - زنان دوجو
ITF India F4 - Men Doubles,ITF Ινδία F4 - Άντρες Ζευγάρια,ITF هند F4 - مردهای دوجو
ITF Great Britain F6 - Men Singles,ITF Μεγάλη Βρετανία F6 - Άντρες Μονός,ITF بریتانیا F6 - مردهای تک
ITF Slovenia 01A - Women Singles,ITF Σλοβενία 01A - Γυναίκες Μονός,ITF اسلووینیا 01A - زنان تک
ITF Canada F1 - Men Singles,ITF Καναδάς F1 - Άντρες Μονός,ITF کانادا F1 - مردهای تک
ITF France F4 - Men Singles,ITF Γαλλία F4 - Άντρες Μονός,ITF فرانسه F4 - مردهای تک
ATP Challenger Savannah - USA Men Singles,ATP Challenger Savannah - ΗΠΑ Άντρες Μονός,ATP چالنجر ساوانا - ایالات متحده مردهای تک
ITF Croatia F1 - Men Singles,ITF Κροατία F1 - Άντρες Μονός,ITF کرواسی F1 - مردهای تک
ITF Tunisia 05A - Women Singles,ITF Τυνησία 05A - Γυναίκες Μονός,ITF تونس 05A - زنان تک
ITF Australia F4 - Men Doubles,ITF Αυστραλία F4 - Άντρες Ζευγάρια,ITF استرالیا F4 - مردهای دوجو
ITF France 04A - Women Doubles,ITF Γαλλία 04A - Γυναίκες Ζευγάρια,ITF فرانسه 04A - زنان دوجو
ITF Tunisia F6 - Men Doubles,ITF Τυνησία F6 - Άντρες Ζευγάρια,ITF تونس F6 - مردهای دوجو
ITF USA F6 - Men Singles,ITF ΗΠΑ F6 - Άντρες Μονός,ITF ایالات متحده F6 - مردهای تک
ITF Australia F3 - Men Doubles,ITF Αυστραλία F3 - Άντρες Ζευγάρια,ITF استرالیا F3 - مردهای دوجو
ITF Spain 09A - Women Doubles,ITF Ισπανία 09A - Γυναίκες Ζευγάρια,ITF اسپانیا 09A - زنان دوجو
ATP Challenger Coquimbo - Chile Men Singles,ATP Challenger Coquimbo - Χιλή Άντρες Μονός,ATP چالنجر کوکیمبو - چلی مردهای تک
ITF USA F5 - Men Singles,ITF ΗΠΑ F5 - Άντρες Μονός,ITF ایالات متحده F5 - مردهای تک
ATP Challenger Girona - Spain Men Singles,ATP Challenger Girona - Ελλάδα Άνδρες Μονός,آزمایشگاه تی پی چالنجر گیرونا - اسپانیا مردان تک نفره
ITF Turkey F13 - Men Singles,ITF Τουρκία F13 - Άνδρες Μονός,ITF ترکیه F13 - مردان تک نفره
ITF Greece F1 - Men Doubles,ITF Ελλάδα F1 - Άνδρες Διπλό,ITF یونان F1 - مردان دو نفره
ITF Portugal 01A - Women Singles,ITF Πορτογαλία 01A - Γυναίκες Μονός,ITF پرتغال 01A - زنان تک نفره
ITF Tunisia 06A - Women Doubles,ITF Τυνησία 06A - Γυναίκες Διπλό,ITF تونس 06A - زنان دو نفره
ITF Portugal F4 - Men Singles,ITF Πορτογαλία F4 - Άνδρες Μονός,ITF پرتغال F4 - مردان تک نفره
ITF Kazakhstan 02A - Women Singles,ITF Καζακστάν 02A - Γυναίκες Μονός,ITF قزاقستان 02A - زنان تک نفره
ATP Challenger Split - Croatia Men Doubles,ATP Challenger Split - Κροατία Άνδρες Διπλό,آزمایشگاه تی پی چالنجر اسپلیت - کرواسی مردان دو نفره
ITF Indonesia 03A - Women Singles,ITF Ινδονησία 03A - Γυναίκες Μονός,ITF اندونزی 03A - زنان تک نفره
ATP Marseille - France Men Double,ATP Marseille - Γαλλία Άνδρες Διπλό,آزمایشگاه تی پی مارسیل - فرانسه مردان دو نفره
ITF Switzerland F1 - Men Doubles,ITF Ελβετία F1 - Άνδρες Διπλό,ITF سوئیس F1 - مردان دو نفره
ITF USA 17A - Women Singles,ITF ΗΠΑ 17A - Γυναίκες Μονός,ITF آمریکا 17A - زنان تک نفره
ITF Spain F10 - Men Doubles,ITF Ισπανία F10 - Άνδρες Διπλό,ITF اسپانیا F10 - مردان دو نفره
SRL Spring Invitational Dunedin - NZL - Women,SRL Άνοιξη Προσκλητήριο Dunedin - NZL - Γυναίκες,SRL دنیدین بهاری دعوتی - NZL - زنان
ATP Challenger Barletta - Italy Men Singles,ATP Challenger Barletta - Ιταλία Άνδρες Μονός,آزمایشگاه تی پی چالنجر بارلتا - ایتالیا مردان تک نفره
ITF France 05A - Women Singles,ITF Γαλλία 05A - Γυναίκες Μονός,ITF فرانسه 05A - زنان تک نفره
ITF Serbia F1 - Men Singles,ITF Σερβία F1 - Άνδρες Μονός,ITF صربستان F1 - مردان تک نفره
ITF USA F13 - Men Singles,ITF ΗΠΑ F13 - Άνδρες Μονός,ITF آمریکا F13 - مردان تک نفره
ITF Turkey 15A - Women Singles,ITF Τουρκία 15A - Γυναίκες Μονός,ITF ترکیه 15A - زنان تک نفره
ATP Challenger Sanremo - Italy Doubles,ATP Challenger Sanremo - Ιταλία Διπλό,آزمایشگاه تی پی چالنجر سانرمو - ایتالیا دو نفره
ITF Slovenia 09A - Women Singles,ITF Σλοβενία 09A - Γυναίκες Μονός,ITF اسلوونی 09A - زنان تک نفره
ATP Montpellier - France Men Double,ATP Montpellier - Γαλλία Άνδρες Διπλό,آزمایشگاه تی پی مونتپلیه - فرانسه مردان دو نفره
ITF Great Britain F7 - Men Doubles,ITF Μεγάλη Βρετανία F7 - Άνδρες Διπλό,ITF بریتانیا F7 - مردان دو نفره
ITF Egypt F10 - Men Singles,ITF Αίγυπτος F10 - Άνδρες Μονός,ITF مصر F10 - مردان تک نفره
ITF Turkey F16 - Men Doubles,ITF Τουρκία F16 - Άνδρες Διπλό,ITF ترکیه F16 - مردان دو نفره
ITF Spain 16A - Women Doubles,ITF Ισπανία 16A - Γυναίκες Διπλό,ITF اسپانیا 16A - زنان دو نفره
ITF Germany 05A - Women Doubles,ITF Γερμανία 05A - Γυναίκες Διπλό,ITF آلمان 05A - زنان دو نفره
ITF Serbia 03A - Women Singles,ITF Σερβία 03A - Γυναίκες Μονός,ITF صربستان 03A - زنان تک نفره
ITF Tunisia F22 - Men Singles,ITF Τυνησία F22 - Άνδρες Μονός,ITF تونس F22 - مردان تک نفره
ITF Mexico 03A - Women Doubles,ITF Μεξικό 03A - Γυναίκες Διπλό,ITF مکزیک 03A - زنان دو نفره
ITF Great Britain 03A - Women Doubles,ITF Μεγάλη Βρετανία 03A - Γυναίκες Διπλό,ITF بریتانیا 03A - زنان دو نفره
ITF India F1 - Men Singles,ITF Ινδία F1 - Άνδρες Μονός,ITF هند F1 - مردان تک نفره
ITF Australia F4 - Men Singles,ITF Αυστραλία F4 - Άνδρες Μονός,ITF استرالیا F4 - مردان تک نفره
ATP Challenger Madrid - Spain Men Singles,ATP Challenger Madrid - Ισπανία Άνδρες Μονός,آزمایشگاه تی پی چالنجر مادرید - اسپانیا مردان تک نفره
ITF Georgia F2 - Men Doubles,ITF Γεωργία F2 - Άνδρες Διπλό,ITF گرجستان F2 - مردان دو نفره
