"Jaruskova, Timea",Τίμεα Τζαρούσκοβα,جاروسکووا، تیمه
Fuchs L / Schaeder L,Φουχς Λ / Σαχέντερ Λ,فوش لی / شادر لی
"Schmitt, Aurelien","Σμίτ, Αυρελιέν",شمیت، آورلین
"Andrejic, Marko","Αντρεζικ, Μάρκο",آندرجیچ، مارکو
Cabrera M A / Vasser O,Καμπρέρα Μ Α / Βάσερ Ο,کابریرا ام ای / واسر او
"Niermann, Nele","Νιερμάν, Νελέ",نیرمان، نله
Back F / Otzipka J,Μπακ Φ / Οτζίπκα Τζ.,بک فی / اوتزیپکا جی
"Vorfolomeev, Ivan","Βορφολομέεβ, Ιβάν",وورفولومیوو، ایوان
"Ambler, Casey","Άμπλερ, Κέισι",امبلر، کیسی
"Aryanpour, Pooya","Αριανπούρ, Ποόγα",آریانپور، پویا
"Mireles Jimenez, Raul","Μιρέλες Τζιμένεζ, Ραούλ",میرلس جیمنز، رائول
"Pinto Goncalves, Martim","Πίντο Γκονκάλβες, Μάρτιμ",پینتو گونکالوز، مارتیم
"Porras Buezo, Valeria","Πορράς Μπουέζο, Βαλέρια",پوراس بوئزو، والریا
Abduraimova N / Wagner A,Αμπντουραίιμοβα Ν / Γκάγκερ Α,آبدورایمووا ن / واگنر، آ
"Kalyakina, Maria","Καλιάκινα, Μαρία",کالیاکینا، ماریا
Purcell M / Thompson J,Πέρσελ Μ / Τόμπσον Τζ.,پورسل م / تامپسون ج
"Bigonesse, Philippe-Elliott Spencer","Μπιγκονέσε, Φιλιπ-Έλιοτ Σπένσερ",بیگونس، پیلیپ-الیوت سپنسر
"Caldes, Jaime","Κάλντες, Τζαίμε",کالدس، جایمه
Hogue E / Lee L,Χόγκε Ε / Λι Λ,هوگ ئی / لی ل
"Luca, Alexandru","Λούκα, Αλεξάντρου",لوکا، آلکساندرو
"Fernandez, Bianca Jolie","Φερνάντεζ, Μπιάνκα Τζόλι",فرناندز، بیانکا جولی
"Cline, Leela","Κλάιν, Λίλα",کلاین، لیلا
"Samardzic, Matija","Σαμαρντζίτς, Ματίγια",ساماردزیچ، ماتیجا
"Yadav, Radhika","Γιαντάβ, Ραντίκα",یادو، رادهیکا
Kazionova E / Mikhaylova V,Καζιόνοβα Ε / Μιχαγίλοβα Β,کازیونووا ای / میخایلووا وی
"Roberts, Justin","Ρόμπερτς, Τζάστιν",رابرتس، جاستین
Gulia G / Rawat S,Γκουλία Γ / Ράγουατ Σ,گولیا جی / راوات اس
Lazaro Garcia A / Rosatello C,Λαζάρο Γκαρσία Α / Ροσατέλο Κ,لازارو گارسیا ای / روساتلو کا
Gonzales R / Lawson A,Γκονζάλες Ρ / Λόουσον Α,گونزالز ری / لاسون ای
"Summers, Matthew","Σάμμερς, Μάτθας",سامرز، متیو
"Humpfner, Kevin","Χαμπφνερ, Κηβιν",هامفنر، کیون
Dadabaev A / Ibrakhimov R,Ντανταμπαεφ Α / Ιμπραχιμοφ Ρ,دادابایو / ابراخیموف
Costoulas S / Cross K,Κοστουλας Σ / Κρος Κ,کوستوولاس / کراس
Khomutsianskaya D / Pridankina E,Χομουτσιανσκαγια Ν / Πριντανκινα Ε,خوموتسیانسکایا / پریدانکینا
"Kvitova, Petra","Κβιτοβα, Πετρα",کویتووا، پترا
"Saito, Sakura","Σαιτο, Σακουρα",سایتو، ساکورا
"Jimenez Kasintseva, Victoria","Τζιμενεζ Κασιντσεβα, Βικτορια",جیمنز کاسینتسوا، ویکتوریا
Goransson A / McLachlan B,Γκορανσσον Α / ΜακΛαχλαν Β,گورانسون / مکلاچلن
"Lehmann, Nikos","Λεχμαν, Νικος",لهمان، نیکوس
"Chaiyarin, Credit","Χαιγιαριν, Κρεδιτ",چایارین، کریدیت
Eikeri U / Rosolska A,Είκερι Ου / Ροσόλσκα Α,ایکری یو / روسولسکا ای
"Vial, Romain","Βιαλ, Ρομέν",ویال، رومین
Descotte M F / Tomic B,Ντεσκόττε Μ Φ / Τόμικ Μπ,دسکوت م ف / تومیک بی
"Leon, Ethan","Λεον, Έθαν",لئون، اتان
Mohamed H / Rakotomanga Rajaonah T S,Μοχάμεντ Χ / Ρακοτομάνγκα Ραζαόναχ Τ Σ,محمد ه / راکوتومانگا راجاوناه ت اس
Franco T / Salazar D,Φράνκο Τ / Σαλαζάρ Ντ,فرانکو تی / سالازار دی
Aparisi Gonzalez-Vallarino C / Aranzabal N,Απαρίσι Γκονζάλες-Βαλαρίνο Κ / Αρανζάμπαλ Ν,آپاریسی گونزالس-والارینو سی / آرانزابال نی
Ovcharenko O / Picchione A,Οβτσαρένκο Ο / Πιτσιόνε Α,اووچارنکو او / پیچیونه ای
Motti A / Oradini G,Μόττι Α / Οραντίνι Γ,موتی ای / اورادینی جی
"Odorizzi, Caterina","Οντορίζι, Κατερίνα",اودوریزی، کاترینا
"Ratkovic, Divna","Ρατκοβιτς, Διβνα",راتکوویچ، دیونا
Juric N / Znuderl A,Γιουριτς Ν / Ζνουντερλ Α,جوریچ ن / زنودرل ا
Saritas G / Turker M N,Σαριτας Γ / Τουρκερ Μ Ν,ساریتاس گ / تورکر م ن
Godsick N / O Hoisin O,Γκοντσικ Ν / Ο Χοισιν Ο,گادسیک ن / او هویسین او
"Maslenkova, Milana","Μασλενκοβα, Μιλανα",ماسلنکووا، میلانا
"Montes, Jimena","Μοντες, Τζιμενα",مونتس، جیمنا
"Duerst, Jenny","Ντουερστ, Τζεννυ",دورست، جنی
Lin W-D / Shiraishi H,Λιν Ο-Ντ / Σιραισι Χ,لین و-د / شیراشیسی ه
"Badman, Danielle","Μπαντμαν, Δανιελ",بادمن، دانیل
"Calzi, Raphael","Καλζι, Ραφαελ",کالزی، رافایل
"Kovapitukted, Punnin","Κοβαπίτουκτεν, Παννίν",کوواپیتوکتد، پونین
Frahn M / Lau J,Φραν Μ / Λαου Τζ,فران م / لاو جی
"Mickoska, Sara","Μίκοσκα, Σάρα",میکوسکا، سارا
"Bonet Molas, Sergi","Μπονετ Μολάς, Σεργκί",بونت مولاس، سرجی
"Singh, Jagmeet","Σίνγκ, Τζαγκμίτ",سینگ، جگمیت
Ksandinov S / Niimi K,Κσαντινόβ Σ / Νιίμι Κ,کسدینوو س / نییمی کی
"Murthy, Anya","Μάρθι, Άνια",مورتی، آنیا
Stamatova J / Wildgruber A,Σταματόβα Τζ / Βίλτγκρουμπερ Α,استاماتووا جی / ویلدگروبر آ
"Beale, Jeremy","Μπίιλ, Τζέρεμι",بیل، جرمی
Forejtek J / Kwiatkowski T,Φορεζτεκ Τζ / Κβιατκόφσκι Τ,فورجتک جی / کویاتکووسکی تی
"Pegula, Jessica (Srl)","Πεγκούλα, Τζέσικα (Σρλ)",پیگولا، جزیسا (اسآرال)
"Dong, Bohua","Ντονγκ, Μπουχάουα",دونگ، بوهوآ
"Haliak, Mikalai","Χαλιάκ, Μικάλαι",هالیاک، میکالای
"Leguizamon, Bautista","Λεγκιζάμον, Μπαουτίστα",لگویزامون، بوتیستا
"Stankovic, Anja","Στανκοβιτς, Άνια",استانکوویچ، آنجا
"Nakagawara, Rin","Νακαγκαγουάρα, Ριν",ناکاگوارا، رین
"Bettini, Filippo","Μπετίνι, Φιλίππο",بتینی، فیلیپو
Rogers A / Tjandramulia O,Ρότζερς Α / Τιαντραμουλία Ο,راجرز ا / تجاندرامولیا او
"Abildayeva, Taira","Αμπιλνταγιέβα, Ταίρα",آبیلدایوا، تایرا
"Huang, Tsung-Hao","Χουάνγκ, Τσουνγκ-Χάου",هوانگ، تسونگ-هائو
Schenekenberg G / Schiessl J E,Σενεκενμπεργκ Γ / Σιεσλ Τζ Ε,شنکنبرگ گ / شیسل جی ای
"Duda, Filip","Ντούντα, Φίλιπ",دودا، فیلیپ
Babic Z / Bergevi F,Μπάμπιτς Ζ / Μπεργκεβί Φ,بابیچ ز / برگوی ف
"Braga, Victor","Μπράγκα, Βίκτορ",براگا، ویکتور
Brady P / Jones A,Μπρέιτι Π / Τζόουνς Α,بریدی پی / جونز آ
Aranzabal M / Martinez Arjona S,Αρανζαμπάλ Μ / Μαρτίνεζ Αρχόνα Σ,آرانزابال م / مارتینز آرخونا س
"Kono, Shimon","Κόνο, Σίμον",کونو، شیمون
"Dart, Harriet","Ντάρτ, Χάριετ",دارت، هاریت
Bonaventure Y / Bronzetti L,Μποναβεντούρα Γ / Μπρονζέττι Λ,بوناونچور ی / برونزتی ل
Ferri L / Orlov A,Φέρρι Λ / Όρλοφ Α,فری ل / اورلو آ
Saigo R / Saigo Y,Σαιγκό Ρ / Σαιγκό Υ,سایگو آر / سایگو ی
van Der Hoek R / Wu F-H,φαν Ντερ Χόεκ Ρ / Γου Φ-Χ,وان در هوک آر / وو اف-اچ
Basic N / Markovski O,Μπάσικ Ν / Μαρκόβσκι Ο,بزیک ن / مارکوفسکی او
"Novak, Dennis","Νόβακ, Δένις",نوواک، دنیس
Puttergill C / Walton A,Πάτεργκιλ Κ / Γουάλτον Α,پاترگیل سی / والتون ای
"Mostallino, Francesca","Μοσταλινό, Φραντσέσκα",موستالینو، فرانسهسکا
Sidorov N / Yerdilda Y,Σιντόροφ Ν / Γιερντίλντα Υ,سیدوروف ن / یردیلدا ی
Escobar G / Hidalgo D,Έσκομπαρ Γ / Ινταλγκό Δ,اسکوبار گی / هیدالگو دی
"Govortsova, Olga","Γκοβόρτσοβα, Όλγα",گوورتسووا، اولگا
Jimenez Kasintseva V / Zarazua R,Τζιμένεζ Κασίντσεβα Β / Ζαράζουα Ρ,جیمنز کاسینتسووا و / زارازوآ ر
Panova A / Sizikova Y,Πανόβα Α / Σιζίκοβα Γ,پانووا ای / سیزیکووا یا
Bhangdia J / Fernandez Flores D,Μπανγκντία Τζ / Φερνάντεζ Φλόρες Δ,بهنگدیا جی / فرناندز فلورز دی
Ersoz V / Ostlund F,Έρσοζ Β / Όστλουντ Φ,ارسوز وی / استلوند فا
"Medvedev, Daniil","Μεντβέντεφ, Δανίιλ",مدودئووئ، دانیل
"Barlini Pischedda, Anna","Μπαρλίνι Πισσέντα, Άνα",بارلینی پیشچدا، آنا
Rajmohan N / Sadiq S,Ρατζμόχαν Ν / Σαντίκ Σ,رجموهان نی / صادیق سی
"Villard, Niels","Βιλάρντ, Νιέλς",ویلارد، نیلز
Carballes Baena R / Landaluce M,Καρμπάλες Μπαένα Ρ / Λανταλούτσε Μ,کاربالئز بانا ری / لاندالووئ ما
"Abukusumo, Abasi","Αμπουκούσομο, Αμπάσι",آبوکوسومو، آباسی
"Kravec, Vladimir","Κράβετς, Βλαντίμιρ",کراوئ، ولادیمیر
"Pobes, Eduardo","Πόμπες, Έδουαρντο",پوبز، ادواردو
Casares M E / Guerrero Barberan V,Κασάρες Μ Ε / Γκεράρο Μπαρμπεράν Β,کاسارس م ای / گراورو باربران وی
"Santos Gava, Kaua Lorenzo","Σάντος Γκάβα, Κάουα Λορέντο",سانتوس گاوا، کاوا لورنزو
Ccuno R / Iamachkine A,Κουνό Ρ / Ιαματσκίνε Α,کونو آر / ایاماچکین ای
"Schmitz, Francesco","Σμίτς, Φραντσέσκο",شمیتز، فرانسکو
Daubnerova N / Stresnakova K,Νταούμπνεροβα Ν / Στρεσνάκοβα Κ,داوبنرووا نی / استرشناکووا کا
"de Cuyper, Julien","Ντε Κούπερ, Τζουλιέν",دی کویپر، ژولین
"Ortenzi, Gian Marco","Ορτεντζί, Γκιάν Μάρκο",اورتنزی، ژان مارکو
Bhatia K / Rathi A,Μπατία Κ / Ράθι Α,بهتیا کا / راتی ای
"Vasileva, Alisa","Βασίλεβα, Άλισα",واسیلووا، آلیسا
"Guttikonda, Delisha","Γκουτικόντα, Δελίσα",گوتیکوندا، دلیشا
"Troiano, Carolina","Τροϊάνο, Καρολίνα",ترویانو، کارولینا
Cascino E / Monnet C,Καστσίνο Ε / Μοννέ Κ,کاسسینو ای / مونت سی
"Konstantinova, Yoana","Κωνσταντίνοβα, Γιόανα",کنستانتینووا، یوانا
Fomin S / Golubev D,Φόμιν Σ / Γκολούμπεφ Ντ,فومین اس / گولوبو دی
Kuzmova K / Shauha D,Κουζμόβα Κ / Σαούχα Ντ,کوزمووا کی / شاها دی
Bervid V / Smejkalova A,Μπερβίντ Β / Σμέικαλοβα Α,بروید وی / اسمجکالووا آ
"Kubanova, Karolina","Κουμπάνοβα, Καρολίνα",کوبانووا، کارولینا
Haerteis J / Schnaitter J,Χαέρτεις Τζ / Σνάιττερ Τζ,هرتیس جی / شناتر جی
"Novak, Jakub (2003)","Νόβακ, Τζακούμπ (2003)",نوواک، یاکوب (۲۰۰۳)
"Zhu, Michael","Ζου, Μάικελ",زوح، مایکل
Mihail D M / Tothova E,Μιχαήλ Δ Μ / Τοτόβα Ε,مایکل دی ام / توتووا ای
"Kovac, Jelena","Κόβακ, Ιελένα",کوواچ، جلنا
"Gurnani, Ayush","Γκουρνάνι, Άγιους",گورنانی، آیوش
"Cherepin, Artem","Χερεπίν, Αρτέμ",چرهپین، آرتم
"Stewart, Andre","Στιουάρτ, Άντρε",استوارت، اندره
"Puig Molin, David","Πουιγκ Μολίν, Δαβίδ",پویگ مولین، داوید
"Lopez, Dani","Λόπεζ, Δάνι",لوپز، دانی
Brown D / Qureshi A-U-H,Μπράουν Δ / Κουρέσι Α-Υ-Η,براون دی / کورشی اے-یو-اچ
"Arystanbekova, Asylzhan","Αριστανμπεκόβα, Ασυλζαν",آریستانبکووا، آسیلزهان
Nazarenko D / Yamaguchi A,Ναζαρένκο Ντ / Γιαμαγκούτσι Α,نازارنکو دی / یاماگوچی آ
Duncan S / Willis M,Ντάνκαν Σ / Γουίλις Μ,دانکن سی / ویلیس ام
Granwehr A / Kozakova K,Γκρανγουέρ Α / Κοζάκοβα Κ,گرانوهر آ / کوزاکووا ک
Shelton B / Vale D,Σέλτον Μπ / Βέιλ Ντ,شلتون بی / ویل دی
Cachin P / Cerundolo F,Κατσίνι Π / Τσερουντόλο Φ,کاچین پی / کروندولو ف
"Pang, Sarah","Πανγκ, Σάρα",پنگ، سارا
Gorgodze E / Shymanovich I,Γκοργκότζε Ε / Σιμανοβιτς Ι,گورگودزه ای / شیمانوویچ ای
"Sutekin, Emir","Σουτεκίν, Εμιρ",سوتکین، امیر
Kasnikowski M / Nesterov P,Κασνικόφσκι Μ / Νεστερόφ Π,کاسنیکووسکی م / نستروف پی
"Martincova, Tereza","Μαρτίντσοβα, Τερέζα",مارتینکووا، ترزا
Castagnola L / Nejedly P,Κασταγνόλα Λ / Νεϊμέντι Π,کاستانولا ل / نجدلی پی
Kalinskaya A / Vondrousova M,Καλίνσκια Α / Βοντρούσοβα Μ,کالینسکایا آ / ووندروسووا م
"Arakawa, Natsuho","Αρακάβα, Νατσούχο",آراکاوا، ناتسوهو
"Teixido Garcia, Maria Aran","Τειξίντο Γκαρσία, Μαρία Αράν",تکسیدو گارسیا، ماریا آران
Khomutsianskaya D / Kubareva A,Χομουτσιάνσκα Ντ / Κουμπάρεβα Α,خوموتسیانسکایا دی / کوباره آ
"Niimi, Koharu","Νιίμι, Κοχάρου",نییمی، کوهارو
"Nucera, Thomas","Νουκέρα, Τόμας",نوشهر، توماس
"Kawamura, Mana","Καβαμούρα, Μάνα",کاوامورا، مانا
"Dmitruk, Kristina","Ντμίτρουκ, Κριστίνα",دیمتروک، کریستینا
"Siddiqui, Amaan","Σιντικί, Αμάαν",سیدیکوی، آمان
"Khlyvniuk, Maksym","Χλυβνιούκ, Μακσίμ",خلیونیوک، ماکسیم
"Bogo, Enrique","Μπόγο, Ένρικε",بوگو، انریکه
"Krueger, Mitchell","Κρουγκερ, Μίτσελ",کروگر، میشل
"Boitsov, Ivan","Μποϊτσόφ, Ιβάν",بویتسوف، ایوان
"Asghari, Omid","Άσγκαρι, Ομίντ",اصغری، امید
"La Cagnina, Noemi","Λα Καγινά, Νοέμι",لا کانینا، نوئمی
"Baltic, Ena","Μπάλτικ, Ένα",بالتیک، اینا
Curovic T / Olianovskaia V,Κουρόβιτς Τ / Ολιανόβσκαια Β,کوروویک تی / اولیانووسکایا
Rodionova A / Shibahara E,Ροντιόνοβα Α / Σιμπαχάρα Ε,رودیونووا آ / شیباهارا ای
"Bucea, Iulia","Μπουτσέα, Ιούλια",بوچا، یولیا
Cazacu D N / Ratti L,Καζάκου Δ Ν / Ράττι Λ,کازاکو دی ان / راتی لی
Bucsa C / Danilina A,Μπούτσα Κ / Δανιλίνα Α,بوکسا سی / دانیلینا ای
"Jeong, Sunam","Τζονγκ, Σουνάμ",جونگ، سونام
Roveri Sidney G / Yamacita F,Ρόβερι Σίντνεϊ Γ / Γιαμακίτα Φ,رووری سیدنی جی / یاماکیتا اف
"Barry, Sarah","Μπάρι, Σάρα",بری، سارا
"Doberlet, Pika","Ντόμπερλετ, Πίκα",دوبرلت، پیکا
Parres Azcoitia O / Rosca I L,Πάρες Αζκοϊτιά Ο / Ρόσκα Ι Λ,پارس اسکویتیا او / روسکا ای ال
Barki N A / Geerts M,Μπάρκι Ν Α / Γκέρτς Μ,بارکی ان ای / گرتس ام
Hering K / Rajkovic A,Χέρινγκ Κ / Ράικοβιτς Α,هرینگ کا / راجکوویچ ای
Jorge F / Jorge M,Χόρτζε Φ / Χόρτζε Μ,جورج اف / جورج ام
"Gunneswaran, Prajnesh","Γκούνεσγουαραν, Πραζνες",گونیسواران، پراجنش
Mu T / Strombachs R,Μι Τ / Στρόμπαχς Ρ,مو تی / استرومبچس ری
"Farjat, Tomas","Φαρζάτ, Τόμας",فارجات، توماس
Avraam C / Pantzaris L,Αβράαμ Κ / Παντζάρης Λ,آورام سی / پانتزاریس لی
"Mdlulwa, Wozuko","Μντλουλγουά, Βόζουκο",مدلولوا، وزوکو
Anicic I / Carassai C,Ανιτσιτς Ι / Καρασάι Κ,آنیسیک آی / کاراسایی سی
"Baldisserri, Enrico","Μπαλντισερί, Ένρικο",بالدیسری، انریکو
Spiteri D / Zantedeschi A,Σπίτερι Ντ / Ζαντεντεσκί Α,اسپیتری دی / زانتدسکی آی
"Simonit, Ezequiel","Σιμόνιτ, Εζεκιέλ",سیمونیت، اسکوئیل
"Lodikova, Daria","Λόντικοβα, Δαρία",لودیکووا، داریا
Bondarenko M / Sakellaridi S,Μπονταρένκο Μ / Σακελλαρίδη Σ,بوندارنکو م / ساکلاریدی س
"Nedic, Andrej","Νέντικ, Αντρέι",ندیک، اندرئج
Failla J / Ulyashchenko A,Φάιλα Τζ / Ουλιαστσένκο Α,فایلا ج / اولیاشچنکو آ
Stefani L / Zhang S,Στέφανι Λ / Ζανγκ Σ,استفانی ل / ژانگ س
"Norrie, Cameron","Νόρι, Κάμερον",نوری، کامرون
"Herbert, Torran","Ερβερτ, Τοραν",هربرت، توران
"Stefan, Giulia Sophy","Στέφανι, Τζουλία Σόφι",استفان، گولیا سوفی
Alves C M R / Lamens S,Αλβές Σ Μ Ρ / Λαμένς Σ,الوز سی ام آر / لامنز س
"Kaparov, Arystanbek","Καπάροφ, Αριστάνμπεκ",کاپاروف، آریستانبک
"Basic, Nikola","Μπάσικ, Νικόλα",باسیک، نیکولا
Anghel D-M / Sodeyama H,Ανγκελ Ντ-Μ / Σοντεγιάμα Χ,آنگل دی-ام / سودیاما هی
"Bouchard, Eugenie","Μπουσάρ, Ευγενία",بوشار، اوژنی
Ayukawa M / Parnaby A,Αγιουκάβα Μ / Παρνάμπι Α,آیوکاوا می / پارنابی آ
Andaloro F / Picchione A,Ανταλόρο Φ / Πιτσιόνε Α,آندالورو فی / پیچیونه آ
"Nayar, Sara","Ναγιάρ, Σάρα",نایار، سارا
"Pliskova, Karolina","Πλίσκοβα, Καρολίνα",پلیسکووا، کارولینا
"Ferrando, Cristiana","Φεράντο, Κριστιάνα",فراندو، کریستیانا
MA Y / Uchijima M,ΜΑ Γ / Ουτσιτζίμα Μ,ام-ای / اوچیجیما می
"Seidman, Lev","Σάιντμαν, Λεφ",سایدمن، لو
"Buehler, Sebastian","Μπέχλερ, Σεβαστιάν",بوهلر، سباستیان
Jayachandran V / Rajan G,Τζαγιατσαντραν Β / Ρατζαν Γ,جایاچاندران وی / راجان جی
"Nestola, Fabio","Νεστόλα, Φάμπιο",نستولا، فابیو
"Chirico, Louisa","Τσιρίκο, Λουίζα",چیریکو، لوییزا
"Jecan, Mircea-Alexandru","Τζεκαν, Μιρτσέα-Αλεξάντρου",جکان، میرچئه-آلکساندرو
Cornea V V / Pel D,Κορνέα Β Β / Πελ Δ,کورنه وی وی / پل دی
"Kostka, Thomas","Κόστκα, Τόμας",کوستکا، توماس
"Modesti, Vittoria","Μοντεστί, Βιττόρια",مودستی، ویتوریا
"Andrieu, Clement","Αντριέου, Κλεμέντ",اندریو، کلمنت
Milojevic N / Silva F F,Μιλόιεβιτς Ν / Σίλβα Φ Φ,میلوجوویچ نی / سیلوا فی فی
"Mazzucchelli, Ludovica","Ματζουκέλλι, Λουντοβίκα",ماتزوچلی، لودوویکا
"Isner, John","Ίσνερ, Τζον",اسنر، جان
"Augunas, Julius","Άγκουνας, Γιούλιος",اوگوناس، یولیوس
"Korpanec Davies, Allegra","Κόρπανεκ Ντέιβις, Αλλέγκρα",کورپانک دیویس، آلگرا
Statham R / Yevseyev D,Στάθαμ Ρ / Γιεφσέεβ Ντ.,استاتهام آر / یوسیویو دی
"Aggarwal, Parth","Άγκαρουαλ, Παρθ",آگاروال، پارت
Siskova A / Timofeeva M,Σίσκοβα Α / Τιμοφέεβα Μ,سیسکووا آ / تیموفیوا م
"Chen, Kuan Yu","Τσεν, Κουάν Γιού",چن، کوان یو
Fett J / Lukas T,Φεττ Τζ / Λουκάς Τ,فت جی / لوکاس تی
"Zacarias, Marcela","Ζακαρίας, Μαρσέλα",زاکاریاس، مارسلا
"Inoue, Geni","Ίνουε, Τζένι",اینوئه، ژنی
"Firaru, Andrei","Φιραρού, Αντρέι",فیرارو، اندره
Galfi D / Kovinic D,Γκαλφι Ντ / Κοβινιτς Ντ,گالفی دی / کووینیک دی
"Krockova, Natalia","Κροκόβα, Ναταλία",کروکووا، ناتالیا
Welker E / Yamazaki I,Γουέλκερ Ε / Γιαμαζάκι Ι,ولکر ای / یامازاکی ای
"Bernet, Henry","Μπερνέτ, Χένρι",برنت، هنری
"Bertuccioli, Federico","Μπερτουτσιόλι, Φεντερίκο",برتوکیولی، فدریکو
Ramirez E / Reguer A,Ραμίρεζ Ε / Ρεγκερ Α,رامیرز ای / رگوئر ای
"Brogan, Anna","Μπρόγκαν, Άννα",بروگان، آنا
"Timini, Andreas","Τιμίνι, Ανδρέας",تیمینی، اندره
"Ivashka, Ilya (Srl)","Ιβάσκα, Ίλια (Σρλ)",ایواشکا، ایلیا (سرل)
"Ku, Yeon Woo","Κου, Γιον Οο",کو، یون وو
"Lundquist, Fredrik","Λαντκουιστ, Φρεντρικ",لوندکوست، فردریک
"Chanta, Thanapet","Τσαντα, Θαναπετ",چانتا، تاناپت
"van Orderlain, Drew","φαν Ορδερλαιν, Δροο",وان اوردرلین، درو
"Okamura, Kyoka","Οκαμουρα, Κιοκα",اوکامورا، کیوکا
"Khuda, Artem","Χουντα, Αρτεμ",خودا، ارتم
Diatlova K / Lazar S,Διατλοβα Κ / Λαζαρ Σ,دیاتلووا کی / لازار سی
Samir S / Sherif Ahmed R,Σαμιρ Σ / Σεριφ Αχμεντ Ρ,سمیر سی / شریف احمد ری
"Pieri, Jessica","Πιερι, Τζεσικα",پیری، جسیکا
"Abibsi, Mohamed Ali","Αμπιμσι, Μοχαμεντ Αλι",آبیبسی، محمد علی
Herdzelas D / Silva E,Χερντζέλας Δ / Σίλβα Ε,هردزلاس دی / سیلوا ای
Martin F / Rublev A,Μάρτιν Φ / Ρούμπλεφ Α,مارتین فی / روبلوا ای
"Plosnik, Ela","Πλοσνίκ, Έλα",پلاسنیک، ایلا
"Bini, Victor","Μπίνι, Βίκτορ",بینی، ویکتور
"Auger-Aliassime, Felix","Ογκερ-Αλιασίμε, Φέλιξ",اوگر-آلیاسیم، فلکس
"Kypson, Patrick","Κάισπον, Πάτρικ",کایپسون، پاتریک
"Donarski, Sid","Ντονάρσκι, Σιντ",دونارسکی، سید
"Shamsi, Luca","Σαμσί, Λουκά",شامسی، لوکا
Boehner L / Wirges A,Μπέχνερ Λ / Βίργκες Α,بوهنر لی / ویرگز ای
Bakshi A / Metreveli A,Μπάκσι Α / Μετρεβέλι Α,باکشی ای / مترولی ای
"Alhussein Abdel Aziz, Lamis","Αλχουσείν Αμπντελ Αζιζ, Λαμίς",الحسين عبد العزيز، لميس
"Gavrielides, Liam","Γαβριέλιδες, Λιαμ",جافريليديس، ليام
Bybel N / Kovapitukted P,Μπίμπελ Ν / Κοβαπίτουκτεδ Π,بيبل ان / كوفابيتوكتد بي
Iatcenko P / Tkacheva M,Ιατσένκο Π / Τκατσέβα Μ,ياتسينكو بي / تكاشيفا مي
Pervolarakis M / Saville L,Περβολαράκης Μ / Σάβιλλε Λ,بيرفولاراكيس مي / سافيلي لي
"Masabayashi, Tomohiro","Μασαμπαγιάσι, Τομοχίρο",ماساباياشي، توموهيرو
Alcala Gurri M / Barreto Sanchez D A,Αλκάλα Γουρρί Μ / Μπαρρέτο Σάντεζ Ντε Α,الكالا غوري مي / باريتو سانشيز دي اي
Pavlenko P / Sobbe L M,Παφλένκο Π / Σόμπε Λ Μ,بافلينكو بي / سوبي لي مي
"Tosetto, Rafael","Τοσέτο, Ραφαέλ",توسيتو، رافائيل
Ng M Y M / Vinahradava H,Νγ Μ Γ Μ / Βιναχραδάβα Χ,انج ماي ماي / فيناهرادافا هي
"Dabiri, Ashkan","Νταμπίρι, Άσκαν",دابیری، عشقان
"Brunold, Mika","Μπρούνολντ, Μίκα",برونولد، میکا
"Haviland, Ryan","Χάβιλαντ, Ράιαν",هاویلند، رایان
Kyjaci S / Lanik T,Κυτζάκι Σ / Λάνικ Τ,کیجاچی س / لانیک تی
"Nevzorova, Elizaveta","Νεβζόροβα, Ελιζαβέτα",نوزورووا، الیزاوتا
"Coppejans, Kimmer","Κοππέιανς, Κίμμερ",کوپهجانز، کیمر
Binding J / Storrie R J,Μπέστετι Γ / Βέκερλε Ρ Τ,بیندینگ جی / استوری ری جی
Bestetti G / Weckerle M,Μπεστέττι Γ / Βέκερλε Μ,بستتی جی / وکرله می
"Zack, Alian","Ζακ, Άλιαν",زاک، آلیان
Daley D / Wilson E,Ντέιλι Ντ / Γουίλσον Ε,دیلی دی / ویلسون ای
Dougaz A / Ejupovic E,Ντουγκάζ Α / Ευποβιτς Ε,دوگاز آ / ایوپوویچ ای
Chile,Χιλή,چیله
Kawakami R / Kumasaka T,Καβακάμι Ρ / Κουμασάκα Τ,کاواکامی ر / کوماساکا تی
"Sridhar, Srinidhi","Σρινιδαρ, Σρινιδχη",سریدهار، سرینیدهی
"Alves, Mateus","Αλβες, Ματευς",الوز، ماتوس
Atlangeriev B / Genov A,Ατλανγκεριεφ Β / Γκενοφ Α,اتلانگریو بی / گنوف آ
Moccia C / Shan Y,Μοκκια Κ / Σαν Υ,موکیا سی / شان ی
Claverie L / Loof T,Κλαβερι Λ / Λοοφ Τ,کلاوری ل / لوف تی
"Villacampa Goni, Inigo","Βιλακαμπα Γκονι, Ινιγκο",ویلاکامپا گونی، اینیگو
Kielan S / Pichler D,Κιελαν Σ / Πιχλερ Δ,کیلان س / پیچلر دی
"Kuparev, Anastasiya","Κουπάρεφ, Αναστασία",کوپاریوو، اناستاسیا
Charles L / Kalamaris G,Τσάρλες Λ / Καλαμάρης Γ,چارلز ایل / کالاماریس جی
Dong B / Mu T,Ντονγκ Μπ / Μου Τ,دانگ بی / مو تی
Taylor J / Wehnelt K,Τέιλορ Τζ / Βένελτ Κ,تیلور جی / ونهلت کی
Ghafghazi Bak M / Yazdani A,Γκαφγζάκι Μπακ Μ / Γιάζντανι Α,قفغزی باک می / یزدانی ای
Graovac A / Pirtac B L,Γκράοβακ Α / Πιρτάκ Β Λ,گراوواک آ / پیرتاک بی ایل
"Gallegos, Alfredo","Γκαλέγκος, Αλφρέντο",گالیگوس، آلفردو
Junge-Ilges C / Junge-Ilges E,Τζουνγκε-Ιλγκες Κ / Τζουνγκε-Ιλγκες Ε,جونگه ایلگز سی / جونگه ایلگز ای
"Sonmez, Zeynep","Σονμέζ, Ζεϊνέπ",سونمز، زینپ
"Kazionova, Ekaterina","Καζιονόβα, Εκατερίνα",کازیونووا، اکاترینا
"Vaise, Tomas","Βάιζε, Τόμας",ویز، توماس
"Kreynes, Benjamin","Κρέινες, Μπενάμιν",کراینز، بنجامین
"Niemeier, Jule (Srl)","Νιμέιερ, Γιούλ (Σρλ)",نیمایر، یول (سرل)
"Moreno de Alboran, Nicolas","Μορένο ντε Αλμπόραν, Νικόλας",مورنو د آلبوران، نیکولاس
Lopez Morillo I / Pujol Navarro B,Λόπεζ Μόριλο Ι / Πουζόλ Ναβάρο Β,لوپز موریلو ای / پوخول نوارو بی
"Platenikova, Ela","Πλατενίκοβα, Έλα",پلاتنیکووا، ایلا
Canada,Καναδάς,کانادا
"Saito, Sara","Σάιτο, Σάρα",سایتو، سارا
Chirala S R / Kodat T,Τσιράλα Σ Ρ / Κοντάτ Τ,چیرالا اس آر / کودات تی
"Johnson, Sofia","Τζόνσον, Σοφία",جانسون، سوفیا
"Rakotomanga Rajaonah, Tiantsoa Sarah","Ρακοτομάνγκα Ραζαονάχ, Τιαντσόα Σαρά",راکوتومانگا راجاوناه، تیانتسوا سارا
Bassem Sobhy M / Zakaryia F,Μπασεμ Σομπή Μ / Ζακαρία Φ,باسم سبحی ام / زکریا فا
"Biberli, Utku Kerem","Μπίμπερλι, Ουτκου Κερέμ",بیبرلی، اوتکو کرم
"Lukas, Tena","Λουκάς, Τένα",لوکاس، تنا
Ly H N / Pham M T,Λι Χ Ν / Φαμ Μ Τ,لی اچ ان / فام ام تی
Aitkulov A / Trunov I,Αιτκουλόφ Α / Τρούνοφ Ι,آیتکولوف آ / ترونوف ای
"Tumasonis, Gabriel Pascotto","Τουμασόνις, Γκαμπριέλ Πασκότο",توماسونیس، گابریل پاسکوتو
"Pavlovic, Luka","Παυλόβιτς, Λουκά",پاولوویچ، لوکا
"Bandecchi, Susan","Μπαντεκχί, Σουζάν",باندکی، سوزان
"Walter, Nadja","Γουάλτερ, Νάντζα",والتر، نادجا
"Horiuchi, Ryusuke","Χοριούτσι, Ρυούσκε",هوریوچی، ریوسوکی
Lee Y-H / Li Y-Y,Λι Γι-Χ / Λι Γι-Γι,لی ی-ه / لی ی-ی
"Marin, Diego","Μαρίν, Ντιέγκο",مارین، دیگو
"Wong, Hong Kit","Γονγκ, Χονγκ Κιτ",وونگ، هانگ کیت
Lee P-C / Tsao C Y,Λι Πι-Σι / Τσάο Κι Γι,لی پی-سی / تساؤ چی یا
"Strauch, Vincent Jonah","Στράουτς, Βίνσεντ Τζόνα",استراوچ، وینسنت جونا
Misasi G / Rossi L,Μισάσι Γι / Ρόσσι Λι,میساسی گی / روسی لی
Bouzige M / Kawachi K,Μπουζίγκε Μι / Καγοχάκι Κι,بوزیگه م / کاواچی کی
"Tauson, Clara","Τάουσον, Κλάρα",تاوسون، کلارا
"Gutierrez, Oscar Jose","Γουτιέρης, Όσκαρ Τζόζε",گوتیرز، اسکار خوزه
"Gallizio, Giorgio","Γκαλιζιό, Γιόργιο",گالیزیو، جورجو
"Nagornaia, Sofiia","Ναγκόρναια, Σοφία",ناگورنایا، سوفیا
Couto Loureiro J V / Guillen Meza A,Κουτό Λουρέιρο Γι Β / Γκιλέν Μέζα Α,کوتو لوریرو جی وی / گیوین مزا
Bejlek S / Havlickova L,Μπέιλεκ Σ / Χαφλίτσοβα Λ,بجلک س / هاولیکووا ل
"Athreya, Dhananjay","Αθρέγια, Δανανάγια",اتریا، دانانجای
Cui J / Zhang Z,Κουί Τζ / Ζανγκ Ζ,کوئی جی / زانگ زی
Dessolis B / Dessolis M,Ντεσόλις Μπ / Ντεσόλις Μ,دسولیس بی / دسولیس ام
"Gvinepadze, Ana","Γκβινεπαντζέ, Άνα",گوینپادزه، آنا
"Bulitski, Aliaksandr","Μπουλίτσκι, Αλιακσάντρ",بولیتسکی، علیاکساندر
"Sheyngezikht, Leonid","Σεϊνγκεζίκτ, Λεονίδ",شینگزیکت، لئونید
Candiotto A / Ogescu S,Κάντιοττο Α / Όγκεσκο Σ,کاندیوتو ای / اوگسکو سی
Burenina E / Nevzorova E,Μπουρενίνα Ε / Νεβζόροβα Ε,بورنینا ای / نوزوروا ای
Chiesa E / de Stefano S,Τσιέσα Ε / ντε Στεφάνο Σ,چیئزا ای / د ستفانو سی
Bathrinath L / Madan T,Μπαθρινάθ Λ / Μαντάν Τ,باترینات ل / مادان تی
Emersic Potocnik G / Kovac T,Έμερσικ Ποτοτσίνικ Γ / Κόβακ Τ,امرسیک پوتوچنیک گی / کوواچ تی
Milenkovic K / Villet M,Μιλένκοβιτς Κ / Βιλετ Μ,میلنکوویچ کی / ویلت می
"Bondar, Anna","Μπόνταρ, Άννα",بوندار، آنا
Parentini Vallega Montebruno G / Tedesco G,Παρεντίνι Βαλεγκά Μοντεμπρούνο Γ / Τεντέσκο Γ,پارنتینی واللگا مونتبرونو گی / تدسکو گی
Giron M / Lestienne C,Γκίρον Μ / Λεστιέν Κ,گیرون می / لستین چی
"Varga-Toth, Oliver","Βαργκά-Τοτ, Όλιβερ",وارگا-توت، اولیور
"Qabazard, Essa","Καμπαζάρντ, Έσα",قابضارد، اسا
"Tuyisenge, Olive","Τουισέντζε, Όλιβε",تویسنگ، اولیو
"Beaupain, Simon","Μποπέν, Σιμόν",بوپن، سیمون
"Sood, Chandril","Σουντ, Τσαντρίλ",سود، چاندریل
"Sabalenka, Aryna","Σαμπαλένκα, Άρυνα",سابالنکا، آرینا
Giron M / Wolf J J,Γκιρόν Μ / Γουλφ ΤΤ,گیرون م / ولف جی جی
"Rahman, Azad","Ραχμάν, Άζαντ",رحمان، آزاد
"Wang, Tianmei","Γουάνγκ, Τιανμέι",وانگ، تیانمی
"Karatancheva, Lia","Καραταντσέβα, Λιά",کاراتانچوا، لیا
Granollers M / Zeballos H,Γκρανόλερς Μ / Ζεμπάλος Χ,گرانولرز م / زبالوس ه
"Rankin, Matthew","Ράνκιν, Μάτθους",رنکین، متثال
"Eysseric, Jonathan","Έισερικ, Τζονάθαν",آیسریک، جاناثان
Bakshi A / Lemstra K,Μπάκσι Α / Λέμστρα Κ,باکشی ا / لمسترا کی
"Bartashevich, Yaroslava","Μπαρτασέβιτς, Γιαροσλάβα",بارتاشویچ، یاروسلاوا
"Vazquez, Candela","Βαθκέσζ, Καντέλα",واسکز، کاندلا
"Kargina, Valerija Maija","Κάργινα, Βαλερία Μάια",کارگینا، والریجا مایا
"Shapatava, Sofia","Σαπατάβα, Σοφία",شاپاتاوا، سوفیا
Andreev A / Krutykh O,Αντρέεβ Α / Κρουτίκ Ο,آندریو ا / کروتیخ او
"Jimenez, Moses","Τζιμένεζ, Μωζέζ",جیمنز، موزز
"Lajovic, Dusan","Λαγιόβιτς, Δουσάν",لاجوویک، دوثان
"Nejedly, Pavel","Νεζέντλι, Παβέλ",نجدلی، پاول
Kudermetova V / Samsonova L,Κουντερμέτοβα Β / Σαμσόνοβα Λ,کودرمتووا و / سامسونووا ل
"Li, Ann","Λι, Άν",لی، آن
"Boixader Roca, Nil","Μποιξάντερ Ρόκα, Νιλ",بویکسادر روکا، نیل
"Marmousez, Lilian","Μαρμουζέζ, Λιλιάν",مارموز، لیلیان
Casanova H / Rodriguez Taverna S,Κασανόβα Χ / Ροδρίγκεζ Ταβέρνα Σ,کاسانووا اچ / رودریگز تاورنا اس
"Marti Pujolras, Alex","Μάρτι Πουζόλρας, Αλεξ",مارتی پوجولراس، آلکس
"Hosono, Dan","Χοσόνο, Δαν",هوسونو، دان
Hosoki Y / Hsu C-Y,Χοσόκι Γ / Χσου Τσι-Γι,هوسوکی ی / اچ اسیو-ی
"Chong, Eudice Wong","Τσόνγκ, Ευντίς Γουόνγ",چونگ، اودیس وونگ
"Baranovska, Alisa","Μπαρανόφσκα, Άλισα",بارانوفسکا، آلیسا
"Williford, Kelly","Γουίλιφορντ, Κέλλυ",ویلیفورد، کلی
Labbene Y / Ouakaa A,Λαμπένε Υ / Ουακάα Α,لابنه یو/واکا، آ
Anderson R / Mateas M,Άντερσον Ρ / Ματέας Μ,آندرسون آر/ماتیاس، م
Cacic N / Nedovyesov A,Κατσίκ Ν / Νεντόβιεσοφ Α,کاچیک ن/ندویسوف، آ
Faludi V N / Jackson N,Φαλούντι Β Ν / Τζάκσον Ν,فالودی و ان/جکسون، ن
Gavrila O / Rosca I L,Γκαβρίλα Ο / Ρόσκα Ι Λ,گاوریلا او/رسکا، ای ال
Bergkvist Larsson B / Hessleryd T,Μπεργκβιστ Λάρσον Β / Χέσλερυντ Τ,برگکویست لارسون ب/هسلرید ت
Dudun I / Michocki P,Ντουντούν Ι / Μιτσόκι Π,دودون ای/میکوکی، پ
Bobrov B / Mishkin K,Μπόμπροβ Β / Μισκίν Κ,بوبروف ب/میشکین، ک
"Vos, Matthew","Βος, Μάτθου",ووس، متئو
"Teszari, Christian","Τεσζάρι, Χριστιάν",تسزاری، کریستیان
Coria F / Etcheverry T M,Κόρια Φ / Έτσεβερρυ Τ Μ,کوریا اف / اتشووری تی ام
"Navone, Mariano","Ναβόνε, Μαριάνο",ناوونه، ماریانو
"Shumsky, Anthony","Σαμσκί, Άντονι",شومسکی، آنتونی
"Lin, Li Hsin","Λιν, Λι Χσιν",لین، لی حسین
Pozzi D / Weis A,Πότζι Ντ / Γουάις Α,پوزی دی / وایس ا
"Hanesova, Lucia","Χανεσόβα, Λουσία",هانسووا، لوشیا
"Muguruza, Garbine","Μουγκουρούζα, Γκαρμπίνε",موگوروزا، گاربینه
"Bronzetti, Lucia","Μπροντζέττι, Λουσία",برونزتی، لوشیا
"Regalado Macias, Fernanda Guadalupe","Ρεγκαλάντο Μακιάς, Φερνάντα Γκουανταλούπε",رگالادو ماکیاس، فرناندا گوادالوپه
"Saar, Katriin","Σαάρ, Κατριίν",سار، کاترین
"Filar, Karol","Φιλάρ, Καρολ",فیلار، کارول
"Bazilevskiy, Vladimir","Μπαζιλεφσκι, Βλαδίμιρ",بازیلوفسکی، ولادیمیر
Altuna T / Reymond A,Άλτουνα Τ / Ρεϊμόντ Α,التونا تی / ریموند ای
"Yamaguchi, Mei","Γιαμαγκούτσι, Μέι",یاماگوچی، مهی
Koyama K / Saito R,Κογιάμα Κ / Σάιτο Ρ,کویاما کی / سایتو ری
Hou Y / Wolfschmidt A,Χου Υ / Βολφσχίνττ Α,هو یو / ولفشیدت ای
"Maric, Marko","Μάρικ, Μάρκο",ماریک، مارکو
Agostini S / Cortegiani A,Αγκοστίνι Σ / Κορτεγιάνι Α,آگوستینی سی / کورتگیانی ای
Capot Requens A / Kovkin D,Καποτ Ρεκενς Α / Κοφκιν Ντ,کاپوت ریکنز ا / کووکین د
Che Y / Radojevic A,Τσε Υ / Ραντοϊεβιτς Α,چه ی / رادوجوویچ آ
"Gales, Taylor Marie","Γκέιλς, Τέιλορ Μαρι",گیلز، تیلور ماری
Guarachi Mathison A / Vergara Rivera A,Γκουαράτσι Ματίσον Α / Βεργάρα Ριβέρα Α,گوآراچی ماتیسون ا / ورگارا ریورا آ
"Tsion, Yana","Τσιόν, Γιάνα",تسیون، یانا
Southcombe M / Temirhanov A,Σάουθκομπ Μ / Τεμιρχάνοφ Α,ساوتکومب م / تمیرهانوف آ
"Seabury, Kristen","Σίμπουρι, Κρίστεν",سیبوری، کرستن
Diez S / Vrbensky M,Ντις Σ / Βρμπένσκι Μ,دیز س / وربنسکی م
"Droguet, Titouan","Ντρογκε, Τιτουάν",دروگوت، تیتوان
Vatutin A / Voisin E,Βατουτίν Α / Βοϊσίν Ε,واتوتین آ / ووآزین ا
Bueno G / Midon L,Μπουένο Γ / Μιντόν Λ,بوئنو جی / میدون لی
Gumulya B / Zhu A,Γκουμούλγια Μπ / Ζου Α,گومولیا بی / ژوآ
"Cervino Ruiz, Celia","Κερβίνο Ρουίζ, Κέλια",سروینو رویز، سلیا
Augusto Dos Santos R / Sakamoto P,Αυγούστο Ντος Σάντος Ρ / Σακαμότο Π,آوگوستو دوس سانتوس ری / ساکاموتو پی
"Mascenikova, Diana","Μασκενικόβα, Διάνα",ماسکنیکووا، دیانا
Oliveira G / Sultanov K,Ολιβέιρα Γ / Σουλτάνοφ Κ,اولیویرا جی / سولتانوو کی
"Lu, Jing-Jing","Λου, Τζίνγκ-Τζίνγκ",لو، جینگ-جینگ
"Cury Bueres, Matheus","Κούρι Μπουέρες, Μαθέους",کوری بوئرس، ماتهوس
"Garmendia, Jesu","Γκαρμέντια, Τζέσου",گارمندیا، جسو
"Pirtac, Beatrice Laura","Πιρτάκ, Μπεατρίς Λόρα",پیرتاک، بئتریس لورا
Crimmel Z / Stojanovic L,Κρίμελ Ζ / Στόχανοβιτς Λ,کریمل زی / استوجانوویچ لی
"Dapcevic, Emil","Ντάπτσεβιτς, Έμιλ",داپچوویچ، امیل
"Poullain, Lucas","Πουλλέιν, Λουκάς",پولین، لوکاس
"Pucinelli de Almeida, Matheus","Πουτσινέλι ντε Αλμέιντα, Μαθέους",پوچینلی ده المیدا، ماتوئوس
"Massara, Antonio","Μασάρα, Αντόνιο",ماسارا، آنتونیو
"Schoofs, Bibiane","Σοφσ, Μπιμπιάνε",شوفز، بیبیانه
Raggi A / Schmidt L,Ράγκι Α / Σμίτς Λ,راگی آ / شمیت لی
"Tavarez, Junior","Ταβάρεζ, Τζουνιόρ",تاوارز، جونیور
"Papadopoulos, Theodore","Παπαδόπουλος, Θεόδωρος",پاپادوپولوس، تودور
"Lys, Eva","Λυς, Εβά",لیس، اووا
"Avramenko, Dana Daniela","Αβραμένκο, Δάνα Δανιήλ",آورامنکو، دانا دانیلا
"Nuudi, Maileen","Νούντι, Μέιλιν",نوودی، میلین
"Andreeva, Mirra","Ανδρέεβα, Μίρρα",آندریووا، میرا
Spigarelli M / Zantedeschi A,Σπιγκαρέλλι Μ / Ζαντεντεσκί Α,اسپیگارلی ام / زانتدسکی ا
Kung L / Marinkovic B,Κουνγ Λ / Μαρινκόβιτς Β,کونگ ال / مارینکوویچ ب
PoPa M S / Sezer M,ΠοΠα Μ Σ / Σεζερ Μ,پوپا ام اس / سزر م
"Gadecki, Olivia","Γκάντεσκι, Όλιβια",گادکی، اولیویا
Arneodo R / Weissborn T-S,Αρνεόντο Ρ / Βαϊσμπόρν Τ-Σ,آرنودو ر / ویسبورن تی اس
"Burstein, Maria Victoria","Μπουρστάιν, Μαρία Βικτωρία",بوراستاین، ماریا ویکتوریا
Daciek P / Vega L,Ντατσιέκ Π / Βέγκα Λ,داسیک پی / وگا ل
Butvilas E / Ferrari G,Μπουτβίλας Ε / Φεράρι Γ,کوراس اباسولو تی / شیاوتی پی
Chiesa E / Petretic L,Τσιέζα Ε / Πετρετίκ Λ,گائو، اکسین
Arango E / Herazo Gonzalez M F,Αράνγκο Ε / Εραζο Γκονζάλεζ Μ Φ,بوریو اسکوریهوئلا، ایرن
Caldes J / Francisco L,Κάλντες Τζ / Φρανσίσκο Λ,نگریتو، کریستوف
"Fonseca, Joao","Φονσέκα, Τζοάο",نستروف پی / شاریپوف م
"Cooper Kirby, Dean","Κόπερ Κίρμπι, Ντιν",راجموهان، نیدهیترا
"Pattinama Kerkhove, Lesley","Παττινάμα Κερκοβε, Λέσλεϊ",لیم، اونجی
"Iaconi, Jerome","Ιακόνι, Τζερόμ",بیتون کوزمین سی / مککورمیک تی
"Dzjachangirov, Michelle","Τζατσάνγκιροφ, Μισέλ",کوریک، بورنا
"Lofman, Aleksi","Λόφμαν, Αλεξί",بلانچ یو / کیرکوف وی
Curras Abasolo T / Schiavetti P,Κουρράς Αμπασόλο Τ / Σκιάβετι Π,یودنکو، یولیا
"Gao, Xin","Γκάο, Ξιν",پیرو سرانو، آلوارو
"Burillo Escorihuela, Irene","Μπουρίγιο Εσκοριχούελα, Ίρενε",زارمبا، مارتینا
"Negritu, Christoph","Νεγκρίτου, Χριστόφ",خورخه، ماتیلد
Nesterov P / Sharipov M,Νεστερόφ Π / Σαρίποφ Μ,میسکوویچ، دورا
"Rajmohan, Nidhitra","Ρατζμοχάν, Νιντίτρα",جانسون، استیو
"Lim, Eunji","Λιμ, Ευντζί",دیالو گی / ووکیچ آ
Bittoun Kouzmine C / Mccormick T,Μπιτούν Κουζμίνε Κ / Μακκόρμικ Τ,پاسکاؤسکاس، کریستینا
"Coric, Borna","Κόριτς, Μπόρνα",میهیل دی ام / ورنت سی
Blanch U / Kirkov V,Μπλαντ Ου / Κίρκοφ Β,ناکانیشی، سیایا
"Iudenko, Iuliia","Ιουντένκο, Ιουλία",رودیونوف، یوریج
"Peiro Serrano, Alvaro","Πέιρο Σερράνο, Άλβαρο",ایدریزوویچ ف / پوپا ام اس
"Zaremba, Martyna","Ζαρέμπα, Μαρτίνα",جیرتس ام / تراواگلیا اس
"Jorge, Matilde","Χόρτζε, Ματίλντε",روسینی، تیزیانا
"Miskovic, Dora","Μίσκοβιτς, Δώρα",دوماس تی / ماریک ام
"Johnson, Steve","Τζόνσον, Στιβ",اولیویرا ف / تاریو پونته ا
Diallo G / Vukic A,Ντιάλο Γ / Βουκίτς Α,هونتاما ام / توبلو ا
"Paskauskas, Kristina","Πάσκαουσκάς, Κριστίνα",فرناندز، لیلاه انی (اس آر ال)
Mihail D M / Vernet C,Μιχαήλ Δ Μ / Βερνέ Κ,اوتیمووا، دیا
"Nakanishi, Seiya","Νακανίσι, Σείγια",کلیمچوک، یانا
"Rodionov, Jurij","Ροδιόνοβ, Γιούρι",دومیترو، استفان ادوارد
Idrizovic F / PoPa M S,Ίντριζόβιτς Φ / Πόπα Μ Σ,کوبایاشی اچ / نایار اس
Geerts M / Travaglia S,Γκέρτς Μ / Τραβαγκλιά Σ,الده، امیلی
"Rossini, Tiziana","Ροσσίνι, Τιτσιάνα",راگوس اس ای / یاکیمووا آ
Dumas T / Maric M,Ντουμάς Τ / Μάρικ Μ,کانوو کی / لابوتکووا آ
Oliveira F / Tarrio Ponte A,Ολιβέιρα Φ / Τάριο Πόντε Α,پیتری، بنجامین
Hontama M / Tubello A,Χοντάμα Μ / Τουμπέλλο Α,ووکیک، آلکساندر
"Fernandez, Leylah Annie (Srl)","Φερνάντεζ, Λεϊλά Άνι (Σρλ)",این-البون ی / جانی آر ال
"Evtimova, Dia","Εύτιμοβα, Διά",فرارا، ویرجینیا
"Klimchuk, Yana","Κλιμτσούκ, Γιάνα",کالزی آر / سولتانوو کی
"Dumitru, Stefan Eduard","Ντουμίτρου, Στέφαν Εδουάρδου",کاپورو تابوردا م / لابرانا ف
Kobayashi H / Nayar S,Κομπαγιάσι Χ / Ναγιάρ Σ,گنگل م / نوزا پی
"Elde, Emilie","Έλντε, Εμίλι",هندل، تیم
Ragus S I / Yakimova A,Ράγκους Σ Ι / Γιακιμόβα Α,هرینگ، کاتارینا
Kanev K / Laboutkova A,Κανέβ Κ / Λαμπουτκόβα Α,روسول، لوکاس
"Pietri, Benjamin","Πιετρί, Μπενζαμίν",دومینکو اس / رولا بی
"Vukic, Aleksandar","Βουκίτς, Αλεξανδράρ",مونار، جاوم
In-Albon Y / Jani R L,Ίν-Άλμπον Υ / Τζάνι Ρ Λ,برادی پی / وندلکن هارولد
"Ferrara, Virginia","Φεράρα, Βιρτζίνια",هندرسون، راسل
Calzi R / Sultanov K,Καλζί Ρ / Σουλτάνοφ Κ,کوبلر جی / پیرز جی
Capurro Taborda M / Labrana F,Καπούρο Ταμπόρντα Μ / Λαμπράνα Φ,چیدخ چ / کوئلوو ف
Gengel M / Nouza P,Γκένγκελ Μ / Νουζα Π,یورداشه، آلکساندرا
"Handel, Tim","Χάντελ, Τιμ",کولمان ده فریتاس، انزو
"Hering, Katharina","Χέρινγκ, Καταρίνα",روشا، هنریکه
"Rosol, Lukas","Ρόσολ, Λουκάς",پروتیک زاکلج، جاکا
Dominko S / Rola B,Ντομίνκο Σ / Ρόλα Μπ,کامیلری ل / دگلوو تی
"Munar, Jaume","Μουνάρ, Τζάουμε",دورست جی / پاپاداکیس لی
Brady P / Wendelken H,Μπράντυ Π / Γουέντελκεν Χ,کالاماریس جی / سیسوئووا می
"Henderson, Russell","Χέντερσον, Ράσελ",استونز لی / واگنر آ
Kubler J / Peers J,Κούμπλερ Τζ / Πιέρς Τζ,بان، اوان کارلو
Chidekh C / Coelho F,Χιντεκ Κ / Κοέλο Φ,ولاسکز، خوان داوید
"Iordache, Alexandra","Ιορντάκε, Αλεξάνδρα",آن ای / برنالز جی
"Kohlmann de Freitas, Enzo","Κολμάν ντε Φρειτάς, Ένζο",آریفولینا ای / چارینتسوا دی
"Rocha, Henrique","Ρόχα, Ενρίκε",پاچکو مندز، رودریگو
"Protic Zakelj, Jaka","Πρότικ Ζακελί, Τζάκα",ماتوسویچ، آنتون
Cammilleri L / Degelow T,Καμιλλερί Λ / Ντεγκελό Τ,پانو، کیرانپال
Duerst J / Papadakis L,Ντουέρστ Τζ / Παπαδάκης Λ,خوان مانو، آلخاندرو
Kalamaris G / Sysoeva M,Καλαμάρις Γ / Συσοέβα Μ,فیرکلاف ایل / گادکسکی او
Stevens L / Wagner A,Στέβενς Λ / Βάγκνερ Α,درنیکوویچ، ریا
"Ban, Ivan Karlo","Μπάν, Ιβάν Κάρλο",ویدنمان، لوکا
"Velasquez, Juan David","Βελασκέζ, Χουάν Νταβίδ",رحیمی، فرشاد
Ahn A / Bernales J,Άν Α / Μπερνάλες Τζ,شیمانوویچ ای / یاشینا ای
Arifullina A / Charintceva D,Άριφουλινα Α / Τσαριντσέβα Δ,رادیسیک نی / وورت تی
"Pacheco Mendez, Rodrigo","Πατσέκο Μέντεζ, Ροδρίγκο",فرح ری / ملو ام
"Matusevich, Anton","Ματουσέβιτς, Αντόν",گلاتچ، آلکسا
"Pannu, Kiranpal","Πάνου, Κιρανπάλ",وارگووا، نینا
"Juan Mano, Alejandro","Χουάν Μάνο, Αλεξάντρο",چیلیچ، مارین (اس آر ال)
Fairclough L / Gadecki O,Φέιρκλου Λ / Γκαντέτσκι Ο,رویز، امیلس لوخان
"Dernikovic, Ria","Ντερνικόβιτς, Ριά",آروتیونیان ای / لوماکین گی
"Wiedenmann, Luca","Βιενεμάν, Λουκά",کوپر او / دیویس فی
"Rahimi, Farshad","Ραχίμι, Φαρσάντ",گرا، باتیسته
Shymanovich I / Yashina E,Σιμανοβιτς Ι / Γιασίνα Ε,جازیری M / زید M S
Radisic N / Wurth T,Ραντίσικ Ν / Βουρτ Τ,وارد، امت
Farah R / Melo M,Φαρά Ρ / Μέλο Μ,آلوارز، آلکس
"Glatch, Alexa","Γκλατς, Αλέξα",آندرئسکو، استفان آدریان
"Vargova, Nina","Βαργκόβα, Νίνα",سوسانتو A / سوسانتو D A
"Cilic, Marin (Srl)","Τσίλικ, Μαρίν (Σρλ)",سامسون، آرون پل
"Ruiz, Emilse Lujan","Ρουίζ, Έμιλσε Λουζάν",سامارزیک S / استوجانوویچ L
Arutiunian E / Lomakin G,Αρουτιούνιαν Ε / Λομακίν Γ,کوپفر، دومینیک
Cooper O / Davies F,Κούπερ Ο / Δέιβις Φ,آندرئسکو، بیانکا
"Guerra, Batiste","Γκερά, Μπατίστε",اوز، ایپک
Jaziri M / Zayid M S,Τζαζίρι Μ / Ζαγιδ Μ Σ,چانگ اچ / سانچز پالائو ای اس
"Ward, Emmett","Γουάρντ, Έμμετ",برانکاچیو، رائول
"Alvarez, Alex","Αλβαρέζο, Αλεξ",کمپن م / مینن گ
"Andreescu, Stefan Adrian","Αντρεσκού, Στεφάν Αδριαν",مایرز، موران
Susanto A / Susanto D A,Σουσάντο Α / Σουσάντο Ντ Α,ریندرکنچ، آرتور (سرل)
"Samson, Aron Paul","Σάμσον, Άρον Πουλ",سون، توبیاس
Samardzic S / Stojanovic L,Σαμαρτζίκ Σ / Στοϊανοβιτς Λ,ناف کی / ویکمایر ی
"Koepfer, Dominik","Κεόπφερ, Δομίνικ",سیبالد، هیلی
"Andreescu, Bianca","Αντρεσκού, Μπιάνκα",هابگارسکی کی / زبالوس ملگار ن
"Oz, Ipek","Όζ, Ίπεκ",کاسو، آلفردو
Chang H / Sanchez Palau A S,Τσανγκ Χ / Σάντσεζ Παλάου Α Ες,کوراموچی، میهو
"Brancaccio, Raul","Μπραντάκιο, Ράουλ",کودزووا، کلارا
Kempen M / Minnen G,Κέμπεν Μ / Μίννεν Γ,والز ابریل، آرناو
"Meyers, Morane","Μάιερς, Μοράν",کاواگوچی نی / لی پی-سی
"Rinderknech, Arthur (Srl)","Ριντερκνέχ, Άρθουρ (Εσ.Ρ.Λ.)",لی، یا-حسوان
"Sonne, Tobias","Σόννε, Τόμας",روخاس پدرون، گیلرمو
Naef C / Wickmayer Y,Ναεφ Κ / Γουίκμαγιερ Γι,آکینبیی، نیفمی
"Sibbald, Hayley","Σίμπαλντ, Χέιλεϊ",آنی جی / چانگ های
Hobgarski K / Zeballos Melgar N,Χόμπγκαρσκι Κ / Ζεμπάλος Μελγκάρ Ν,دتیوک آ / کولودزیجووا می
"Casso, Alfredo","Κάσσο, Αλφρέντο",شیخ، محمد افتخار
"Kuramochi, Miho","Κουραμότσι, Μίχο",کوبکا ام / کولامبایوا زی
"Kodesova, Klara","Κόντεσόβα, Κλάρα",مارچ ای سی / پرز بی
"Valls Abril, Arnau","Βάλς Άμπριλ, Άρναου",روگری، جنیفر
Kawaguchi N / Lee P-C,Καβαγούτσι Ν / Λι Πι-Τσι,ماتسودا ام / یامازاکی ای
"Lee, Ya-Hsuan","Λι, Για-Χουάν",سلطانووا، دیلارا
"Rojas Pedron, Guillermo","Ρόχας Πεντρόν, Γκιλερμό",گوپتا، واشو
"Akinbiyi, Nifemi","Ακινμπίγι, Νιφέμι",کیچنوک نی / زیمرمن کارل
Aney J / Chang H,Άνεϊ Τζι / Τσάνγκ Χου,بائز، سباستیان
Detiuc A / Kolodziejova M,Ντετιούκ Α / Κολοντζιέβα Μ,چونگ ای دبلیو / تیخونووا ای
"Sheikh, Mohammed Iftikhar","Σειχ, Μοχαμμάντ Ιφτικάρ",کالاشنیکوفا او / پیتر کی
Kubka M / Kulambayeva Z,Κούμπκα Μ / Κουλαμπαγιέβα Ζ,مو، تائو
March A C / Perez B,Μάρτς Α Κ / Πέρεζ Β,کناف آ / رودش کی
"Ruggeri, Jennifer","Ρουγκέρι, Τζένιφερ",مارتینز مارتینز، خورخه
Matsuda M / Yamazaki I,Ματσούντα Μ / Γιαμαζάκι Ι,اولیور سانچز م / پانتلیک سی
"Sultanova, Dilara","Σουλτάνοβα, Διλάρα",فالکنبرگ، گیل
"Gupta, Vashu","Γκούπτα, Βάσου",برنگل، مدیسون (سرل)
Kichenok N / Zimmermann K,Κιτσενόκ Ν / Ζίμερμαν Κ,پارک، سوهیون
"Baez, Sebastian","Μπαέζ, Σεβαστιάν",آهتی، وسا
Chong E W / Tikhonova A,Τσόνγκ Ε Γου / Τιχονόβα Α,چیلاکالاپودی اس اس / ویلیام تی
Kalashnikova O / Piter K,Καλασνικόβα Ο / Πίτερ Κ,ییپ، وانلی
"Mu, Tao","Μου, Τάο",لوپز او / زونارو ای
Knaff A / Rodesch C,Κναφ Α / Ροντεσχ Κ,لوج، جک
"Martinez Martinez, Jorge","Μαρτίνεζ Μαρτίνεζ, Χόρτζε",هایده، گواستو
Oliver Sanchez M / Pantelic S,Ολίβερ Σάντσεζ Μ / Παντελίκ Σ,اسپوستی، ایلاریا
"Falkenberg, Gail","Φάλκενμπεργκ, Γκαίλ",کالزی آر / اورارد جی
"Brengle, Madison (Srl)","Μπρένγκλε, Μάδισον (Σρλ)",ایستومین دی / کارلووسکی ای
"Park, Sohyun","Παρκ, Σοχουν",برتوچیولی ف / فورتی ف
"Ahti, Vesa","Αχτί, Βέσα",واواسوری، آندره
Chilakalapudi S S / William T,Χιλακαλαπούδι Σ Σ / Γουίλιαμ Τ,سانچز مولانو، سارا سوفیا
"Yip, Wanli","Γιπ, Γουάνλι",راموس، اودیساس
Lopez O / Zvonaru I,Λόπεζ Ο / Ζβόναρου Ι,تالیک زد-زد / ووجیک س
"Loge, Jack","Λόγκε, Τζακ",چن، شوچی
"Heide, Gustavo","Χάιντε, Γκουστάβο",پارس آزکویتیا، اولگا
"Sposetti, Ilaria","Σποσέττι, Ιλάρια",آیتکولوو آ / مولنوو ت
Calzi R / Evrard J,Κάλτσι Ρ / Εβραρντ Τζ.,اسویگو، ویتنی
Istomin D / Karlovskiy E,Ιστόμιν Ντ / Καρλόφσκι Ε.,کارنوواله-مینو، توماسو
Bertuccioli F / Forti F,Μπερτουτσιόλι Φ / Φόρτι Φ.,آپلتون ای / لوهاف ج
"Vavassori, Andrea","Βαβασόρι, Ανδρέα",مورنو ده آلبوران ن / اوچییاما ی
"Sanchez Molano, Sara Sofia","Σάντσεζ Μολάνο, Σαρά Σοφία",هاوس ام / پیرلئونی ج
"Rammos, Odysseas","Ράμμος, Οδυσσέας",کلارک، جی
Talic Z-Z / Vujic S,Τάλικ Ζ-Ζ / Βουζίκ Σ,فیگورئوآ، جولیانا
"Chen, Shuchi","Τσεν, Σούτσι",پاپاداکیس، لنا
"Parres Azcoitia, Olga","Πάρες Αζκοϊτία, Όλγα",مارتینز، لوروی
Aitkulov A / Maulenov T,Αϊτκούλοφ Α / Μαουλένοφ Τ,بروم سی / ماتوزویچ آ
"Osuigwe, Whitney","Οσουίγγουε, Γουίτνεϊ",بورژس نی / گورانسون آ
"Carnevale-Miino, Tommaso","Καρνεβάλε-Μιίνο, Τομμάσο",ایسوارامورتی آ / ایتو آ
Appleton E / Lohoff J,Άππλετον Ε / Λοχόφ Τζ,کالدز جی / میسلی م
Moreno de Alboran N / Uchiyama Y,Μορένο ντε Αλμπόραν Ν / Ουτσιγιάμα Γι,کوواچوویچ، ماریا
Howse M / Pierleoni J,Χάουζ Μ / Πιερλεόνι Τζ,آنتونوپولوس سی / اسکوریلاس آ
"Clarke, Jay","Κλαρκ, Τζεη",رود، کاسپر
"Figueroa Teusa, Juliana","Φιγουέροα Τεούσα, Τζουλιάνα",گیگانته ام / ماسترلی ف
"Papadakis, Lena","Παπαδάκης, Λένα",کونگ ال / پارک اس
"Martinez, Louroi","Μαρτίνεζ, Λουρόι",لیبرمن س / اسپوستی ای
Broom C / Matusevich A,Μπρουμ Σι / Ματουσέβιτς Α,شاه، آریان
Borges N / Goransson A,Μποργκες Νι / Γκοράνσον Α,رامش، پرکشا
Easwaramurthi A / Ito A,Εασουαραμουρθί Α / Ίτο Α,روویرا آلیر، جانا
Caldes J / Miceli M,Καλντες Τζι / Μιτσέλι Μ,سرانو، لوشیا گابریلا
"Kovacevic, Maria","Κοβατσέβιτς, Μαρία",اوکامپوس-راسی، نیکولاس
Antonopoulos C / Skorilas A,Αντωνόπουλος Σι / Σκορίλας Α,جونز بی / استرومبچس ر
"Ruud, Casper","Ρουντ, Κάσπερ",زوکا، بئاتریس
Gigante M / Maestrelli F,Γκιγάντε Μ / Μαεστρέλλι Φ,آلونسو ابریل، ساندرا
Kung L / Park S,Κουνγκ Λ / Παρκ Σ,آنیل سی / اکشیباروا وی
Lieberman S / Sposetti I,Λιμπερμάν Σ / Σποσέττι Ι,مککورمیک تی / ووجیک جی
"Shah, Aryan","Σαχ, Άριαν",دی گیرولامی تی / رادووانوووچ نی
"Ramesh, Preksha","Ραμεση, Πρεκσά",نگویتسکو، اوانا آلکساندرا
"Rovira Alier, Jana","Ροβίρα Αλιέρ, Τζάνα",کراجینوویچ، فیلیپ (سرل)
"Serrano, Lucia Gabriela","Σερανό, Λουσία Γκαμπριέλα",والدز، روخانا
"Ocampos-Rossi, Nicolas","Οκάμπος-Ρόσι, Νικόλας",ماتوولا می / واسیلسکو ای جی
Jones B / Strombachs R,Τζόουνς Β / Στρόμπαχς Ρ,ایتو آر / سوگیاما یی
"Zucca, Beatrice","Ζουκα, Μπεατρίκε",اوگاتا، هاین
"Alonso Abril, Sandra","Αλόνσο Αμπρίλ, Σάντρα",پالیکووا، باربورا
Anil C / Ekshibarova V,Άνιλ Κ / Εκσημπαρόβα Β,گریگوراس پی / میخایل دی ام
Mccormick T / Wojcik J,ΜακΚορμίκ Τ / Βοϊτσίκ Τζ,سیتون، ناتان
Di Girolami T / Radovanovic N,Ντι Γκιρόλαμι Τ / Ραντοβανόβιτς Ν,شمیدت، لارا
"Negoitescu, Ioana Alexandra","Νεγκοϊτεσκού, Ιωάννα Αλεξάνδρα",بایرلووا ام / کونو ری
"Krajinovic, Filip (Srl)","Κρατζινόβιτς, Φίλιππος (Σρλ)",شی اچ / خون فای یو
"Valdez, Roxana","Βαλντέζ, Ροξάνα",میلمن، جان
Matoula M / Vasilescu A G,Ματούλα Μ / Βασιλέσκου Α Γ,کوزوهارا، برونو
Ito R / Sugiyama Y,Ίτο Ρ / Σουγιγιάμα Γι,اوبریوت ای / اسکالیا ام
"Ogata, Haine","Όγκατα, Χάινε",بجلک، سارا
"Palicova, Barbora","Παλιτσόβα, Μπάρμπορα",آرانزابال، میکل
Grigoras P / Mihail D M,Γκριγκόρας Π / Μιχαήλ Δ Μ,لیو یو / رن یو
"Seateun, Nathan","Σιέτουν, Ναθάν",ولکه، تریستان
"Schmidt, Lara","Σμίτ, Λάρα",تکسیدو گارسیا ام ای / ووگ م
Bayerlova M / Ccuno R,Μπάγερλοβα Μ / Τσούνο Ρ,ریبیرو لاگو، الیو جوز
Shi H / Xun F Y,Σι Χ / Ξουν Φ Γ,باگربش، الیزابت کاپاری
"Millman, John","Μίλμαν, Τζον",موستافین، سامات
"Kuzuhara, Bruno","Κουζουχάρα, Μπρούνο",ناگی، آدرین
Aubriot A / Scaglia M,Ομπριό Α / Σκάγκλια Μ,ایلهان، مارسل
"Bejlek, Sara","Μπέζλεκ, Σάρα",کومار پی / نف ف
"Aranzabal, Mikel","Αρανζαμπάλ, Μικέλ",پریهودکو، اولگ
Liu Y / Ren Y,Λιου Υ / Ρεν Υ,کابرال اف / زبالوس اچ
"Wolke, Tristan","Βολκε, Τριστάν",فیکوویچ جی / مجیا ن
Teixido Garcia M A / Woog M,Τειξιντο Γκαρσία Μ Α / Βοογκ Μ,برتراند ری / دانسکی ای
"Ribeiro Lago, Elio Jose","Ριμπέιρο Λάγκο, Ελιό Ιωσηφ",برون، لوسی
"Bagerbaseh, Elizabeth Kapari","Μπαγκερμπασέ, Ελιζάμπεθ Καπάρι",بارتیو سانچز دی ای / مانزانرا پرتوسا
"Mustafin, Samat","Μουσταφίν, Σαμάτ",فاتیک، نرمان
"Nagy, Adrienn","Νάγκι, Αντριέν",لی ی-ی / اوکوواکی ری
"Ilhan, Marsel","Ιλχάν, Μαρσελ",بهاتیا کی / اوبووجا ری
Kumar P / Neff A,Κουμάρ Π / Νεφ Α,لاریا سیکو م / رویز جی
"Prihodko, Oleg","Πριχόντκο, Ολέγκ",بارانوفسکا آ / میکیتین ی
Cabral F / Zeballos H,Καμπράλ Φ / Ζεμπάλος Χ,هابیب، هادی
Ficovich J / Mejia N,Φιτσόβιτς Τζ / Μεχία Ν,بارنا، آلکس
Bertrand R / Donski A,Μπερτράντ Ρ / Ντόνσκι Α,لاک، بنجامین
"Brun, Lucie","Μπρουν, Λουσί",وربین، پاول
Barreto Sanchez D A / Manzanera Pertusa A,Μπαρρέτο Σάντες Ντε Α / Μανζανέρα Περτούσα Α,دودون ای / پودوروژنی آ
"Fatic, Nerman","Φάτικ, Νερμάν",لهکا، جیری (سرل)
Li Y-Y / Okuwaki R,Λι Υ-Υ / Οκουβάκι Ρ,پاپادوپولوس، ساوواس
Bhatia K / Uboveja R,Μπατία Κ / Ουμποβέζα Ρ,براکت، استیلز
Larrea Sicco M / Ruiz J,Λαρρέα Σίκκο Μ / Ρουίζ Τζέι,آبیبسی ام ای / هرمسی آر
Baranovska A / Mykytyn Y,Μπαρανόφσκα Α / Μυκυτίν Γιάννη,شیسل جی ای / زانلاتو نی
"Habib, Hady","Χάμπιμπ, Χάντι",مارتی، خاوار
"Barrena, Alex","Μπαρρένα, Αλέξ",برزو آ / گراواک آ
"Lock, Benjamin","Λοκ, Μπέντζαμιν",واسر آ / ویتونتین لی
"Verbin, Pavel","Βέρμπιν, Παβέλ",گتوارت ف / پوپسکو آ
Dudun I / Podorozhnyi A,Ντουντούν Ι / Ποδορόζνυ Α,پارکز، آلیسیا
"Lehecka, Jiri (Srl)","Λεχέκα, Τζίρι (Srl)",مادان تی / قمر فا
"Papadopoulos, Savvas","Παπαδόπουλος, Σάββας",سینکلایر سی / والتون آ
"Brockett, Stiles","Μπρόκετ, Στάιλς",کیم، یانگ سئوک
Abibsi M A / Hermassi R,Αμπίμπσι Μ Α / Χερμάσσι Ρ,سیروواتسکی، اولگ
Schiessl J E / Zanellato N,Σάισλ Τζ Ε / Ζανελατό Ν,گوپتا، آنند پراکاش
"Marti, Javier","Μάρτι, Χαβιέρ",حسن، بنجامین
Berezov A / Graovac A,Μπερεζόβ Α / Γκραοβάκ Α,کلاسن ا / استور ج ا ا اس
Vasser O / Vithoontien L,Βάσερ Ο / Βιθουντιέν Λ,شینیکووا، ایزابلا
Gettwart F / Popescu A,Γκετβάρτ Φ / Ποπέσκου Α,براؤن پ / لوفمن آ
"Parks, Alycia","Παρκς, Άλισια",لابوکاس، ماتئو
Madan T / Qamar F,Μαντάν Τ / Καμάρ Φ,لوپز، نوح
Sinclair C / Walton A,Σίνκλερ Κ / Γουόλτον Α,کریستی ف / کولینز آ
"Kim, Young Seok","Κιμ, Γιονγκ Σεοκ",کوسانین، ناتاسا
"Syrovatskiy, Oleg","Συροβάτσκι, Ολέγκ",آلسون، بروکلین
"Gupta, Anand Prakash","Γκούπτα, Άναντ Πράκας",پوزی، والنتینو
"Hassan, Benjamin","Χασάν, Μπέντζαμιν",کروکووا ن / اسمیتکووا تی
Klasen A / Steur J L S,Κλασέν Α / Στευρ Τζ Λ Σ,برتولا آر / دالا والی ای
"Shinikova, Isabella","Σινικόβα, Ισαβέλλα",ماتسودا آر / سوئوکا یا
Brown P / Lofman A,Μπράουν Π / Λόφμαν Α,کسرنی، کلمنس
"Labuckas, Mateo","Λαμπούκας, Ματέο",یو ام / جانگ جی
"Lopez, Noah","Λόπεζ, Νόα",گونزالز فرناندز م / ووجچیک جی
Christie F / Collins A,Κρίστι Φ / Κόλινς Α,تاریو پونته، آندر
"Kosanin, Natasa","Κοσάνιν, Νατάσα",لی، هوانگ نام
"Olson, Brooklyn","Όλσον, Μπρούκλιν",فوساتی سی ای / اسپزیالی ف
"Pozzi, Valentino","Πότσι, Βαλεντίνο",روز، مدیسون
Krockova N / Smitkova T,Κροκόβα Ν / Σμίτκοβα Τ,سولووئی، مارفا
Bertola R / Dalla Valle E,Μπερτόλα Ρ / Δάλα Βάλε Ε,الوک، ران
Matsuda R / Sueoka Y,Ματσούντα Ρ / Σουέοκα Γι,موزیتلی، فرانسوا
"Cserni, Clemens","Κσερνί, Κλέμενς",تورکر، مرت ناتشی
Yeo M / Zhang J,Γιο Μ / Ζάνγκ Τζ,ریورا، هادسون
Gonzalez Fernandez M / Wojcik J,Γκονζάλεζ Φερνάνδεζ Μ / Βοϊτσίκ Τζ,مانافوف و / مارتوس گورنس
"Tarrio Ponte, Ander","Τάριο Πόντε, Άντερ",هیدالگو د / ریس ه
"Ly, Hoang Nam","Λι, Χοάνγ Ναμ",پارکر، آلکساندر کارلوس
Fossati C A / Speziali F,Φοσσάτι Κ Ε / Σπεζιάλι Φ,کوزاروف، کاتارینا
"Rose, Madison","Ρόουζ, Μάδισον",د زیو، جوی
"Solovei, Marfa","Σολοβέι, Μάρφα",لی، گابریلا
"Ellouck, Ron","Ελούκ, Ρον",خوئبلال ای / واسمان
"Musitelli, Francois","Μουζιτέλι, Φρανσουά",اینوئه، هینا
"Turker, Mert Naci","Τούρκερ, Μερτ Νάτσι",اتریا دی / سخار پی
"Rivera, Hudson ","Ριβέρα, Χάντσον",هیندووا دی / توت آ کی
Manafov V / Martos Gornes S,Μανάφοφ Β / Μάρτος Γκόρνες Σ,پریرا دوس سانتوس، کاوا امانوئل
Hidalgo D / Reese H,Χιντάλγκο Ντ / Ρίζ Χ,ایتو، تاتسوما
"Parker, Alexander Carlos","Πάρκερ, Αλεξάντερ Κάρλος",ککز دی / میلانوویچ لی
"Kozarov, Katarina","Κοζάροφ, Καταρίνα",الحراسي آي / زايد ام اس
"de Zeeuw, Joy","Ντε Ζέευ, Τζοϊ",كوباياشي هاي / أوزيكي ماي
"Lee, Gabriela","Λι, Γκαμπριέλα",لاما، غونزالو
Khoeblal E / Wassermann D,Χοέμπλαλ Ε / Βασερμάνν,جاكيش، ليا
"Inoue, Hina","Ίνουε, Χίνα",ميدون، لاوتارو
Athreya D / Sekhar P,Αθρέγα Δ / Σεκάρ Π,شلباك آ / ويكرلي ماي
Hindova D / Toth A K,Χίντοβα Δ / Τοτ Α Κ,أوزيلو، ساشا
"Pereira Dos Santos, Kaua Emanuel","Περέιρα Δος Σάντος, Κάουα Εμανουέλ",شازال، ماكسيم
"Ito, Tatsuma","Ίτο, Τατσούμα",سوسانتو، دافيد أغونغ
Kekez D / Milanovic L,Κεκεζ Δ / Μιλανόβιτς Λ,برين، ساويرسي
Alharrasi I / Zayed M S,Αλχαράσι Ι / Ζαγέντ Μ Σ,گولوبیچ و / نیکولسو م
Kobayashi H / Ozeki M,Κομπαγιάσι Χ / Οζέκι Μ,دانیلینا آ / کیچنوک ل
"Lama, Gonzalo","Λάμα, Γκονζάλο",تومباس کاجو ک / وولجاوچ آ
"Jakic, Lea","Τζάκικ, Λέα",اینوئه گ / نیشیواکی ک
"Midon, Lautaro","Μιντόν, Λαουτάρο",مازونی ا / مازونی ج
Chlpac A / Weckerle M,Χλπατς Α / Βέκερλε Μ,چسچی گ / راجی آ
"Ouzilou, Sacha","Ουζιλού, Σασά",کالوولونیس م / وهنلت ک
"Chazal, Maxime","Σαζάλ, Μαξίμ",شمیتر، جیم
"Susanto, David Agung","Σουσάντο, Δαβίδ Αγκούνγκ",گوپتا، شروتی
"Breen, Saoirse","Μπρίν, Σάουρσε",پل، تامی
Golubic V / Niculescu M,Γκολούμπιτς Β / Νικουλέσκου Μ,موراندا، جان-کریستیان
Danilina A / Kichenok L,Ντανίλινα Α / Κιτσενόκ Λ,البنا، نور
Tumbas Kajgo K / Voljavec A,Τούμπας Κατζκό Κ / Βολιαβέκ Α,چیدخ C / جاک G
Inoue G / Nishiwaki K,Ίνουε Γ / Νισιβάκι Κ,پوسویات، جوناس فیلیپ
Mazzoni E / Mazzoni J,Μαζόνι Ε / Μαζόνι Τζ,لوزیتسکایا، اوا
Ceschi G / Raggi A,Τσέσι Γ / Ράττι Α,لیتل، دنیل
Kalovelonis M / Wehnelt K,Καλοβελόνης Μ / Βένελτ Κ,باجاگیک، تامارا
"Schmitter, Jim","Σμίτερ, Τζιμ",اریستانبکووا، ارکزهان
"Gupta, Shruti","Γκούπτα, Σρούτι",بای، ژوشوان
"Paul, Tommy","Πολ, Τόμι",جانیچیجوویچ، سلنا
"Morandais, Jean-Christian","Μορανντέ, Ζαν-Σίρισαν",دوبینین ا / کراپیوین م
"Elbanna, Nour","Ελμπάννα, Νουρ",ام ریفقی ف / سوسانتو د ا
Chidekh C / Jacq G,Σιντεκ Τσιντεκ/Τζακ Γκι,کاواکامی، ریمپی
"Poswiat, Jonas Philipp","Ποσβιάτ, Ιωάννης Φιλιππος",نیکولسو م / روسولسکا آ
"Lozitskaya, Eva","Λοζίτσκαγια, Εβα",ارسوز و / تورکمن د
"Little, Daniel","Λίτλε, Δανιήλ",ماسنایا ا / پاولووا پ
"Bajagic, Tamara","Μπαγιαγκικ, Ταμάρα",گریکسپور ت / وان د زاندشولپ ب
"Arystanbekova, Erkezhan","Αριστανμπεκόβα, Ερκεζαν",آریستگوی، مرسدس
"Bai, Zhuoxuan","Μπάι, Ζουοξουάν",بوریسیوک، مارتین
"Janicijevic, Selena","Γιανιτσιεβιτς, Σελένα",آوگلو، مارتینا
Dubinin A / Krapivin M,Ντουμπίνιν Α / Κραπίβιν Μ,گوتیه، آلکسیس
M Rifqi F / Susanto D A,Μ Ρίφκι Φ / Σουσάντο Ντ Α,بابیچ ز / بروم سی
"Kawakami, Rimpei","Καβακάμι, Ριμπέι",میز ل / اوسبورن آ
Niculescu M / Rosolska A,Νικουλέσκου Μ / Ρόσολσκα Α,وان امبورغ، جیک
Ersoz V / Turkmen D,Έρσοζ Β / Τουρκμέν Ντ,بوندارنکو، ماریا
Masnaia E / Pavlova P,Μασνάια Ε / Παύλοβα Π,سوچانکووا س / توتهووا ای
Griekspoor T / Van de Zandschulp B,Γκριεσπούρ Τ / Βαν ντε Ζαντσχούλπ Μπ,هادکین، سین
"Aristegui, Mercedes","Αριστεγκούι, Μερσέδες",ماریانی، روکو
"Borisiouk, Martin","Μπορισιούκ, Μάρτιν",ساولوو، دانیل
"Augello, Martina","Αυγέλο, Μαρτίνα",گری، سارا بت
"Gautier, Alexis","Γκοτιέ, Άλεξις",نتلز، جبریل
Babic Z / Broom C,Μπάμπιτς Ζ / Μπρούμ Κ,پشمیسلاو میکوکی
Mays L / Osborne A,Μέις Λ / Όσμπορν Α,والنر، مارک
"van Emburgh, Jake","φαν Έμπουργκ, Τζέικ",راجی، آنجلیکا
"Bondarenko, Maria","Μπονταρένκο, Μαρία",آنیسیمووا، آماندا
Suchankova S / Tothova E,Σουτσάνκοβα Σ / Τοτχόβα Ε,اوتیمووا دی / پارتود می
"Hodkin, Sean","Χόντκιν, Σιν",ال سید، یاسمینا
"Mariani, Rocco","Μαριάνι, Ρόκκο",آندره اس / لگوت تی
"Savelev, Daniil","Σαβέλεφ, Δανιήλ",گایو، فدریکو
"Grey, Sarah Beth","Γκρέι, Σάρα Μπέθ",پاسک، تامیرا
"Nettles, Jibril","Νέτλς, Τζίμπριλ",نترلندز
Przemyslaw Michocki,Πρζεμισλάβ Μιχόκι,آیتو ای / لی پی-سی
"Wallner, Mark","Γουάλνερ, Μαρκ",چایکا، آلکساندر
"Raggi, Angelica","Ράγκι, Αντζελίκα",لی، خیانگ
"Anisimova, Amanda","Αννισίμοβα, Άμαντα",پری، دیان
Evtimova D / Partaud M,Ευτιμόβα Δ / Παρτό Μ,اسمیت، اویلین
"El Sayed, Yasmina","Ελ Σαγιέντ, Γιασμίνα",برتوکیولی ف / چپلولو آ
Andre S / Legout T,Άντρε Σ / Λεγκου Τ,کیپریوتیس، اونگلوس
"Gaio, Federico","Γκάιο, Φεντερίκο",موچیا سی / ولدمان ک
"Paszek, Tamira","Πάσεζκ, Ταμίρα",حبیب آ / شریپوف م
Netherlands,Νέθερλαντς,یونچاوکته، بو
Ito A / Lee P-C,Ίτο Α / Λι Πι-Σι,گیما اس / اسکوریلاس ا
"Chayka, Aleksander","Τσάγκα, Αλέξανδρος",برگ، برند
"Lee, Hsiang","Λι, Χσιάνγκ",لیو ام / ویلیام تی
"Parry, Diane","Πάρι, Διάνη",بیتون کوزمین سی / چیکامی اس
"Smith, Evelyn","Σμιθ, Εβέλιν",کاراموکو ن / رادووانوویک ن
Bertuccioli F / Chepelev A,Μπερτουτσιόλι Φ / Τσεπελέβ Α,کولودزیجووا م / روسولسکا علی
"Kypriotis, Evangelos","Κυπριώτης, Ευάγγελος",لیند قلگر هالجر ای / پوسپلووا آ
Moccia C / Veldman K,Μότσια Κ / Βέλντμαν Κ,بایبل ن / گومز ف ا
Habib A / Sharipov M,Χαμπίμπ Α / Σαρίποφ Μ,مدوئیویف، دانیل (سرل)
"Yunchaokete, Bu","Γιούντσαοκετε, Μπού",مارکون ام / روتناشتاینر لی ام
Gima S / Skorilas A,Γκίμα Σ / Σκορίλας Α,گالوای ری / رئیس وارلا می ای
"Berg, Bernd","Μπεργκ, Μπέρντ",ابلینگ، رابین
Liu M / William T,Λιου Μ / Γουίλιαμ Τ,تان، برن
Bittoun Kouzmine C / Chikami S,Μπιτούν Κουζμίνε Σ / Τσικάμι Σ,باترینات، لوهیتاکشا
Karamoko N / Radovanovic N,Καραμόκο Ν / Ραδοβανόβιτς Ν,السید ای / روتولی لی
Kolodziejova M / Rosolska Ali,Κολοντζεϊφοβα Μ / Ρόσολσκα Αλί,یاکیمووا، اناستازیا
Lindh Gallagher E / Pospelova A,Λίντ Γκάλαγκερ Ε / Πόσπελοβα Α,درزد، مایا
Bybel N / Gomez F A,Μπίμπελ Ν / Γκόμεζ Φ Α,گیندل، املی
"Medvedev, Daniil (Srl)","Μεντβεντέφ, Δανίηλ (Σρλ)",موشیکا ام / موشیکا ام
Marcon M / Rothensteiner L M,Μαρκον Μ / Ροθενσταϊνερ Λ Μ,آیوکاوا، مانا
Galloway R / Reyes-Varela M A,Γκάλουεϊ Ρ / Ρεϊς-Βαρέλα Μ Α,اونز تی / کویکه ای
"Ebeling, Robin","Έμπελινγκ, Ρόμπιν",کوزمانوف دی / زکیک می
"Tan, Beren","Ταν, Μπερέν",سایادی، سندا
"Bathrinath, Lohithaksha","Μπαθριναθ, Λοχιθακσα",جونز ام / استفنز اس
Elsayed A / Rottoli L,Έλσαϊντ Α / Ροττόλι Λ,گریکسپور، تالون (سرل)
"Yakimova, Anastasia","Γιακιμόβα, Αναστασία",آگابیگون سی / ارل یا
"Drozd, Maya","Ντροζντ, Μάγια",بورژه، نونو (سرل)
"Gindl, Amelie","Γκίντλ, Αμέλι",کیم، ایدان
Mushika M / Mushika M,Μουσικά Μ / Μουσικά Μ,کالندر، ادمیر
"Ayukawa, Mana","Αυκαβάγκα, Μάνα",آلوجاس آر / پولسکون ام
Evans T / Koike E,Έβανς Τ / Κοϊκε Ε,استیوکر، پیت
Kuzmanov D / Zekic M,Κουζμάνοβ Ν / Ζεκικ Μ,گولز، لنا
"Sayadi, Senda","Σαγιάντι, Σέντα",هایزن وی / ووراکووا آر
Jones M / Stephens S,Τζόουνς Μ / Στέφανς Σ,گوناوان، جواچیم میکا
"Griekspoor, Tallon (Srl)","Γκρικσπούρ, Τάλον (Σρλ)",نوکریست ام / اوچیدا کا
Agabigun S / Erel Y,Αγκαμπιγκούν Σ / Έρελ Γ,الوریتا فلورز، کارمن فرناندا
"Borges, Nuno (Srl)","Μποργκές, Νούνο (Σρλ)",دوبینین، آلکسی
"Kim, Aidan","Κιμ, Άινταν",آیاوا، دستانی
"Kalender, Admir","Καλεντέρ, Άμπιρ",آرنالدی، ماتو
Alujas R / Poulesquen M,Αλουζας Ρ / Πουλεσκεν Μ,وولف، ویوین
"Steveker, Piet","Στεφεκερ, Πιετ",کلی دی / رومیوس ام سی
"Goelz, Lena","Γκοελζ, Λενα",آراکاوا، هارونا
Heisen V / Voracova R,Χαισεν Β / Βορακόβα Ρ,چینتالاپالی، ناگا لاشمی ساروانی
"Gunawan, Joachim Mika","Γκουναγουαν, Τζόαχιμ Μίκα",هیدالگو دی / نیکلاس-سالمینه پی
Neuchrist M / Uchida K,Νεουχριστ Μ / Ουτσίντα Κ,لاواگنو، ادواردو
"Elorrieta Flores, Carmen Fernanda","Ελοριέτα Φλόρες, Καρμεν Φερνάντα",یودنکو ای / راسکوسکایا لی
"Dubinin, Alexey","Ντουμπινιν, Αλεξέι",سیمونیو سی / یوشچنکو وی
"Aiava, Destanee","Αιαβα, Δεστανέε",پاچهکو مندز ری / تیرانته تی ای
"Arnaldi, Matteo","Αρνάλντι, Ματτέο",جونگ بی / کو یو
"Wolff, Vivian","Γουόλφ, Βίβιαν",تادیا، لئوناردو
Kelly D / Romios M C,Κέλι Ντ / Ρόμιος Μ Κ,پانکین، سمن
"Arakawa, Haruna","Αρακάβα, Χαρούνα",چیپاشویلی، جورجی
"Chintalapalli, Naga Lakshmi Sarvani","Τσινταλαπάλι, Νάγκα Λασκάμι Σαρβάνι",سونسون، نورا
Hidalgo D / Niklas-Salminen P,Χινταλάπαλι Δ / Νίκλας-Σάλμινεν Π,بوزیو، ویکتوریا
"Lavagno, Edoardo","Λαβάγνο, Έντορντο",سارکیس، هلنا
Iudenko I / Rasskovskaia L,Ιουνένκο Ι / Ρασκόβσκαια Λ,برگز ز / پل دی
Simunyu C / Yushchenko V,Σιμούνιο Κ / Γιουστσένκο Β,راجرز آ / زارازوآ ر
Pacheco Mendez R / Tirante T A,Πατσέκο Μέντεζ Ρ / Τιράντε Τ Α,گلانزر، دانیلا
Jeong B / Ku Y,Τζονγκ Μπ / Κου Γιου,آندراده ساباندو تی ای / آیالا ل
"Taddia, Leonardo","Τάντια, Λέοναρντο",سروندولو ف / اونز دی
"Pankin, Semen","Πάνκιν, Σεμέν",ویسنوسکایا، اکاترینا
"Chipashvili, Giorgi","Τσιπασβίλι, Γιώργι",کامینگا، ایزابلا بلانکا روزا
"Svensson, Nora","Σβένσον, Νόρα",براون، بیلن
"Bosio, Victoria","Μπόζιο, Βικτωρία",د لا ریوا بوئنو، پدرو
"Sarkis, Helena","Σαρκίς, Ελένη",محمد، آسیا
Bergs Z / Pel D,Μπέργκς Ζ / Πέλ Δ,کورتز لورکا ل / فیتا بولودا آ
Rogers A / Zarazua R,Ρόγκερς Α / Ζαραζούα Ρ,پلیکانو، هلن
"Glanzer, Daniela","Γκλάντσερ, Δανιέλα",بوچی ل / مارتین تیفون پی
Andrade Sabando T I / Ayala L,Αντράντε Σαμπάνντο Τ Ι / Αγιάλα Λ,کاسرز، آلساندرا
Cerundolo F / Evans D,Κερουντόλο Φ / Εβανς Δ,موسیکی، استراهینجا
"Visnevscaia, Ecaterina","Βισνεφσκαϊα, Εκατερίνα",یوشیکاوا، هیکارو
"Kamminga, Isabella Blanca Rosa","Καμμίνγα, Ισαβέλα Μπλάνκα Ρόζα",نیجبور، رایان
"Brown, Baylen","Μπράουν, Μπάιλεν",سوچیکووا، لیندا
"de la Riva Bueno, Pedro","δε λα Ρίβα Μπουένο, Πέδρο",ریستیک جی / روتناشتاینر ل م
"Muhammad, Asia","Μουχάμαντ, Ασία",بادنهورست، دیوین
Cortez Llorca L / Fita Boluda A,Κορτεζ Λιόρκα Λ / Φίτα Μπολούντα Α,بربروویچ ن / چونگ ای وی
"Pellicano, Helene","Πελλικάνο, Έλενε",چاپل ن / میکلسن ا
Bocchi L / Martin Tiffon P,Μπόκι Λ / Μαρτίν Τιφόν Π,التامیرانو چ / کیرکوف و
"Caceres, Alessandra","Κασέρες, Αλεσάντρα",سرتنوویچ، تیجانا
"Musicki, Strahinja","Μουσίκι, Στραχίνια",گودجر، جوشوا
"Yoshikawa, Hikaru","Γιοσικάγκα, Χίκαρου",میکوویک م / میکوویک ن
"Nijboer, Ryan","Νίτμπουερ, Ράιαν",تسن، چون هسین
"Sevcikova, Linda","Σεβτσίκοβα, Λίντα",دوراسوویک و / رومبولی ف
Ristic J / Rothensteiner L M,Ριστικ Τζι / Ροθενστάινερ Λ Μ,بینز ر / بری م
"Badenhorst, Devin","Μπαντενχόρστ, Δεβίν",هوپفیلد، سامر
Berberovic N / Chong E W,Μπερμπερόβιτς Ν / Τσόνγκ Ε Γου,لی ای جی / وی ه
Chappell N / Michelsen A,Τσαπέλ Ν / Μισέλσεν Α,بالو اس / متراوکس م
Altamirano C / Kirkov V,Αλταμιράνο Κ / Κίρκοφ Β,وایتیکوناس، پیجوس
"Sretenovic, Tijana","Σρετενόβιτς, Τιγιάνα",آبدوراییمووا ن / ویبلی-اسمیت ای
"Goodger, Joshua","Γουντγκερ, Τζουσία",پیریا م اف / رونکادلی ف
Mikovic M / Mikovic N,Μικόβιτς Μ / Μικόβιτς Ν,هودت، مرل
"Tseng, Chun Hsin","Τσενγκ, Τσουν Χσιν",بویه، تریستان
Durasovic V / Romboli F,Ντουρασόβιτς Β / Ρομπόλι Φ,ایتالیا
Bains R / Barry M,Μπέινς Ρ / Μπάρι Μ,پکاک، استپان
"Hupfeld, Summer","Χάπφελντ, Σάμερ",بوسومس پویگ، جوان
Lee E J / Wi H,Λι Ε Τζ / Γουάι Χ,کیرچی، کورای
Balu S / Mettraux M,Μπάλου Σ / Μετράου Μ,تیرون، اولین کریستل آتیسیا
"Vaitiekunas, Pijus","Βαϊτιεκούνας, Πιγκούς",لاماسین، تریستان
Abduraimova N / Webley-Smith E,Αμπντουραϊμόβα Ν / Γουέμπλι-Σμιθ Ε,میازاکی، یوریکو لیلی
Pereira M F / Roncadelli F,Περειρα Μ Φ / Ρονκαντελι Φ,مه، مکس
"Hoedt, Merel","Χοεντ, Μερελ",میکالسکی، دانیل
"Boyer, Tristan","Μπογιερ, Τρισταν",چنگیز بی / سوینگ اس
Italy,Ιταλία,اوگورا کی / سوتو ام
"Pecak, Stepan","Πετσάκ, Στεπάν",پاولو دی / سرتنوویچ تی
"Busoms Puig, Joan","Μπουσόμς Πουιγκ, Τζοάν",پاپلاوسکا، اناستازیا
"Kirci, Koray","Κιρτσί, Κοράι",شافر، آن
"Tiron, Evelyne Christelle Atticia","Τιρόν, Εβελίν Κριστέλ Ατισία",کو، جاستین
"Lamasine, Tristan","Λαμασίνε, Τριστάν",برکیچ تی / اسکوبار گی
"Miyazaki, Yuriko Lily","Μιγαζάκι, Γιουρίκο Λίλι",زالامیدزه نی / رخیمووا کی
"Meh, Maks","Μεχ, Μαξ",الحسين عبد العزيز ل / رفعت م
"Michalski, Daniel","Μιχάλσκι, Δανιήλ",كاتاني، ليوناردو
Cengiz B / Sewing S,Τσενγκιζ Μπι / Σουέινγκ Σ,دولتشي، جابريلي
Ogura K / Soto M,Ογκουρα Κ / Σότο Μ,كساندينوف، صوفيا
Pavlou D / Sretenovic T,Παυλού Δ / Σρετενόβιτς Τ,بايز، سباستيان (سرل)
"Poplavska, Anastasiya","Ποπλάβσκα, Αναστασία",بارترام، ويليام
"Schaefer, Anne","Σαφεέρ, Άννα",سيرافيني م / فينسنت روجري س
"Kuo, Justin","Κουο, Τζαστίν",فيشنيفسكي، دافيد
Brkic T / Escobar G,Μπρκιτς Τ / Εσκόμπαρ Γ,فانسيلو س / فالي دي
Dzalamidze N / Rakhimova K,Ντζαλαμιτζε Ν / Ραχιμόβα Κ,لانشيا بريما، أنا
Alhussein Abdel Aziz L / Refaat M,Αλχουσείν Αμπντέλ Αζίζ Λ / Ρεφαάτ Μ,کورت جی ام وی
"Catani, Leonardo","Κατάνι, Λεονάρντο",آگویلار جی سی ام ایند کلارک
"Dolce, Gabriele","Ντολτσε, Γκαμπριέλε",اویاما، کاهو
"Ksandinov, Sophia","Κσαντινόβ, Σοφία",انسون سانچز سی ایند پالازون
"Baez, Sebastian (Srl)","Μπαέζ, Σεβαστιάν (Σρλ)",هرینگ کی ایند سیدلیسکا
"Bartram, William","Μπάρτραμ, Ουίλιαμ",بارکی، ناتان انتونی
Serafini M / Vincent Ruggeri S,Σεραφίνι Μ / Βίνσεντ Ρουγκέρι Σ,فورتی اف ایند اسپادولا
"Wisniewski, Dawid","Βισνιέφσκι, Δαβίν",رودریگز کارترو، پاتریسیا
Fanselow S / Vale D,Φάνσελο Σ / Βάλε Δ,بوساله ری ایند راینا
"Lanciaprima, Anna","Λαντσιαπρίμα, Άννα",بوینر، لورا
Court J / MA W,Κορτ Τζει / ΜΑ Γου,شو، مینگگه
Aguilar J C M / Clark E,Αγκιλάρ Τζε Σι Μι / Κλαρκ Ει,گشوایند ف تی / گیمنز جه
"Oyama, Kaho","Ογιάμα, Κάχο",رئیس دا سیلوا، جوآو لوکاس
Anson Sanchez C / Palazon A,Άνσον Σάντσες Σι / Παλαζόν Αλ,هایاساکا، کورئه
Hering K / Siedliska N,Χέρινγκ Κε / Σιεντλίσκα Νι,باچینگر، ماتیاس
"Barki, Nathan Anthony","Μπάρκι, Νατάν Άντονι",براور، گیجس
Forti F / Spadola A,Φορτί Φι / Σπαντόλα Αλ,موکوند اس / وردهان وی
"Rodriguez Carretero, Patricia","Ροδρίγκεζ Καρετερό, Πατρίσια",پرز مارتین، ایوان
Bhosale R / Raina A,Μποσάλε Ρι / Ραίνα Αλ,ریتشارد، آلکساندر
"Boehner, Laura","Μπέχνερ, Λόρα",لاک بی / استاتهام آر
"Xu, Mingge","Ξυ, Μινγκε",جونز، مکسیموس
Geschwind F T / Gimenez J,Γεσχγουιντ Φ Τ / Γιμενεζ Τ,دوبوچ، مکسیم
"Reis Da Silva, Joao Lucas","Ρεις Ντα Σιλβα, Τζοαο Λουκας",ایسومورا کیه / ماتسودا ری
"Hayasaka, Kurea","Χαγιασακα, Κουρεα",آرکوشین ری / لهمان نی
"Bachinger, Matthias","Μπαχινγκερ, Ματθιας",امو، مایکل (سرال)
"Brouwer, Gijs","Μπρουουερ, Γις",کاتزر، الن
Mukund S / Vardhan V,Μουκουντ Σ / Βαρνταν Β,میرالس، مارسل
"Perez Martin, Ivan","Περεζ Μαρτιν, Ιβαν",گالوانین، داوید
"Ritschard, Alexander","Ριτσχαρντ, Αλεξανδερ",کنترینو، گلوریا
Lock B / Statham R,Λοκ Β / Σταθαμ Ρ,یانین، نیکیتا
"Jones, Maximus","Τζόουνς, Μάξιμας",بونداز ام / ویلگزهانین ن
"Dubouch, Maxime","Ντουμπουσ, Μαξίμ",سیمونیووی / ولووا و
Isomura K / Matsuda R,Ίσομουρα Κ / Ματσούντα Ρ,چن، یینگ-زه
Arcuschin R / Lehmann N,Άρκουστσιν Ρ / Λέμαν Ν,سرافینی، مارچلو
"Mmoh, Michael (Srl)","Μμοχ, Μάικλ (Σρλ)",چسچی جی / ویویانی م وی
"Katzer, Ellen","Κάτζερ, Έλεν",آبادیا، دانیل
"Miralles, Marcel","Μιράλες, Μαρσέλ",کلارک جی / پاریس جی
"Galvanin, Davide","Γκαλβανίν, Δαβίντε",هامفریز، فردی
"Contrino, Gloria","Κοντρίνο, Γκλόρια",راینا، انکیتا
"Ianin, Nikita","Ίανιν, Νίκιτα",مارکوویچ، ساسا
Bondaz M / Vylegzhanin N,Μπονταζ Μ / Βιλεγζανίν Ν,کاتسومی ن / ماتسودا ر
Simunyu C / Veleva V,Σιμούνυου Κ / Βελεβά Β,الهگبنی ی / روود سی
"Chen, Ying-Ze","Τσεν, Ύινγκ-Ζε",بائز سی / راموس-وینولاس آ
"Serafini, Marcello","Σεραφίνι, Μαρτσέλο",آراگوسا، آنتونیا
Ceschi G / Viviani M V,Τσέσκι Γ / Βιβιάνι Μ Β,بوشر، روبین میک
"Abadia, Danielle","Αμπαντία, Ντανιέλ",هازس سی / تراورسی سی
Clarke J / Paris J,Κλαρκ Τζ / Πάρις Τζ,کوکوشکین، میخائیل
"Humphries, Freddy","Χάμφρις, Φρέντυ",استرخووا، والریا
"Raina, Ankita","Ραίνα, Ανκίτα",فولیو، کوانتن
"Markovic, Sasa","Μάρκοβιτς, Σάσα",ایبراگیمووا آ / شوبلادزه آ
Katsumi N / Matsuda R,Κατσούμι Ν / Ματσούντα Ρ,فانگ، استیسی
Alhogbani Y / Ruud C,Αλχογκμάνι Γ / Ρουντ Κ,روزیک، آنتونیا
Baez S / Ramos-Vinolas A,Μπάεζ Σ / Ραμός-Βινολάς Α,سالتون، دیلن
"Aragosa, Antonia","Αραγκόσα, Αντόνια",میخایلووا م / وکرله م
"Bucher, Robin Mick","Μπούσερ, Ρόμπιν Μικ",پلیزاری، آدریانا
Hazes S / Traversi C,Χάζες Σ / Τραβέρσι Κ,سامیر، ساندرا
"Kukushkin, Mikhail","Κουκούσκιν, Μιχαήλ",میاتا، موئکا
"Strakhova, Valeriya","Στραχόβα, Βαλερία",نوپبی، آیا
"Folliot, Quentin","Φολιό, Κουαντέν",لوئیز، مری
Ibragimova A / Shubladze A,Ιμπραγιμόβα Α / Σουμπλάτζε Α,یردیلدا ی / زاتسپین و
"Fung, Stacey","Φανγκ, Στέισι",آلونسو ویوانکو، ژولیان
"Ruzic, Antonia","Ρουζικ, Αντόνια",امبروزیو، سیلویا
"Salton, Dylan","Σάλτον, Δίλαν",لاهی، آشلی
Mikhailova M / Weckerle M,Μιχαίλοβα Μ / Βέκερλε Μ,مندز، سئونه
"Pellizzari, Adriana","Πελιζάρι, Αντριάνα",مونت، کارول
"Samir, Sandra","Σαμίρ, Σάντρα",مگرابیان، آندره
"Miyata, Moeka","Μιγιάτα, Μόεκα",گولاس، اولگا
"Nupbay, Aiya","Νουμπάι, Αίγια",کریستیان کی / سانتاماریا سی
"Lewis, Mary","Λουίς, Μέρι",بانیچویچ م / تومباس کاژو کی
Yerdilda Y / Zatsepin V,Γιέρντιλντα Γ / Ζατσεπίν Β,فیضیوو سی / کالوولونیس م
"Alonso Vivanco, Julian","Άλονσο Βίβανκο, Χουλιάν",باروسو کامپوس ا / لوپز موریلو
"Ambrosio, Silvia","Αμπρόσιο, Σίλβια",زارازوآ، رناتا
"Lahey, Ashley","Λάχεϊ, Άσλεϊ",ملیس، ورنا
"Mendez, Seone","Μέντεζ, Σεόνε",گولدنبرگ ل / اولیل ی
"Monnet, Carole","Μοννε, Καρόλ",یانگ، جیمی
"Megrabian, Andre","Μεγκραμπιάν, Άντρε",کرائوثر، کوربان
"Golas, Olga","Γκόλας, Όλγα",باتیل ا / ویلت م
Christian K / Santamaria S,Κριστιάν Κ / Σανταμαρία Σ,میناسیان، داویت
Banicevic M / Tumbas Kajgo K,Μπανιτσεβιτς Μ / Τουμπάς Καγιό Κ,گوینارد م / رومبولی ف
Fayziev S / Kalovelonis M,Φαγζιεφ Σ / Καλοβελόνης Μ,ونتورینی، کارلو
Barroso Campos A / Lopez Morillo I,Μπαρρόσο Κάμπος Α / Λόπεζ Μόριλο,
"Zarazua, Renata","Ζαράζουα, Ρενάτα",
"Meliss, Verena","Μελισ, Βερένα",
Goldenberg L / Oliel Y,Γκόλντενμπεργκ Λ / Ολιέλ Γι,
"Yang, Jimmy","Γιάνγκ, Τζίμι",
"Crowther, Corban","Κράουθερ, Κόρμπαν",
Bataille E / Villet M,Μπαταΐλ Ε / Βιλέτ Μ,
"Minasyan, Davit","Μινασιάν, Δαβίτ",
Guinard M / Romboli F,Γκινάρ Μ / Ρομπόλι Φ,
"Venturini, Carlo","Βεντουρίνι, Κάρλο",
