Bulleen Boomers,Μπουλιν Μπουμερς,بولین بومرز
Western Kentucky Lady Toppers,Γηπεδουχοι Γυναικων Ουέστερν Κάντικυ,وسترن کالی فوردی لیدی توپرز
BK Opava B,Μπι Κε Οπαβα Μπι,بیکی اوپاوا بی
Yamagata Wyverns,Γιαμαγκατα Γουεβερνς,یاماگاتا وایورنز
Taiwan Beer,Ταϊβαν Μπιρ,تایوان بیر
Kk Metalac,Κκ Μεταλακ,کک متالاک
Bulgaria,Βουλγαρία,بلغارستان
Slovenia,Σλοβενία,اسلوونی
CB San Pablo Burgos,Σι Μπι Σαν Παμπλο Μπουργκος,سیبی سان پابلو بورگوس
Elitzur Kiryat Atta,Ελιτζουρ Κιριατ Αττα,الیتزور کیریات آتا
Gaziantep Genclik,Γαζιαντέπ Γκεντσλικ,گزیانتپ قنجلیک
Orlandina Basket,Ορλαντίνα Μπασκέτ,اورلاندینا بسکت
IK Eos,ΙΚ Έος,ای کی ایوس
JL Bourg Basket,ΤζΕλ Μπουργκ Μπασκέτ,جی ال بورگ بسکت
Aranmare Akita,Αρανμάρε Ακίτα,آرانماره اکیتا
Basket Poznan,Μπασκέτ Ποζνάν,بسکت پوزنان
Benedetto Xiv Cento,Μπενενττό ΞΙΒ Κέντο,بندتو شیوتو چنتو
BC Mahdia,ΜπΙ Σι Μαχντία,بی سی مهدیه
Konyaspor,Κονιάσπορ,کونیاسپور
Qingdao Eagles,Κινγκδάο Έιγλς,قینگداو ایگلز
Nazilli Belediye,Ναζίλι Μπελεντίε,نازیللی بلدییه
Hobart Chargers,Χόμπαρτ Τσάργκερς,هوبارت چارجز
Baskonia Vitoria-Gasteiz,Μπασκόνια Βιτόρια-Γκαστείζ,باسکونیا ویتوریا-گاستیز
Southern Utah Thunderbirds,Νότια Ουτάν Θάντερμπιρδς,ساوتر یوتا تاندربیردز
CD Universidad Catolica De Santiago,ΚΔ Πανεπιστήμιο Καθολικής Σαντιάγο,سیدی یونیورسیتاد کاتولیکا ده سانتیاگو
New Taipei Kings,Νέα Ταϊπέι Κινγκς,نوو تایپی کینگز
Bakery Basket Piacenza,Μπέικερι Μπάσκετ Πιατσέντζα,بیکری باسکت پیاچنزا
North Dakota State Bison,Βόρεια Ντάκοτα Στέιτ Μπίσον,نورت داکوتا ستیت بیسون
Sunshine Coast Phoenix,Σανσάιν Κορστ Φοίνιξ,سانشاین کوآست فینیکس
Achilleas Kaimakliou,Αχίλλεας Καϊμακλίου,آچیلیاس کایماکلیو
Waverley Falcons,Γουέβερλεϊ Φάλκονς,ویورلی فالکنز
North Macedonia,Βόρεια Μακεδονία,جمهوری مجاور ماکدونی
New York Liberty,Νέα Υόρκη Λίμπερτι,لیبرتی نیویورک
Portugal,Πορτογαλία,پرتغال
BK Loko Trutnov,Μπί Κε Λόκο Τρουτνόβ,بی کی لوکو تروتنوف
Morgan State Bears,Μόργκαν Στέιτ Μπίαρς,مورگان استیت بیرز
Turkiye,Τουρκία,ترکیه
USK Prague,ΥΣΚ Πράγα,آسک پراگ
Drake Bulldogs,Ντρέικ Μπαντογκάλος,دریک بادجبالز
Donar Groningen,Ντόναρ Γκρονινγκεν,دونار گرونینگن
Southern Tigers,Σάουθερν Τίγερς,سازندهی جنوبی
Kagawa Five Arrows,Καγκάου Φάιβ Άρους,پنج تیرهی کاگاوا
Kataja Basket Joensuu,Κατάτα Μπάσκετ Τζοένσου,کاتاجا باسکت جونسو
BC Siauliai,Μπί Σιαουλάι,بیسی سیاولیای
Mets de Guaynabo,Μετς ντε Γκουαϊνάμπο,متس د گویانبو
Duquesne Dukes,Ντικς ντε Ντουκς,دوکینز دوکس
Katarzynki Torun,Καταρζίνκι Τορούν,کاترزینکی تورون
Austria,Αυστρία,اتریش
USK Prague B,ΥΣΚ Πράγα Μπι,یواسکی پراگ بی
Creighton Bluejays,Κρίτσον Μπλουζέις,کرایتون بلوجیز
Panathlitikos SF Sykeon,Παναθλητικός ΣΦ Συκεών,پاناتلیتیکوس اس اف سیکئون
Lugano Tigers,Λουγκάνο Τάιγκερς,لوگانو تایگرز
Sodertalje BBK,Σοντερτάλιε ΜπΒΚ,سودرتالجه بی بی کی
Ontario Clippers,Οντάριο Κλίπερς,آنتاریو کلیپرز
Calero Potosi,Καλέρο Ποτόσο,کالرو پوتوسی
UNC Asheville Bulldogs,UNC Άσβιλ Μπάλδογκς,آن سی اشویل بادلز
Nunawading Spectres,Νουναβάντινγκ Σπεκτρές,نوناوادینگ سپکترز
Texas Longhorns,Τέξας Λόνγκχορνς,تکساس لانگهورنز
Saarlouis Royals,Σααρλουά Ρόιαλς,سارلوئیس رئیلز
Virtus Pozzuoli,Βίρτους Ποτσουόλι,ویرتوس پوزوولی
China,Χάινα,چین
Youngstown State Penguins,Γιάνγκσταουν Στέιτ Πέγκινς,یانگاستاون پنگوئنز
Istanbul Efendileri,Ιστανμπούλ Εφεντίλερι,استانبول افندیلری
Central Districts Lions,Κέντραλ Διστρίκτς Λάιονς,سنترال دیستریکت لیونز
Virginia Tech Hokies,Βίρτζινια Τεκ Χόκις,ویرجینیا تک هاکیز
Gecit Spor,Γκέτσιτ Σπορ,گئچیت سپور
BC Spartak Pleven,Βί Σπάρτακ Πλέβεν,بی سی اسپارتاک پلوون
Louisiana Ragin' Cajuns,Λουιζιάνα Ραγκιν Κατζούνς,لوئیزیانا راجین کاجونز
Keysborough,Κέιςμπορου,کیزبرو
Antalya Gunesi,Αντάλια Γκούνεσι,آنتالیا گونزی
Switzerland,Χάινα,سوئیس‎
Kent State Golden Flashes,Γιάνγκσταουν Στέιτ Πέγκινς,کنت اسٹیٹ گولڈن فلیشز
Bnot Hertzeliya,Ιστανμπούλ Εφεντίλερι,بنوٹ ہرتزلیا
Ankaragucu Mamak Belediyesi,Κέντραλ Διστρίκτς Λάιονς,انکراگوسو ممک بلیڈیےسی
Maccabi Haifa,Βίρτζινια Τεκ Χόκις,مکابی حیفا
Keilor Thunder,Γκέτσιτ Σπορ,کیلور ٹھنڈر
Panathinaikos BC,Βί Σπάρτακ Πλέβεν,پاناتھینا کوس بی سی
Promitheas Patras BC,Λουιζιάνα Ραγκιν Κατζούνς,پرومیتیس پٹراس بی سی
Caledonia Gladiators,Κέιςμπορου,کیلیڈونیا گلیڈییٹرز
UC Irvine Anteaters,Αντάλια Γκούνεσι,یو سی اروین انٹیٹرز
Panama,Παναμά,پاناما
Dinamo Sassari,Ντινάμο Σασσάρι,دینامو ساساری
CD Universidad De Concepcion,ΚΔ Πανεπιστήμιο Κονσεσιόν,سیدی یونیورسیداد کنسیپشن
UMF Tindastoll,ΥΜΦ Τιννταστόλ,اواماف تینداستول
Hogsbo Basket,Χόγκσμπο Μπάσκετ,هوگزبو باسکت
Hapoel Jerusalem,Χαποέλ Ιερουσαλήμ,هاپوئل اورشلیم
CD Estela,ΚΔ Έστελα,سیدی استلا
Sigortam.net,Σιγκορτάμ.νετ,سیگورتام.نت
Harem Spor,Χαρέμ Σπορ,هارم سپور
KB Peja,ΚΒ Πέια,کیبی پئجا
Mckendree Bearcats,Μακεντρι Μπιρκάτς,مکندری بیرکتس
Vienna D.C. Timberwolves,Βιέννα Ντι Σι Ταμπουλφίνς,وینا دی سی تیموولفز
Csu Rookies Oradea,Κου Ροοκις Οραντέα,سی اس یو روکیز اورادئا
Saint Vallier,Σαιντ Βάλιερ,سنت والیه
Hermine Nantes Basket,Ερμίν Ναντ Μπασκέτ,هرمین نانت باسکت
Santiagueno BC,Σαντιαγκούενο Μπι Σι,سانتیاگوئنو بی سی
Stephen F. Austin Ladyjacks,Στιφεν Φ. Αστίν Λέιτζακς,استفن ف. اوستن لیدیجکس
Creighton Bluejays,Κρίτσον Μπλουζέις,کرائیتون بلوجیز
Sunbury Jets,Σάνμπερι Τζετς,سانبری جتس
Ball State Cardinals,Μπολ Στέιτ Καρδινάλς,بال ستیت کاردینالز
Pas Giannina,Πας Γιάννινα,پاس گیانینا
Libertas Livorno,Λιβέρτας Λιβόρνο,لیبرتاس لیوورنو
Bahamas,Μπαχάμες,باهاماس
Ironi Naharia,Ίρων Ναχαρία,آیرونی ناهاریا
BAM Poprad,Μπάμ Πόπραντ,بیایام پوپراد
Etoile Angers Basket,Ετοιλ Άντζερ Μπασκέτ,اتویل آنژر باسکت
Kk Bosco Zagreb,Κκ Μπόσκο Ζάγκρεμπ,کارونی بوسکو زاگرب
Rice Owls,Ράις Οολς,رایس اولز
CBA North All-Stars,ΚΒΑ Βορειοανατολικά Όλ Στάρς,سیبیای شمال آلاستارز
Legnano Knights,Λεγνάνο Νάιτς,لگنانو نایتس
Royal IV Brussels,Ρουάλ ΙΒ Μπράσλης,رویال چهارم بروکسل
Grand Rapids Gold,Γκράν Ράπιδς Γκολντ,گرند رپیدز گلد
Eisvogel Freiburg,Εισβόγελ Φράιμπουργκ,آیسووگل فرایبورگ
Fairleigh Dickinson Knights,Φέιρλιγκ Δίκινσον Ναίτς,فرلاین دیکینسون نایتس
Long Beach State Beach,Λονγκ Μπιτς Στέιτ Μπιτς,لانگ بیچ ستیت بیچ
Aisin Aw Wings,Αισίν Αου Γουινγκς,آیسین او دبلیوز
SBK Samorin,ΣΒΚ Σαμόριν,اس بی کی سامورین
Bnei Herzliya Basket,Μπνει Χερτσλιγιά Μπασκετ,بنی هرزلیا باسکت
KK Cibona,ΚΚ Τσιμπόνα,کارلونا کیبونا
Montana State Bobcats,Μόντανα Στέιτ Μπόμπκατς,مونتانا ستیت بابکاتس
Sacred Heart Pioneers,Σέικρετ Χάρτ Παΐονερς,سیکرید هارت پیوینرز
UAB Blazers,ΥΑΜ Μπλέιζερς,یوایبی بلیزرز
BC Apollon Limassol,Μπι Σι Απόλλων Λιμασσόλ,بی سی اپولون لیماسول
UMASS Minutewomen,ΥΜΑΣ Μινιυτουμίνεν,یوماس مینوتوومن
BC Kolossos Rhodes,Μπι Σι Κολοσσός Ρόδος,بی سی کولوسوس رودس
Pallacanestro Mantovana,Παλλακανέστρο Μαντοβάνα,پالاکانسترو مانتووانا
BC Levski,Μπι Σι Λευσκί,بی سی لووسکی
Dandenong Rangers,Νταντενόνγκ Ρέιντζερς,داندنونگ رنجرز
Artland Dragons,Άρτλαντ Ντράγκονς,آرتلند درگونز
Duke Blue Devils,Ντιουκ Μπλυ Ντέβιλς,دوک بلو دیویلز
Mercyhurst Lakers,Μέρσιχαρστ Λέικερς,مرسی هرست لیکرز
AEO Proteas Voulas,ΑΕΟ Πρωτέας Βούλας,آئی او پروتئاس وولاس
CB Cojute,ΚΒ Κουτέ,سی بی کوجوته
KK Dinamo Zagreb,ΚΚ Δινάμο Ζάγκρεμπ,کی کی دینامو زاگرب
CB Estudiantes,ΚΒ Εστουδιαντές,سی بی استودیانتس
Montenegro,Μαυροβούνιο,مونته نگرو
CEB Puerto Montt,ΚΕΒ Πουέρτο Μόντ,سی ای بی پورتو مونت
Mazeikiai M Basket,Μαζεικιάι Μ Μπασκέτ,مزیکیای م باسکت
Japan,Ιαπωνία,جاپان
BC Novy Jicin,ΜΒ Νόβι Γιτσίν,بی سی نووی ییچین
Italy,Ίταλι,ایتالیا
Uniao Sportiva,Ουνιά Σπορτ Βίσα,یونیو سپورتیوا
Nika Syktyvkar,Νίκα Σίκτιβκαρ,نیکا سیکتیوکار
San Francisco Dons,Σαν Φρανσίσκο Δονς,سن فرانسیسکو دانز
Anadolu Efes SK,Αναδόλου Έφες ΣΚ,آنادولو افس اس کی
Vefa 1908,Βεφά 1908,وفا 1908
Petro de Luanda,Πετρό ντε Λουάντα,پترو د لواندا
APOP Paphos,ΑΠΟΠ Πάφος,آپوپ پافوس
Dallas Mavericks,Ντάλας Μαχαβιές,دالاس مکس
Timplados Hotshots,Τιμπλάντος Χότσοτς,تیمپلادوس هاتشوتس
Beirut SC,Μπέιρουτ ΣΚ,بیروت اسسی
CS Municipal Galati,ΚΣ Μονικιπάλ Γκαλάτι,سیاس مونیسیپال گالاتی
Brussels Basketball,Μπρυσελς Μπάσκετ,بروسلز بسکتبال
Arkansas Razorbacks,Άρκανσας Ρέιζερμπακς,آرکنساس ریزربکس
Ovarense Basquetebol,Οβαρένσε Μπασκετμπολ,اوارنسه باسکتبال
Kk Bosco,Κκ Μπόσκο,کای کی بوسکو
Leuven Bears,Λέουβεν Μπέαρς,لوون بیرز
Club Trouville,Κλαμπ Τρουβίλ,کلب تروویل
Busan BNK Sum,Μπουσάν ΜΠΝΚ Σαμ,بوسان بیانکی سام
Newcastle Falcons,Νιουκάστλ Φάλκονς,نیوکاسل فالکونز
Northern Arizona Lumberjacks,Νόρθερν Άνζονα Λάμπερτζακς,نورذن ایزونی لامبرجکس
Bima Perkasa Jogja,Μπίμα Περκάσα Τζόγκια,بیما پرکاسا جوجا
BC Telsiai,Μπί Σι Τελσιάι,بیسی تلسیای
Landerneau Bretagne Basket,Λαντερνου Μπρατσάν Μπασκέτ,لاندرنو برتان باسکت
Basketball Lowen Braunschweig,Μπασκετάουλ Λόουεν Μπράουνσχαϊγκ,بسکتبال لوئن براونشویگ
Slovakia,Σλοβακία,اسلواکیا
KP Brno,ΚΠ Μπρνο,کیپی برنو
Stal Ostrow Wielkopolski,Σταλ Οστρόου Βιελκόπολιςκι,استال استرو ویلکوپولسکی
Camberwell Dragons,Κάμπεργουελ Ντράγκονς,کمبرول درگونز
Hapoel Holon BC,Χαπόελ Χόλον Μπί Σι,هاپوئل هولون بیسی
New Zealand Breakers,Νιου Ζηλανδ Μπρέικερς,نیوزیلند بریکرز
Asa Koroivos,Άσα Κοροϊβος,آسا کورویوس
Skk Polonia Warszawa,Σκκ Πολόνια Βαρσοβά,اسکی پولونیا ورشوا
Olympiakos Pireaus,Ολυμπιακός Πειραιάς,اولمپیاکوس پیرئوس
Indiana Fever,Ίντιανα Φιβερ,ایندیانا فیور
Dinamo Novosibirsk,Ντινάμο Νοβοσιμπρσκ,دینامو نووسیبرسک
Geelong Supercats,Γκιλινγκ Σουπεκατς,جیلینگ سوپرکتس
Mattersburg Rocks,Ματερσμπουργκ Ροκς,ماترسبورگ راکس
Sandringham Sabres,Σαντρινγχαμ Σέιμπλς,سندرینگهام سیبرز
AEL Limassol BC,ΑΕΛ Λιμασσού Μπάσκετ,آئی ایل لیماسول بی سی
BC Beroe SZ,ΒΚ Μπέροε ΣΖ,بیسی بروه اسزد
Ir Reykjavik,Ήρ Ρέικιαβικ,ایر ریکساویک
Nuremberg Falcons BC,Νιούρμβεργκ Φάλκονς ΜπΚ,نورنبرگ فالکنز بیسی
Rutgers Scarlet Knights,Ράτγκερς Σκάρλετ Νάιτσ,راتجرز سکارلت نایتس
Sam Basket Massagno,Σαμ Μπάσκετ Μασσάγνο,سام باسکت ماساگنو
Maryland Terrapins,Μέριλαντ Τερράπινς,مریلند تراپینز
BC Minsk,ΒΚ Μινσκ,بیسی مینسک
Greece,Ελλάδα,یونان
CD AB Temuco,ΚΔ ΑΜ Τέμουκο,سیدی ایبی تموکو
Diamond Valley Eagles,Ντάιαμοντ Βέλεϊ Έιγλς,دایموند والی ایگلز
Milwaukee Bucks,Μίλωουακι Μπακς,میلووکی باکس
Kansas Jayhawks,Κάνσας Τζέιχουκς,کنساس جیهوکز
BK Opava,Μπί Κι Οπάβα,بی کی اوپاوا
Altiri Chiba,Αλτίρι Τσίμπα,التیری چیبا
Wake Forest Demon Deacons,Γουέικ Φορεστ Ντεμον Ντέικονς,ویک فورست دمون دیکنز
Elachem Vigevano 1955,Ελακέμ Βιγκεβάνο 1955,الاچم ڤیگوانو 1955
USC Trojans,ΥΣΚ Τρόιανς,آی اس سی ٹروجنز
BC Zaporizhya,Μπί Σι Ζαπορίζυα,بی سی زاپوریژیا
PS Karlsruhe Lions,ΠΣ Κάρλσουε Λάιονς,پی اس کارلسھایو لائنز
Bentley Falcons,Μπέντλεϊ Φάλκονς,بنٹلے فالکنز
New Orleans Pelicans,Νιου Ορλεάνης Πελικάντς,نیو اورلئنز پلیسنتس
Tarleton State Texans,Ταρλτον Στέιτ Τίξανς,تارلتون اسٹیٹ تینز
Manly Warringah Sea Eagles,Μάνλυ Γουάρινγκαχ Σί Ίλς,مینلی وارنگہ سی ایلز
Boraas Basket,Μπόρας Μπασκέτ,بوراس بسکٹ
Michigan Wolverines,Μίσιγκαν Γουόλβερινς,مشی گن ولوورائنز
Basket Golfo Piombino,Μπασκέτ Γκολφο Πιόμπινο,بسکٹ گولفو پیومبینو
Keravnos Strovolou Nicosia,Κεραβνός Στροβολού Νίκοσια,کیرونوس سٹروولو نیکوزیا
Bankstown Bruins,Μπάνκσταουν Μπρουζ,بینکسٹاون برونز
Wonju DB Promy,Γουόντζου Ντι Μπρόμι,وونجو دی بی پرومی
Pato Basquete,Πάτο Μπασκέτ,پٹو بسکٹ
Elan Bearnais Pau-Lacq-Orthez,Ελαν Μπερνέ Πω-Λακ Ορθεζ,Īlān Bērnāīs Pō-Lāk-Ōrthēz
Slovenia,Σλοβενία,Slōvēniyā
Woodville Warriors,Γουόνβιλ Γουάριορς,Vūdvīl Vōl'vərīnz
Notre Dame Fighting I.,Νότρε Ντέιμ Φάιτινγ Ι.,Nōtr Dām Faitin' Ī.
Utah Valley Wolverines,Γιουτά Βάλεϊ Γουλφερινς,Yūtəh Vāl'vī Vōl'vərīnz
USC Trojans,ΥΣΚ Τρόπανς,Yū-Ēs-Sī Trōjənz
Japan,Ιαπωνία,Jāpən
SKS Starogard Gdanski,ΣΚΣ Σταρογκάρνσκι,Ēs-Kē-Ēs Stārōgārd Gdānski
Baloncesto Leganes,Μπαλονσέστο Λεγκάνες,Bālōnkestō Lēgənēs
South Sudan,Νότια Σουδάν,Sauθ Sūdān
Willetton Tigers,Γουίλετον Τίγρης,ویلتون تایگرز
Hapoel Eilat,Χαποέλ Εϊλάτ,هاپول ایلات
Iceland,Ισλανδία,ایسلند
BC Andorra,Μπι Σι Αντόρα,بیسی اندورا
Israel,Ισραήλ,اسرائیل
VBW Cekk Cegled,ΒΒΓ Τσεκ Τσεγκλεντ,ویبیدبلیو چک چگلد
Nanterre 92,Ναντερέ 92,نانتره ۹۲
Perth Redbacks,Περθ Ρεδμπεκς,پرت ه ردبکس
Egypt,Αίγυπτος,مصر
San Jose State Spartans,Σαν Τζος Στέιτ Σπάρτανς,سن جوز اسٹیٹ سپارٹنز
MKS Start Lublin II,ΜΚΣ Σταρτ Λούμπλιν II,میکیاس ستارت لوبلین دوم
New Basket Brindisi,Νιου Μπασκετ Μπριντζί,نیو باسکت بریندیسی
Skyliners Frankfurt,Σκάιλινερς Φρανκφούρτης,اسکایلاینرز فرانکفورت
Zenit Saint Petersburg,Ζένιτ Σαιντ Πετερσμπουργκ,زنیت سنت پترزبورگ
Nidaros Jets,Νίνταρος Τζετς,نیداروس جتس
Hobart Chargers,Χόμπαρτ Τσάργκερς,هوبارت چارجرز
New Zealand,Νέα Ζηλανδία,نیوزیلند
Pallacanestro Fiorenzuola,Παλλακανέστρο Φιορεντζουλα,پالاکانسترو فیورنزوولا
Emmanuel Lions,Εμμανουέλ Λάιονς,امانوئل لاینز
Kaposvari KK,Καποσβάρι ΚΚ,کاپوشواری کیکی
Kawasaki Brave Thunders,Καβασάκι Μπρέιβ Θάνδερς,کواساکی بریو تاندرز
Spirou Charleroi B,Σπίρου Σαρλερόι Βι,اسپیرو چارلروی بی
Finland,Φινλανδία,فنلاند
CA Goes,ΚΑ Γκόες,سی ای گوز
Norths Bears,Νόρθς Μπιάρς,نورتس بیرز
Cambodia,Καμπότζη,کامبوج
Maccabi Tel-Aviv,Μακκάμπι Τελ-Αβίβ,مکابی تل-اویو
Hottur,Χόττουρ,هوتور
Akronos Moncalieri,Ακρόνος Μονκαλιέρι,آکرونوس مونکالیری
Jamestown Jackals,Τζαμάισταϊν Τζάκαλς,جماستاون جکالز
Beijing Ducks,Μπίτζινγκ Ντακς,بیجینگ داکس
Basketball Nymburk,Μπάσκετ Νυμπούρκ,بسکتبال نیمبورک
BC Nevezis Kedainiai,Μπί Σί Νεβέζις Κενταίνιαι,BC نوئزیس کداینیای
Indiana Pacers,Ίντιανα Πέικερς,ایندیانا پینسرز
Estonia,Εσθονία,استونی
Urunday Universitario,Ουρούνταϊ Ουνιβερσιτάριο,اوروندای یونیورسیتاریو
CS Municipal Targu Mures,Σί Εσ Μονικιπάλ Τάργκου Μούρες,CS مونیسیپال تارگو مورس
Toros De Aragua,Τόρος Δε Αράγκουα,توروس د اراگوا
South West Metro Pirates,Νότιο Ντο Μεστρό Πέιρατς,جنوب غرب مترو پیترز
Penrith Panthers,Πένριθ Πάνθερς,پنریت پنترز
Louisville Cardinals,Λουισβιλ Καρντινάλς,لوییسویل کاردینالز
Kennesaw State Owls,Κέννεσου Στέιτ Όουλς,کنسو اسٹیٹ اولز
Manawatu Jets,Μαναγκάτου Τζετς,ماناواتو جٹس
Fantasmas San Vicente,Φάντασμας Σαν Βισέντε,فانتاسماس سان ویسنٹی
Colorado State Rams,Κολοράντο Στέιτ Ραμς,کولورادو اسٹیٹ رمز
Southern University Jaguars,Νότια Πανεπιστήμιο Τζαγκουάρ,ساؤٹرن یونیورسٹی جیکوئلز
Yale Bulldogs,Γέιλ Μπάτγουλς,ییل بڈگلز
AS Ramat Hasharon,ΑΣ Ραματ Χασαρών,ایس رمت ہشارون
Virginia Union Panthers,Βιρτζίνια Γκάουνιον Πάνθερς,ورجینیا یونیون پینٹرز
Bkg-Prima,Μπκγ-Πρίμα,بکگ-پریما
Logan Thunder,Λόγκαν Θάντερ,لوگان تاندر
Albacete Basket,Αλμπακέτε Μπασκέτ,آلباچته بسکت
Czech Republic,Τσεχική Δημοκρατία,جمهوری چک
UCAM Murcia,ΟΥΚΑΜ Μούρθια,یوکام مورسیا
Metapan BC,Μεταπάν Μπί Σι,متاپان بیسی
Bumi Borneo Basketball Pontianak,Μπούμι Μπόρνεο Μπασκέτ Ποντιανάκ,بومی بورنئو بسکتبال پونتیاناک
Upper Austrian Ballers,Άνω Ουστριακοί Μπάλερς,آپر اتریش بالرز
Missouri St Louis Tritons,Μισούρι Στ. Λουίς Τρίτονς,میزوری سنت لوئیس تریتونز
Lander Bearcats,Λάντερ Μπέαρκατς,لندر بیرکتس
KK Gorica,ΚΚ Γκορίτσα,کیکی گوریتسا
Seyhan Belediyespor,Σεϊχαν Μπελεντιϊεσπορ,سیهان بلدیهسپور
USA,ΥΣΑ,آمریکا
BC Polkowice,Μπι Σι Πολκοβιτσε,بیسی پولکوویتس
Kangoeroes Basket Mechelen,Κανγκοροεσ Μπασκετ Μετσελεν,کانگوروز بسکت مچلن
Shanxi Xing Rui Flame,Σανξι Ξινγκ Ρουι Φλαμε,شانشی ایکسینگ روئی فلیم
Atenas Cordoba,Ατενας Κορντομπα,آتناس کوردوبا
Maccabi Rehovot,Μακκαμπι Ρεχοβοτ,مکابی رهووت
Basket Brno,Μπασκετ Μπρνο,بسکت برنو
Hba-Marsky,Χμπνερ Νυιρεγιχαζα Μπι Σι,هبنر نیرهگیهازا بیاس
Hubner Nyiregyhaza BS,Χουμπνερ Νυιρεγιχαζα Μπι Σι,هابنر نیرهگیهازا بیاس
China,Χάινα,چین
BK Amager,Μπί Κι Άμαγκερ,بیکی اماگر
Pallacanestro Sala Consilina,Παλλακανεστρό Σάλα Κονσιλίνα,پالاکانسترو سالا کونسیلینا
Hornsby Spiders,Χορνσμπαϊ Σπάιντερς,هورنسبی اسپایدرز
Team Lebron,Ομάδα Λεμπρόν,تیم لبرن
Mes Kerman,Μες Κερμάν,مس کرمان
Obras Sanitarias,Ομπράς Σανιτάριας,ابراس سانیتاریس
Wis Green Bay Phoenix,Γουίς Γκριν Μπέι Φοξενικς,ویس گرین بی پیکس
France,Γαλλία,فرانسه
Holbaek-Stenhus,Χολμπάεκ-Στενχους,هولباک-استنهوس
Joondalup Wolves,Τζουνταλούπ Γουλφς,جوندالوپ ولفز
London Lightning,Λονδιν Λιτνινγκ,لندن لیگتن
Southern Districts Spartans,Νότια Περιοχή Σπάρτανς,ساوترن دیستریکت سپارتنز
Centauros de Portuguesa,Κεντάουρος ντε Πορτογκέζα,سنتاوروس ده پرتوگالسا
Quimsa Santiogo Del Estero,Κουίμσα Σαντιάγκο ντε Εστερό,کویمسا سانتیاگو دل استرو
JS Menzah,ΤζΕ Μενζά,جی اس منزا
KK Triglav Kranj,ΚΚ Τρίγλαφ Κράνι,کی کی تریگلاو کرانج
San Diego State Aztecs,Σαν Ντιγκο Στέιτ Αζτέκς,سن دیگو استیت ازتکز
Southern Arkansas Muleriders,Νότια Αρκάνσας Μαϊλεράιντερς,ساوترن آرکانزاس مولرایدرز
Wwu Baskets Munster,Γουου Μπάσκετς Μούνστερ,وی وی یو بسکتس مونستر
Western Port Steelers,Ουέστερν Πορτ Στίελερς,وسترن پورت استیلرز
Ionikos Nikaias BC,Ίωνικος Νικαίας ΜπΚ,ایونیکوس نیکایاس بیسی
Kk Podgorica,ΚΚ Ποτγκόριτσα,کیکی پادگوریتسا
Lakeland Magic,Λέικλαντ Μάγικ,لیکلند مجیک
Hamburg Towers,Χαμμπουργκ Τάουερς,هامبورگ تاورز
Baylor Bears,Μπέιλορ Μπέαρς,بیلور بیرز
Taipei  Fubon Braves,Ταϊπέι Φουμπόν Μπρέιβς,تایپه فوبون بریوز
Ada Blois Basket 41,Άντα Μπλόι Μπασκέτ 41,آدا بلوئیس باسکت ۴۱
Antibes Sharks,Άντιμπ Σαρκς,آنتیب شارکز
North Gold Coast Seahawks,Νορθ Γουλδ Κόστ Σάλουικς,نورت قلد کواست سیکولز
Washington Wizards,Ουάσινγκτον Γουίζαρντς,واشنگتن ویزاردز
Sichuan Blue Whales,Σιτσιαν Μπλου Ουέιλς,سیچوآن بلو ویلز
Akita Northern Happinets,Ακίτα Νόρθερν Χαπινετς,آکیتا نارترن هاپینتز
Bosnia & Herzegovina,Βοσνία & Ερζεγοβίνη,بوسنیا و هرزگوین
Fortitudo Agrigento,Φορτιτούντο Αγκρίγκεντο,فورتیتودو آگرینتو
KOS Celovec,ΚΟΣ Κελόβετς,کی او اس دی کلووچ
Maccabi Raanana,Μακκαμπι Ραανανά,ماکابی رانانا
CSD Comunicaciones,ΚΣΔ Κομουνικασιόνες,سی اس دی کامونیکاسیونز
Alba Berlin,Άλμπα Μπέρλιν,آلبا برلین
FC Barcelona,ΦΚ Μπαρτσελόνα,اف سی بارسلونا
Launceston Tornadoes,Λάουνκεστον Τορνάουντς,لانستون تورنادوز
Satya Wacana LBC,Σάτια Βακάνα ΛΒΚ,ساتیا واکانا البیسی
Basket Crema,Μπάσκετ Κρέμα,باسکت کرما
Boston Celtics,Μπόστον Κέλτικς,بوستون سلتیکس
Southside Flyers,Ντάουτθσαιδ Φλάιερς,ساوتساید فلایرز
Spirou Charleroi,Σπίρου Σαρλερόι,اسپیرو چارلروای
Phoenix Hagen,Φοίνιξ Χάγεν,فینیکس هاگن
BK SK Umb Banska Bystrica,ΜπΚ ΣΚ Ουμπ Μπάνσκα Μπίστριτσα,بیکی اسکی امب بانسکا بیستریکا
LTHcast Mercator,ΛΤΗκαστ Μερκάτορ,التیاچ امرکاتور
Bisons Loimaa,Μπίσονς Λοϊμάα,بیسونز لویما
Gussing/Jennersdorf Blackbirds,Γκουσινγκ/Τζένερσντορφ Μπλακμπάρντς,گوسینگ/جنرزدورف بلکبردز
Helsinki Seagulls,Χέλσινκι Σιγκούλς,هلسینکی سگالز
BC Guco Lier,Μπι Σι Γκουκο Λιερ,بی سی گوکو لیر
Southern Districts Spartans,Νότια Διαμερίδα Σπάρτανς,ساوترن دیستریکتس اسپارتنز
BCM Orli Prostejov,Μπι Σι Μι Ορλί Προστεζόβ,بی سی ام اورلی پروستجوو
Sluneta Usti nad Labem,Σλουνέτα Ουστί ναντ Λαμπέμ,اسلونتا استی ناد لابم
Maccabi Haifa,Μακκάμπι Χαΐφα,مکابی هیفا
Obradoiro CAB,Ομπραντοϊρο ΚΑΜ,ابرادویرو سی ای بی
Canterbury Rams,Κάντερμπερι Ραμς,کانتربری رمز
Kangoeroes Mechelen,Κάνγκοεροες Μετσελέν,کانگورئوس مکلن
Arkansas Little Rock Trojans,Άρκανσας Λιτ Ροκ Τρόιανς,آرکنساس لیتل راک تروجنز
Mississippi State Bulldogs,Μίσισιπι Στέιτ Ντογκιλς,میسیسیپی ستیٹ بادگلز
Norrkoping Dolphins,Νόρκοπινγκ Ντόλφινς,نورکوپینگ دولفینز
Manisa BBSK,Μανίσα ΜπΒΣΚ,مانیسا بیبیاسکی
Mackay Meteorettes,Μάκει Μετεόρετς,مکی متیوریتس
Panthers Schwenningen,Πάνθερς Σβένινγκεν,پانترز شونینگن
South West Metro Pirates,Νότιο δυτικό Μέτρο Πάιριτς,ساوت وست مترو پیریتس
Guinea,Γουινέα,گینه
Oregon Ducks,Όρεγκον Ducks,اورگن داکس
SC Corinthians Paulista,SC Κορινθίους Παούλιστα,اسسی کورینتینس پاؤلیستا
Bendigo Spirit,Μπέντιγκο Σπίρτ,بندیگو اسپیریت
Iowa State Cyclones,Ίουα Στέιτ Κάικλονς,ایوا استیت سایکلونز
Vermont Catamounts,Βέρμοντ Καταμάουντς,ورمونت کتامانتس
Yoast United,Γιόαστ Γιουνάιτεντ,یوست یونایتد
Arka Gdynia,Άρκα Γκντίνια,آرکا گدینیا
Fea Nf Nx,Φέα Νφ Νξ,فیا انف ان ایکس
Lee University Flames,Λι Γκιουνιβέρσιτι Φλέιμς,لی یونیورسیتی فلیمز
Ivory Coast,Ακτή Ελεφαντοστού,سیشل ایوری
Northwestern Wildcats,Νόρθουεστερν Γουίλκατς,نورت وسترن ویلکتس
Graffenstaden,Γκραφενσταντεν,گرافناستادن
BK Zabiny Brno,ΜπΚ Ζαμπίνι Μπρνο,بیکی زابینی برنو
San-En Neophoenix,Σαν-Εν Νεοφηξ,سن-ان نئوفینیکس
Point Loma Nazarene Sea Lions,Ποιντ Λόμα Ναζαρέν Σί Λιονς,پوینت لوما نازارین سی لیونز
CA Nacional Potosi,ΚΑ Νακιοναλ Ποτόσι,سیای اناکشنال پوتوسی
GS Ermis Sximatariou,ΓΣ Έρμις Σξιματάριου,جیاس ارمیس سیماتاریو
BK Liepaja,ΜπΚ Λιεπάγα,بیکی لیپایا
Iona Gaels,Ίονα Γκίλς,آیونا گیلز
Geraldton Buccaneers,Γκέραλντον Μπικέρντς,جرالدتون بوکسرز
Kk Posusje,Κκ Ποσούσιε,کارون کی پوسوشجه
Nadir Gold Istanbul Basket,Ναντίρ Γκολντ Ιστανούλ Μπασκέτ,نادیر گلد استانبول باسکت
Shanghai Sharks,Σάνγκηαι Σάρκς,شانگهای شارکز
Lithuania,Λιθουανία,لیتوانی
Bahcesehir Koleji,Μπαχεσέχιρ Κολέτζι,بهچه سههیر کولهجی
CD Colegio Los Leones,ΚΔ Κολέγιο Λος Λεόνες,سیدی کولهجیو لوس لئونز
Grand Canyon Antelopes,Γκραντ Κάνυον Άντελόπες,گرند کانیون انتلوپس
Yokohama B-Corsairs,Γιοκοχάμα Μπι-Κορσέιρς,یوکوهاما بی-کورسیرز
BC Oostende,Μπι Σι Οοστέντε,بیسی اوستنده
Sjuharads Basket,Σιουχαράντς Μπάσκετ,سوهاراد باسکت
Vanderbilt Commodores,Βάντερμπουρτ Κομμοντόρες,وندربیلت کامودورز
Leones de Ponce,Λεόνες ντε Πόντσε,لئونز ده پونسه
Cbc Valladolid,Σι Βι Σι Βαλαντόλιντ,سی بی سی والادولید
Hitachi High-Tech Cougars,Χιτάτσι Χάιγκ-Τεκ Κουγκάρς,هیتاچی هایث-تک کوگرز
Romania,Ρουμανία,رومانیا
Okk Novi Pazar,Όκκ Νόβι Παζάρ,اوک نووی پازار
Bears Academy,Μπέαρς Ακαδημία,بیرز اکادمی
Bankstown Bruins,Μπάνκσταουν Μπρουζ,بانکستاون بروینز
KTP Basket Kotka,ΚΤΠ Μπάσκετ Κότκα,کی تی پی بسکت کوتکا
Cherno More IG,Τσερνό Μόρε ΊΤΖΙ,چرنو موره ای جی
Libertadores de Queretaro,Λιμπερτάντορες ντε Κερετάρο,لیبرتادورز ده کورتارو
Newcastle Falcons,Νιουκάστλ Φάλκονς,نیوکاسل فالکینز
Atlanta Dream,Σι Βι Σι Βαλαντόλιντ,آتلانتا دریم
Kapfenberg Bulls,Χιτάτσι Χάιγκ-Τεκ Κουγκάρς,کاپفنبرگ بولز
CD Puente Alto,Ρουμανία,سی دی پوئنته آلتو
Turkiye,Όκκ Νόβι Παζάρ,ترکیه
Spain,Μπέαρς Ακαδημία,اسپانیا
Sweden,Μπάνκσταουν Μπρουζ,سوئد
Portugal,ΚΤΠ Μπάσκετ Κότκα,پرتغال
Ironi Ness Ziona,Τσερνό Μόρε ΊΤΖΙ,آیرونی نس زیونا
Club Ourense Baloncesto Sad,Λιμπερτάντορες ντε Κερετάρο,کلوب اورنسه بالونستو ساد
Pallacanestro Firenze,Νιουκάστλ Φάλκονς,پالاکانسترو فیرنزه
Sluc Nancy Basket,Σλουκ Νάνσι Μπάσκετ,سلوک نانسی بسکت
Cal State San Bernardino Coyotes,Καλ Στέιτ Σαν Μπέρναρντινο Κόγιους,کال ستیت سان برناردینو کویدز
Southern Methodist Mustangs,Νότια Μέθοδον Μάστανγκς,ساوترن مسدونگ ماستنگز
Wellington Saints,Γουέλινγκτον Σέιντς,ولینگتون سینتس
Central Oklahoma Bronchos,Κεντραλ Οκλαχόμα Μπρόντσος,سنترال اوکلاهوما برونچوز
Seydou Legacy Athletique Club,Σεϊντου Λέγακι Αθλητικού Κλαμπ,سیدو لگاسی اتلتیک کلاب
Kauhajoki Karhu Basket,Κάουχαζόκι Κάρχου Μπάσκετ,کاوهایوکی کارهو بسکت
Ilker Sehri Usak,Ιλκερ Σεχρί Ουσάκ,ایلکر سهری اوساک
Louisiana Tech Lady Techsters,Λουιζιάνα Τεκ Λέιδι Τεκστερς,لوئیزیانا تک لیدی تکسترز
Fordham Rams,Φόρνταμ Ραμς,فوردهام رامز
Neftyanik Omskaya Oblast,Νεφτιανικ Ομσκα Ομπλαστ,نفتیانیک اومسکایا اوبلاست
Piratas de La Guaira,Πειρατάς Ντε Λα Γκουάιρα,پیراتاس د لا گوئیرا
Ningbo Rockets,Νινγκμπο Ροκετς,نینگبو راکتس
Alvik BBK,Αλβικ ΜπΜΚ,الویک بی بی کی
Nassjo Basket,Νασσιο Μπασκετ,ناسجو باسکت
Seattle Storm,Σιατλ Στορμ,سیئول استورم
Sichuan Jinqiang Blue Whale,Σιτσουαν Τζινκιανγκ Μπλου Γουέιλ,سیچوان جینکیانگ بلو ویل
Guaiqueries De Margarita,Γκοαικουεριες Ντε Μαργκαρίτα,گوئیکوریس د مارگاریتا
BC Komarno,Μπι Κι Κομαρνο,بی سی کومارنو
Hapoel Rishon Letzion,Χαποελ Ρισόν Λετζιον,هاپوئل ریشون لتزیون
Kk FSV Rijeka,Κέ ΦΣΒ Ρίγκεα,کارولین فسو ریجکا
Bali United BC,Μπάλι Γιουνάιτεδ Μπι Σι,بالی یونایتد بیسی
Alcorn State Braves,Άλκορν Στέιτ Μπρέιβς,الکورن اسٹیٹ بریوز
Uganda,Ουγκάντα,اوگاندا
Zamboanga Valientes,Ζαμποάνγκα Βαλιέντες,زمبوانگا والینتس
Rostock Seawolves,Ρόστοκ Σιουόλβες,روسٹاک سیوولوز
BCM Gravelines Dunkerque,ΜπΙΣΕΜ Γκράβελινς Ντανκερκ,بیسیام گریولاینز دنکرک
Cleveland Charge,Κλίβελαντ Τσάρτζ,کلیولنڈ چارج
LG Sakers,ΛΤ Σέικερς,الجی سیکرز
Southern Tigers,Σάουθερν Τάιγερς,ساؤٹھرن ٹائگرز
Lebanon,Λεμπάνον,لبنان
Sfs Bcca Neufchateau,ΣΦΣ Μπκα Νευφστέο,سفس بکا نوفشاتو
Sportul Studentesc Bucuresti,Σπορτουλ Στουντεντεσκ Μπουκουρεστί,اسپورتول استودنتسک بوکورستی
Zlatorog Lasko,Ζλατορόγκ Λάσκο,زلاتوروگ لاسکو
Incheon Shinhan Bank S-Birds,Ίντσιον Σίνχαν Μπανκ Σ-Μπερντς,اینچون شینهان بانک اس-بیردز
ESB Villeneuve du00b4Ascq,ΕΣΜ Βιλενούβ ντ'Ασκ,ای اس بی ویلنوو د'اسک
Georgia,Γεωργία,گرجستان
Debreceni EAC,Ντεμπρετσένι ΕΑΚ,دبرچنی ای ای سی
Toyota Antelopes,Τοϊότα Αντελόπες,تویوتا انتلوپز
Hapoel Haifa BC,Χαπόελ Χάιφα Μπι Σι,هاپوئل هیفا بی سی
Guangdong Vermilion Birds,Γκουάνγκντονγκ Βερμίλιον Μπιρντς,گوآنگدونگ ورمیلیون بیردز
Cameroon,Καμερούν,کامرون
Newfoundland Rogues,Νιουφαουντλαντ Ρογκες,نیوفاندلند روگز
Ehime Orange Vikings,Εχίμε Οράντζ Βίκινγκς,اهیمه اورنج ویکینگز
Thailand,Ταϊλάνδη,تایلند
Kk Parnu,Κκ Πάρνου,کا پارنو
Capitanes Ciudad de Mexico,Καπιτάνες Σιουντα ντε Μεξικό,کاپیتانز سیوداد ده مکزیکو
Czech Republic,Τσεχία,جمهوری چک
Jordan,Ιορδανία,اردن
Haneda Vickies,Χανέντα Βίκις,هاندا ویکیز
JDA Dijon Basket,ΤζΙ Ντι Ντζον Μπάσκετ,جیدیای دیجون بسکت
Serbia,Σερβία,صربستان
Batang Pier,Μπατάνγκ Πιερ,باتنگ پیر
Princeton Tigers,Πρίνστον Τάιγζερς,پرینستون تایگرز
Bilbao Basket,Μπίλμπαο Μπάσκετ,بیلبائو بسکت
Penarol Mar Del Plata,Πενάρολ Μαρ Ντελ Πλάτα,پنارول مار دل پاتا
Troemso Storm,Τροέμσο Στορμ,ترومسو استورم
North Texas Mean Green,Νορθ Τένας Μιν Γκριν,نورت تکساس مین گرین
Chicago Bulls,Σικάγο Μπουλς,چیکاگو بولز
Vanoli Cremona,Βανόλι Κρεμόνα,وانولی کرمونا
Virtus Eirene Ragusa,Βίρτους Ειρήνη Ραγκούζα,ویرتوس ایرنه راگوزا
CD Castro,ΚΔ Κάστρο,سیدی کاسترو
Antranik,Αντράνικ,آنترانیک
Baloncesto Fuenlabrada,Μπαλονιστό Φουενλαμπράντα,بالونستو فوئنلابرادا
Bosnia & Herzegovina,Βοσνία & Ερζεγοβίνη,بوسنی و هرزگوین
Asa Jerusalem,Άσα Ιερουσαλήμ,آسا یروشلم
Aomori Wats,Άομορι Γουάτς,آوموری واتس
Fjolnir Reykjavik,Φιόλνιρ Ρεϊκιαβίκ,فیولنیر ریکیاویک
Vaqueros de Bayamon,Βακέρος ντε Μπαγιάμον,واکروس ده بایامون
CAB Madeira,ΚΑΜ Μαδέιρα,سیایبی مادیرا
MBA Moscow,ΜΒΑ Μόσχα,می بی ای مسکو
Virtus Kleb Ragusa,Βίρτους Κλεμπ Ραγκούσα,ویرتوس کلب راگوزا
Gornik Walbrzych,Γκόρνικ Βαλμπζιχ,گورنیک والبزیش
Florida Gulf Coast Eagles,Φλόριντα Γκαουλ Κορσ Ίλς,فلوریدا گلف کوست ایئلز
Nelson Giants,Νέλσον Γιαντς,نلسون گینتس
Sydney City Comets,Σίδνεϊ Σίτι Κόμετς,سیدنی سیتی کامتس
KK TFT Skopje,ΚΚ ΤΦΤ Σκόπιε,کی کی تی اف تی اسکوپجه
Gigantes de Guayana,Γκιγάντες ντε Γκουάγιανα,گیگانتس ده گویانا
Albania,Αλβανία,آلبانیا
MKS Pruszkow,ΜΚΣ Προυσκόβ,ام کی اس پروشکو
BC Goverla,ΒΚ Γκοβέρλα,بیسی گوورلا
Argentino Junin,Αργεντίνο Τζουνίν,آرژانتینو جونین
Maitland Mustangs,Μέιτλαντ Μάστανγκς,میتلند ماستانگز
Titanes del Distrito Nacional,Τιτάνες ντελ Ντιστρίτο Νασιόναλ,تیتانههای دیستریتو ناسیونال
ASD San Martino di Lupari,ΑΣΝ Σαν Μάρτινο ντι Λουπάρι,آسدی سان مارتینو دی لوپاری
Ullern BK 1,Ουλερν ΜπΚ 1,ال اولرن بیکی 1
Cerrado Basquete,Κερράντο Μπασκέτε,چرادو باسکته
BK Decin,ΜπΚ Δεκίν,بیکی دئچین
AL Riyadi Beirut,ΑΛ Ριγιάντι Μπέρουτ,آل ریادی بیروت
Benfica Lisboa,Μπενφίκα Λισσόβα,بنفیکا لیسبوا
Art Giants Dusseldorf,Άρτ Γιάντς Δούσελντοφ,آرت گینتس دوسلدورف
High Point Panthers,Χάι Ποιντ Πάνθερς,های پاینت پنتهارز
Balkan Botevgrad,Μπάλκαν Μποτεφγκραντ,بالکان بوتووگراد
Bambitious Nara,Μπαμπιζιούς Νάρα,بامبیشوس نارا
Drexel Dragons,Ντρέξελ Δράγκονς,درکسل دریگونز
Kk Split,ΚΚ Σπλίτ,کی کی اسپلیت
North Adelaide Rockets,Νορθ Αδελαΐδα Ροκετς,نورت آدلاید راکتس
PGE Turow Zgorzelec,ΠΓΕ Τούρου Ζγκόρζελτς,پیجیای توروو زگورزلچ
Saga Ballooners,Σάγκα Μπαλουνέρς,ساگا بالونرز
KD Ilirija,ΚΔ Ιλίρια,کیدی ایلیریجا
Virtus Imola,Βίρτους Ίμολα,ویرتوس ایمولا
Alma Academy Jeannois,Άλμα Ακαδημία Τζενουά,الما اکادمی جونو
CD Tinguiririca SF,ΚΔ Τινγκουιρίρικα Σέ Φέ,سی دی تینگویریریکا اس فی
Canada,Καναδάς,کانادا
Real Sebastiani Rieti,Ρεάλ Σεμπαστιάνι Ριέτι,رئال سبستیانی ریتی
Haukar,Χάουκαρ,هاوکار
Mladost Mrkonjic,Μλαντοστ Μρκονιτς,ملادوست مرکونجیچ
Singapore,Σιγκαπούρη,سنگاپور
EC Pinheiros SP,ΕΚ Πινείρος Σέ Πι,ای سی پینهیروس اس پی
Elan Chalon,Έλαν Τσαλόν,الان چالون
BC Jonava,ΒΚ Τζονάβα,بیسی جوناوا
Diamond Valley Eagles,Δαϊμόντ Βέλεϊ Έιγλς,دایموند والی ایگلز
Szolnoki Olaj Kk,Σζόλνοκι Ολαζ Κκ,سولونکی اولاج کیکی
Sao Jose dos Campos,Σάο Τζόζε ντος Κάμπος,سائو جوزه دوس کامپوس
Club Africain,Κλαμπ Αφρικάιν,کلاب افریقاین
Cleveland Cavaliers,Κλίβελαντ Καβάλιερς,کلیولند کاوالرز
Ringwood Hawks,Ρίνγκγουαχ Χόκς,رینگوود هاکس
Washington Mystics,Ουάσινγκτον Μύστικς,واشنگتن میستیکس
Cayirova Belediyesi,Καγιρόβα Μπελεντίγεσι,کاییرووا بلدیهسی
US Monastir,ΥΣ Μοναστήρ,آمریکا مونستیر
Team Deron,Τιμ Ντερον,تیم درون
Cankaya Universitesi,Κανκάγια Πανεπιστήμιο,جامعه کانکایا
Limburg United,Λίμπουργκ Γιουνάιτεντ,لیمبورگ یونایتد
Prawira Bandung,Πράουιρα Μπαντούνγκ,پراویرا باندونگ
NW Tasmania Thunder,ΝΤ Τασμάνσια Θάντερ,نوتومنیا تاندر
Tundja Yambol,Τουντζα Γιαμπολ,توندجا یامبول
Mandurah Magic,Μαντουρά Μάγικ,مندوراه مجیک
BC Vysocina,Μπι Σι Βισοτσίνα,بی سی ویسوچینا
Byblos,Μπίμπλος,بیبلوس
Den Helder Suns,Ντεν Χέλντερ Σανς,دن هلدر سانز
Apoel Nicosia,Άποελ Νίκοσια,آپوئل نیکوزیا
Spartak Subotica,Σπαρτάκ Σουμποτιτσά,اسپارتاک سوبوتیکا
Sacramento Kings,Σακραμέντο Κινγκς,ساکرامنتو کینگز
Eastern Suns,Ανατολικοί Ήλιοι,شرقی سانز
BC Enisey Krasnoyarsk,Μπί Ενισέϊ Κρασνογιάρσκ,بی سی انیسی کراسنویارسک
Basket SKT Ieper ,Μπάσκετ ΣΚΤ Ιέπερ,بسکت سکت ایپر
Bornova Belediye,Μπόρνοβα Μπελεντίε Μπάσκετ,بورنووا بلدیه
Gimle BK,Γκίμλε ΜπΚ,گیمله بی کی
Adelaide Lightning,Αδελαΐντ Λαίτνινγκ,آدلاید لایتنینگ
Saint-Amand Hainaut Basket,Σεν Αμαν Χαινό Μπάσκετ,سنت امند هینو بسکت
BK Budivelnik,ΜπΚ Μπουντιβέλνικ,بیکی بودیولنیک
Forssan Alku,Φορσσαν Άλκου,فورسان آلکو
East Stroudsburg Warriors,Αιστ Στράουντσμπουργ Γουάριορς,ایست ستراؤدسبورگ واریورز
Forestville Eagles,Φορεστβίλ Ίλις,فورستویل ایگلز
UMFN Njardvik,ΟΥΜΦΝ Νιαρντβικ,او ام اف انجاردویک
Petrarca Ubp Padova,Πετραρκα Ουμπι Παντοβα,پترارکا اوبی پادووا
Columbia Lions,Κολυμβία Λάιονς,کلمبیا لیونز
UMF Njardvik,ΟΥΜΤ Νιαρντβικ,او ام اف انجاردویک
Toledo Glass City,Τολέντο Γκλας Σίτι,تولدو گلاس کیتی
Karsiyaka Belediyespor,Καρσιγιάκα Μπελεντιγιέσπορ,کارسیاکا بلدیهاسپور
Ueb Cividale,Υεμ Κιβιντάλε,ویب چیویداله
Virtus Bologna,Βιρτούς Μπολόνια,ویرتوس بولونیا
Hapoel Tel-Aviv,Χαποέλ Τελ-Αβίβ,هاپوئل تل-آویو
City Oilers,Σίτι Ουίλερς,سیتی اویلرز
Jiangsu Dragons,Τζιάνγκσου Ντράγκονς,جیانگسو دراگونز
Iceland,Ισλανδία,آیسلند
Nef SK,Νεφ ΣΚ,نف اسکی
Cangrejeros de Santurce,Κανγκρεχεροσ ντε Σαντούρτσε,کانگرجروز ده سانتورسه
CD Espanol Osorno,ΣΔ Εσπανόλ Οσόρνο,سیدی اسپانیول اسورنو
Basquet Manresa,Μπασκετ Μανρέσα,باسکت مانرزا
Torpan Pojat,Τορπάν Ποϊάτ,تورپان پوجات
Ballarat Miners,Μπαλλαράτ Μίνερς,بالارات ماینرز
Giants Leverkusen,Γκιαντς Λεβέρκουζεν,جینتس لوروکزن
Brixia Basket,Μπρίξια Μπάσκετ,بریکسیا بسکت
Belfius Mons-Hainaut,Μπελφιους Μον-Χέινο,بلفیوس مونز-هینوت
Maryland Terrapins,Μέριλαντ Τεραπίνς,مریلند تراپینز
Rice Owls,Ράις Όουλς,رایس اولز
Gas Eunikos,Γκας Ευνικός,گاس اونیکوس
Fribourg Olympic,Φριμπουργκ Ολυμπιακός,فریبورگ اولیمپیک
Ukraine,Ουκρανία,اوکراین
Hume City Broncos,Χουμ Σίτι Μπρόνσους,هیوم سیتی برونزوز
Canberra Capitals,Κανβέρα Καπιτάλς,کنبرا کپیتالز
Mahram Tehran,Μαχράμ Τεχεράνη,مهرام تهران
UIC Flames,ΥΙΚ Φλέιμς,اوآیسی آی اینز
Buyuk Anadolu Spor,Μπουγιούκ Αναντόλου Σπορ,بیوک انادولو اسپور
CSKA Moscow,ΣΚΑ Μόσχα,سی اس کی ای مسکو
Hebraica Macabi,Χεμπράικα Μακαμπί,هبرایکا ماکابی
Carl A-Z Oruro,Καρλ Α-Ζ Ορούρο,کارل آ-ز اورورو
Eltham Wildcats,Ελθάμ Γουέλτς,التهام والکیتز
PTG Sokol Lancut,ΠΤΓ Σόκολ Λαντσούτ,پی تی جی سوکول لانچوت
Daegu Pegasus,Δαιγκου Πεγασους,داگو پگاسوس
Imortal BC,Ημορταλ Μπι Σι,ایمورتال بیسی
KK Vojvodina,ΚΚ Βοιβοδινα,کیکی وویوودینا
Eleftheroupoli,Ελευθερουπολη,الزوروپولی
Elizur Ramla,Ελιζουρ Ραμλα,الیزور رملا
Ogm Ormanspor,Ογκμ Ορμανσπορ,اوگم اورمانسپور
Corlu Belediyesi,Κορλου Μπελεδιεσε,کورلو بلدیهسی
Jilin Northeast Tigers,Τζιλιν Νορθιαστ Ταιγερς,جیلین نورتهات تایگرز
Flammes Carolo Basket,Φλαμμες Καρολο Μπασκετ,فلامس کارولو باسکت
Bursaspor II,Μπουρασπορ ΙΙ,بورساسپور دوم
Clemson Tigers,Κλέμσον Τάιγκερς,کلیمسون تایگرز
Team Fog Naestved,Ομάδα Νεαστβέντ,تیم فوگ ناستوید
La Union Formosa,Λα Ουνιόν Φορμόσα,لا یونیون فورموزا
Shanghai Baoshan Dahua Swordfish,Σανγκάη Μπαοσάν Νταχουά Σορδφίσκος,شانگهای باشان داهوا سوردفیش
Suduva Mantinga Marijampole,Σούντουβα Μάντινγκα Μαριγιαμπόλε,سودووا مانتینگا ماریامپول
SESI / Araraquara,ΣΕΣΙ / Αραρακούαρα,سیاسآی/آراراکوآرا
Zorg En Zekerheid Leiden,Ζοργκ Εν Ζεκερχαίντ Λείντεν,زورگ ان زکرهید
Universo Treviso Basket,Ουνιβέρσο Τρέβισο Μπάσκετ,اونیورسو ترویزو باسکت
Hills Hornets,Χιλς Χόρνετς,هیلز هورنتز
Karamursel Gsk,Καραμουρσέλ Γσκ,کارامورسل جیاسکی
Llaneros de Guarico,Λανέρος ντε Γκουάρικο,لانیروس د گواریکو
Kansas Jayhawks,Κάνσας Τζέιχουκς,کانزاس جیهوکس
Fenerbahce Istanbul,Φενερμπάτσε Ίστανμπουλ,فنرباخس استانبول
BC Bipa Odessa,Μπι Πα Οδέσσα,بی سی بیپا اودسا
Bendigo Braves,Μπέντιγκο Μπρέιβς,بندیگو بریوز
Newcastle Eagles,Νιουκάσλ Έιγκλς,نیوکاسل ایگلز
Kouvottaret,Κουβότταρετ,کوووتارت
Rhode Island Rams,Ρόουντ Άιλαντς Ραμς,رود آیلند رمز
Hogsbo Basket,Χογκσμπο Μπασκετ,هوگسبو بسکت
Stanford Cardinal,Στάνφορντ Καρντινάλ,استانفورد کاردینال
Padafand Raad Havaei Dezful,Πανταφαντ Ραντ Χαβαέι Ντεζφούλ,پادافند راد هوایی دزفول
Brisbane Capitals,Μπρίσμπιν Καπιτάλς,بریسبن کاپیتالز
Reggio Calabria,Ρέγκιο Καλαμπρία,رگیو کالابریا
Eneos Sunflowers,Ένεος Σανφλάουερς,انئوس سانفلاورز
Grises de Humacao,Γκρίζες Ντε Χουμακάο,گریس دهوماکاو
Lithuania,Λιθουανία,لیتوانیا
Haukar,Χάουκαρ,هاوکار
Medi Bayreuth,Μέντι Μπάιρευθ,مدی بایروت
Luiss Roma,Λουίς Ρόμα,لویس روما
Teramo A Spicchi,Τεράμο Α Σπίκι,ترامو ای اسپیچی
BC Samara,ΒΚ Σαμάρα,بیسی سامارا
Bowling Green Falcons,Μπόουλινγκ Γκριν Φάλκονς,بولینگ گرین فالکنز
Toronto Raptors,Τορόντο Ράπτορς,تورنتو رپتورز
Pakenham,Πακέναμ,پاکنهام
Electra Nsa,Ηλέκτρα Νσα,الکترا اناسای
Jackson State Tigers,Τζάκσον Στέιτ Τάιγερς,جکسون استیت تایگرز
Northside Wizards,Νορθσάιδ Γουίζαρντς,نورتساید ویزاردز
Asd Del Fes Avellino,Ασντ Ντελ Φες Αβελλίνο,آسد دل فس اولینو
Sheffield Sharks,Σέφιλντ Σαρκς,شفیلد شارکز
Barangay Ginebra,Μπαρανγκέι Γκινέμπα,بارانگای گینبرا
Club Bigua de Villa Biarritz,Κλουμπ Μπιγκουα ντε Βιλλα Μπιαρριτς,کلاب بیگوآ ویلا بیارتس
Staryi Lutsk-Universitet,Σταρι Λουτσκ-Υνιβερσιτετ,استاری لوتسک-یونیورسیت
Real Madrid,Ρεαλ Μαδριτ,رئال مادرید
Los Angeles Sparks,Λος Αντζελες Σπαρκς,لس آنجلس اسپارکس
Eastern Kentucky Colonels,Ιστερν Κεντάκι Κολόνελς,ایسترن کنتاکی کالونلز
San Sebastian Gipuzkoa BC,Σαν Σεσαστιάν Γκιπουζκοα Μπι Σι,سن سباستیان گیپوزکوا بیسی
College Park Skyhawks,Κολεγκ Παρκ Σκαιχοφς,کالج پارک سکایهوکس
Hungary,Ουγγαρία,مجارستان
KR Reykjavik,ΚΡ Ρεϊκιαβικ,کیآر ریکیاویک
IA Larre Borges,ΙΑ Λαρρε Μποργκες,آی ای لاره بورگز
KK Sutjeska Niksic,ΚΚ Σουτιέσκα Νίκσιτς,کی کی سوتجسکا نیکسیک
North Alabama Lions,Νόρθ Αλαμπάμα Λιονς,نورت آلاباما لیونز
Avtodor Saratov,Αφτόντορ Σαράτοφ,آوتودور ساراتوف
Manchester Giants,Μάντσεστερ Γκιαντς,منچستر گینتس
Basketbal Olomouc,Μπασκετμπολ Ολομουτς,باسکتبال اولومووچ
Zhejiang Guangsha Lions,Ζεχάνγκ Γκουάνγκσα Λιονς,ژیجانگ گونگشا لیونز
Keflavik,Κεφλάβικ,کفلاویک
CA San Lorenzo de Almagro,ΚΑ Σαν Λορέντσο ντε Αλμάγκρο,سی ای اسان لورنزو ده الماگرو
JS Kairouan,ΤζΕ Καϊρουάν,جی اس کیروان
Olimpia CSU Brasov,Ολιμπία ΚΣΥ Μπράσοβ,اولیمپیا سی یو براسوو
Willetton Tigers,Γουίλετον Τίγρης,ویلتون تایگرز
Shanxi Loongs,Σανξί Λοονγκς,شانشی لونگز
Basquet Girona,Μπασκέτ Γκιρόνα,بسکت گیرونا
Japan,Ιαπωνία,ژاپن
Saint-Chamond,Σεν Σαμόν,سن-شاموند
Baketball Polabi,Μπασκέτ Πολαμπί,بسکتبال پولابی
Kk Dynamic,Κκ Δυναμικ,کی کی دینامیک
Penn Quakers,Πεν Κουέικερς,پن قیکرز
DBB LZ OO,ΝτΜ ΛΖ ΟΟ,دی بی بی الز او او
Hebei,Χεμπέι,هبی
ACS Universitatea Cluj-Napoca,ΑΚΣ Ουνινιβερσιτάτε Κλουζ-Ναπόκα,آیسیاس یونیورسیتاته کلوج-ناپوکا
Ferris State Bulldogs,Φερρις Στέιτ Μπαδγουλς,فریس ستیت بودگلز
Brillantes de Maracaibo,Μπριλαντες ντε Μαρακαΐμπο,بریلانتس ده ماراکایبو
Vilnius Rytas-2,Βιλνιους Ρυτας-2,ویلنیوس ریتاس-۲
UC Irvine Anteaters,ΥΚ Ίριν Άντιτιτερς,یوسی ایروین انتیترز
Lakeside Lightning,Λέικσαιδ Λάιτενινγκ,لیکساید لایتنینگ
Surrey Scorchers,Σάρρεϋ Σκορτσερς,سوری سکرچرز
Providence Friars,Προβίδενς Φράιαρς,پروویدنس فرایرز
Kyiv-Basket,Κυιβ-Μπασκετ,کیوی-باکت
Warwick Senators,Γουόρικ Σενατόρς,وارویک سناتورز
Csm Focsani,Κεσμ Φοκσάνι,شیم فوکسانی
Svendborg Rabbits,Σβέντμποργκ Ράμπιτς,اسوندبورگ رابیتس
Rosa Radom,Ρόζα Ραντόμ,روزا رادوم
AB Castello,ΑΒ Καστέλο,ای بی کاستلو
Perry Lakes Hawks,Πέρρυ Λέικς Χόκς,پری لیکس هاکس
AIK Basket,ΑΙΚ Μπάσκετ,آی ایکی بسکت
Iran,Ιράν,ایران
Caxias Do Sul,Καξιάς Ντο Σουλ,کاکسیاس دو سول
Kocaeli Bsb,Κοτσάελι ΜπΣΜ,کوچالی بی اس بی
Dominican Republic,Δομινικανική Δημοκρατία,جمهوری دومینیکان
Cb Jairis,Σε Τζέιρις,چب جیریس
Indonesia Patriots,Ινδονησία Πατριώτες,ایندونزی پاتریوتس
Embry-Riddle Eagles,Εμπρί-Ρίντλ Αιγλες,امبری-ریدل ایگلز
Wilki Morskie Szczecin,Γουίλκι Μόρσκι Στσετσίν,ویلکی مورسکی شتشتسین
Kongsberg Miners,Κόνγκσμπεργκ Μίνερς,کونگسبرگ ماینرز
Brazil,Βραζιλία,برزیل
Mexico,Μεξικό,مکزیکو
France,Γαλλία,فرانسه
Marbo Basket,Μάρμπο Μπάσκετ,ماربو بسکت
Gonzaga Bulldogs,Γκόνζαγκα Bulldogs,گونزاگا بادلوز
South Dakota State Jackrabbits,Σάουθ Ντακότα Στέιτ Τζακράμπιτς,ساوت دکوتا استیٹ جکرابیٹس
Bergamo Basket 2014,Μπέργκαμο Μπάσκετ 2014,برگامو بسکت 2014
Rilski Sportist,Ριλσκί Σποριστ,ریلسکی اسپورتیست
MLP Academics Heidelberg,ΜΛΠ Ακαδημίκς Χαϊδελμπουργκ,ایم ال پی اکادمیکس هایدلبرگ
North Carolina Tar Heels,Νόρθ Καρολίνα Ταρ Χιλς,نورت کارولینا تار هیلز
Connecticut Huskies,Κοννέκτικατ Χάσκις,کنیکٹیکٹ هاسکیز
Asvel Feminin,Άσβελ Φεμινίν,اسول فمینین
KK Studentski centar Podgorica,ΚΚ Στουδέντσκι Κέντρο Ποντγκόριτσα,کی کی استودنتسکی سنتر پادگوریتسا
BC Kalev,Μπί Καλέβ Καλέβ,بی سی کالو
Fortaleza Basquete Cearense,Φορτσέζα Μπασκέτ Κεαρένσε,فورتزیلا بسکت سیرنس
PF Schio,ΠΕ Σίο,پیاف شیو
Tesvikiye SK,Τεσβίκιγιε ΣΚ,تسویکیه اسکی
Baerums Verk Defenders,Μπέρουμς Βέρκ Ντεφέντερς,بئرومز ورک دیفندرز
Herner TC,Χέρνερ ΤΣ,هرنر تیسی
KK Bosna Royal Sarajevo,ΚΚ Μπόσνα Ρόυαλ Σαράγεβο,کارون کلب رویال سرایوو
Randers Cimbria,Ράντερς Κιμπρία,رندرز سیمبریا
Philippines,Φιλιππίνες,فیلیپینز
CD Maristas Palencia,ΚΔ Μαρίστας Παλένσια,سیدی ماریستاس پالنسیا
Minas Tenis Clube MG,Μίνας Τένις Κλέμπ ΜΓ,میناس تنیس کلوب میناس گروه
Polisportiva A. Galli Basket,Πολισπορτίβα Α. Γκάλι Μπάσκετ,پولیسپورتیوا آ گالی باسکت
Germany,Γερμανία,گرمنی
Konya BBSK,Κόνια ΜπΜΣΚ,کونیا بیبیاسکی
Virtus Lumezzane,Βίρτους Λουμεζάνε,ویرتوس لومزانه
TFSE-MTK Budapest,ΤΦΣΕ-ΜΤΚ Μπουδάπεζα,تیافاسایامتیکی بوداپست
Netherlands,Ολλανδία,هلند
Ferroviario Beira,Φεροβιάριο Μπέιρα,فروویاریو بیرا
Iraurgi Saski Baloia,Ίραουργκι Σάσκι Μπάλοια,ایرورگی ساسکی بالویا
Geas San Sesto Giovanni,Γκιάς Σαν Σέστο Γιάννη,جئس سان سستو ژوئنوی
Slovenia U19,Σλοβενία U19,اسلوونیا U19
Miami Florida Hurricanes,Μαϊάμι Φλόριντα Χερικάνες,میامی فلوریدا یونیکانز
Phoenix Mercury,Φίνιξ Μέρκυρος,فینیکس مرکی
Spain,Σπάιν,اسپانیا
Cyprus,Κύπρος,قبرس
San Antonio Spurs,Σαν Αντόνιο Σπέρς,سن انتونیو اسپورس
Virtus Cassino,Βίρτους Κάσινο,ویرتوس کاسینو
Serbia,Σερβία,صربستان
SIG Strasbourg,ΣΙΓ Στρασβούργο,اسآیجی استراسبورگ
BC Aris Thessaloniki,Μπι Άρις Θεσσαλονίκης,بیسی آریس تسالونیکی
Cagdas Bodrum Spor,Καγκντάς Μπόντρουμ Σπορ,کاگداس بودروم سپور
BK Snakes Ostrava,Μπι Κάι Σνέικς Οστράβα,بیکی اسنیکس استراوا
Seoul SK Knights,Σιουλ ΣΚ Ναιτς,سئول اسکی نایتس
Rain or Shine Elasto Painters,Ρειν ορ Σαιν Ελαστο Πειντερς,رین یا شاین ایلستو پینترز
Maccabi Urban Ramat Gan,Μακκαμπι Ουρμπαν Ραματ Γκαν,مکابی اوربن رامات گان
BMS Herlev Wolfpack,Μπι Εμ Στρ Ηερλεφ Γουλφπακ,بیاماس هرلو ولفپک
Pallacanestro Brescia,Παλλακανεστρο Μπρεσσια,پالاکانسترو برسیا
CB Islas Canarias,Σι Βι Ισλας Καναριας,سیبی ایسلاس کاناریاس
Cockburn Cougars,Κοκμπουρ Κουγκαρς,کاکبورن کوگارز
Chicago Sky,Σικαγο Σκαι,چیکاگو سکای
AS Alsace Gries-Souffel,ΑΣ Αλσας Γκριες-Σουφελ,ایاس الساس گریس-سوفل
Florida State Seminoles,Φλοριντα Στατε Σεμινολες,فلوریدا استیت سمینولز
Cb Almansa,Σι Βε Αλμάνσα,چب اَلمَنسا
Copenhagen Basketball,Κοπεγχάγη Μπάσκετ,کوپنهاگن بسکتبال
Quezaltepeque Biomedical,Κεζαλτεπεκε Βιομηχανικό,کوزالتپه بیومدیکال
Texas A&M-Corpus Christi Islanders,Τέξας Α και Εμ-Κορπούς Χάισλεντ Ίσλανδερς,تکساس آم-کورپوس کریستی ایلندرز
Bursa Uludag,Μπούρσα Ουλούνταγκ,بورسا اولوداگ
Keflavik,Κεφλάβικ,کفلاویک
Vevey Riviera Basket,Βεβέη Ριβιέρα Μπάσκετ,وویو ریویرا بسکت
Swarco Raiders Tirol,Σουάρκο Ρέιλερς Τιρόλ,سوارکو ریدرز تیورول
CDB Clarinos Tenerife,Σι Ντι Βι Κλαρινός Τενερφε,سی دی بی کلارینوس تنریفه
Rheinland Lions,Ράινλαντ Λάιονς,راینلند لاینز
Vermont Catamounts,Βερμόντ Καταμάουντς,ورمونت کتامانتس
Northwest Missouri State Bearcats,Νορθ Μουζουρι Στέιτ Μπέαρκατς,نورثویست موزوری ستیت بیرکتس
Junior Casale Monferrato,Τζουνιόρ Κασάλε Μονφερράτο,جونیور کاساله مونفراتو
Pirlo Kufstein Towers,Πίρλο Κουφστάιν Τάουερς,پیرلو کوفستاین تاورز
Raggisolaris Faenza,Ραγκισολάρις Φαέντα,راگیسولاریس فانزا
Zdravlje Leskovac,Ζδραφλε Λεσκόβατς,زدرولجه لسکوواچ
Fujian,Φουτζιάν,فوجیان
Israel,Ισραήλ,اسرائیل
Boca Juniors,Μπόκα Τζουνιόρς,بوکا جونیورز
SZTE-Szedeak,ΣΤΖΤΕ-Σζεντέακ,اسزده-سزدهاک
Dalia Sportive de Grombalia,Ντάλια Σπορτιβ ντε Γρομπαλία,دالیا اسپورتیو د گرومبالیا
Shaanxi Tianze,Σαανξί Τιανζε,شانخی تیانزه
Atleticos de San German,Ατλετικός ντε Σαν Γκερμάν,آتلتیکوس د سان گرمان
Slavia Banska Bystrica,Σλάβια Μπάνσκα Μπίστριτσα,اسلاویا بانسکا بیستریکا
Sanat Mes Rafsanjan,Σανατ Μες Ραφσαντζάν,سنات مث رفسنجان
Italy,Ιταλία,ایتالیا
Ezzahra Sport,Έζαρα Σπορτ,زهرا اسپورت
Memphis Tigers,Μέμφις Τάιγκερς,ممفیس تایگرز
Memphis Tigers,Μέμφις Τάιγκερς,ممفیس تایگرز
Georgia Southern Eagles,Γεωργία Νότια Είγλς,جورجیا ساؤترن ایگلز
Steaua CSM Bucuresti,Στέαυα ΚΕΣΜ Μπουκουρέστι,ستوآ کی اس ام بوکورستی
Angelo State Rams,Άντζελο Στέιτ Ραμς,آنجلو استیت رامز
Illawarra Hawks,Ίλλαγουρα Χόκς,ایلوارا هاکس
Sydney Uni Flames,Σίντνευ Γιου Φλέιμς,سیدنی یونی فلیمز
Frata Nardo,Φράτα Νάρντο,فراتا ناردو
Galatasaray,Γαλατασάραι,گالاتاسارای
Denmark,Δανία,دنمارک
Sesi/Franca BC SP,Σέσι/Φράνκα Μπί ΣΠ,سسی/فرانکا بی سی اس پی
Indiana Hoosiers,Ίντιανα Χουσιέρς,ایندیانا هوزیرز
BK 04 AC LB SNV Spisski Rytieri,Μπι Κεμπ ΑΚ ΛΜ ΣΝΒ Σπίσκι Ρυτιέρι,بی کی ۰۴ ای سی ایل بی اس ان وی اسپیسکی ریتیری
ALM Evreux Basket,ΑΛΜ Εβρευ Μπασκετ,آلم اوروک بسکت
Oklahoma Sooners,Οκλαχομα Σουνερς,اوکلاهوما سونرز
Nesibe Aydin,Νεσιμπε Αϊντιν,نسیبه آیدین
Washington State Cougars,Ουασινγκτον Στειτ Κουγκαρς,واشنگتن استیٹ کوگز
Angola,Ανγκολα,آنگولا
Derthona Basket,Ντερθονα Μπασκετ,درتونا بسکت
Finland,Φινλανδια,فنلند
Fukushima Firebonds,Φουκουσιμα Φαιρμποντς,فوکوشیما فائربندز
Spojnia Stargard,Σποινια Σταργκαρντ,اسپونیا استارگارد
Brazil,Βραζιλ,برزیل
Buyukcekmece Basketbol,Μπουγιουτσεκμετσε Μπασκετομπολ,بویوکچکمچه باسکتبول
Mitteldeutscher BC,Μιτελντεουτσερ Μπι Σι,میتلدوتشر بی سی
Colorado Buffaloes,Κολοραντο Μπαφαλους,کولورادو بوفالوز
Samsunspor,Σαμσουνσπορ,سامسونسپور
Vytis Sakiai,Βυτις Σακιαι,ویتیس ساکیای
Kralovsti Sokoli,Κραλοβστι Σοκολι,کرالووستی سوکولی
BK Nova Hut Ostrava,Μπι Κε Νοβα Χουτ Οστραβα,بی کی نووا هوت اوستراوا
Sagesse,Σαγκεσσε,ساگس
Texas Longhorns,Τεξας Λονγκχορνς,تکساس لانگهورنز
BC Lietkabelis Panevezys,Μπι Κε Λιετκαμπελις Πανεβεζυς,بی سی لیتکابلیس پانویوزیس
Holy Cross Crusaders,Χόλι Κρουσάντερς,هالی کراس کروسادرز
Basket Jesi Academy,Μπάσκετ Τζέσι Ακαδημία,بسکت جزی آکادمی
NSH Mountain Gold Timika,NSH Βουνό Χρυσό Τιμικά,اناساچ ماونت گلد تیمیکا
Intercollege Etha Engomis,Ίντερκολέιγκ Έθα Εγγόμις,اینترکالج اتا انگومیس
IR Reykjavik,ΊΑΡ Ρέικιαβικ,آیآر ریکیاویک
Basket Mestre 1958,Μπάσκετ Μεστρέ 1958,بسکت مستر۱۹۵۸
Uni Girona Cb,Γκιρόνα ΚΒ,یونی گیرونا سیبی
Juan Misael Saracho de Oruro,Τζουάν Μισάελ Σαράτσο ντε Ορούρο,جوان میزائیل ساراشو دو اورورو
Saudi Arabia,Σαουδική Αραβία,سعودی عربستان
Mandurah Magic,Μαντουρά Μάγικ,ماندوراه مجیک
MBK Handlova,ΜΒΚ Χάντλοβα,مبک هاندلووا
Hapoel Hevel Modiin,Χαπόελ Χεβελ Μοντίιν,هاپوئل هول مودین
Eastern Mavericks,Ανατολικά Μέικερς,میجورز شرقی
LA Clippers,ΛΑ Κλίπερς,لس کلیپرز
North Dakota Fighting Hawks,Βόρεια Ντάκοτα Φάιτινγκ Χόλς,هاکس فایتینگ نورت داکوتا
Frankston Blues,Φράνκστον Μπλουζ,بلوز فرانکستون
Pyrinto Tampere,Πύριντο Ταμπέρε,پیرینتو تامپره
Real Esteli,Ρέαλ Εστέλι,رئال استلی
ASVEL Lyon Villeurbanne,ΑΣΒΕΛ Λυών Βιλλουραννέ,آسول ویلوران
Tulane Green Wave,Τουλέιν Γκριν Γουέβε,گرین ویو تولان
Rockingham Flames,Ρόκινγχαμ Φλέιμς,راکینگهام فلیمز
Ockelbo Basket,Όκελμπο Μπάσκετ,اوکلبو بسکت
Hofstra Pride,Χόφστρα Πράιντ,هافسترا پراید
Colgate Raiders,Κόλγκειτ Ρέιντερς,کالگیت ریدرز
BBU Salzburg,Μπι Μπι Σάλτσμπουργκ,بیبییو سالزبورگ
BA Centre of Excellence,Μπι Ει Σεντρ οφ Εξελλένσε,بیای سنتر اوف اکسللنس
Heroes Den Bosch,Χέρους Δεν Μποσχ,هیروز دن بوش
Villanova Wildcats,Βιλανόβα Γουίλκατς,ویلانووا ویلکتس
ACS Sepsi Sic,ΑΚΣ Σεψι Σικ,ایسیاس سپسی سیک
Ballarat Miners,Μπαλλαράτ Μίνερς,بالارات ماینرز
BCMU Arges Pitesti,ΜπΚΜΥ Άργκες Πιτεστί,بیسیامی ارگس پیتستی
Republic of Korea,Δημοκρατία της Κορέας,کره جنوبی
Southern Miss Golden Eagles,Νότια Μισ Γολδ Έιγλς,ساوترن مس گولدن ایگلز
Zaglebie Sosnowiec,Ζάγκλεμπι Σοσνοβίτσε,زاگلبی سوسنوویچ
BK Lokomotiva Plzen,ΜπΚ Λοκομοτίβα Πλζεν,بیکی لوکوموتیوا پلزن
TCU Horned Frogs,ΤΣΥ Χορντ Φρογκς,تیسییو هورند فراگز
KK Zabok,ΚΚ Ζαμπόκ,کارون کارون زابوک
Atletas Kaunas,Ατλέτας Καούνας,آتلتاس کاوناس
Tallinna Kalev/Tlu,Ταλλίνα Καλέβ/Τλού,تالینا کالوو/تلو
West Virginia Mountaineers,Δυτική Βιρτζίνια Μάουντερνιζ,وست ورجینیا ماونتینیرز
Hawaii Rainbow Wahine,Χάουαι Ραινγκου Γουάινε,هاوایی رینبو واهین
Tuskegee Golden Tigers,Τασκέγκι Γκολντ Τίγερς,توسکگی گولدن تیگرز
Budapesti Honved SE,Μπουνταπέστι Χονβέντ ΣΕ,بوداپستی هونوید سی ای
ZKK Medvescak Zagreb,ΖΚΚ Μενβεστσάκ Ζαγκρέμπ,زک کی امدوشک زاگرب
Evos Thunder Bogor,Έβος Θάντερ Μπογκορ,اوسوس تاندر بوگور
Pallacanestro Cantu,Παλλακανέστρο Κάντου,پالاکانسترو کانتو
Unifacisa,Ουνιφακίσα,اونیفاسیسا
Riachuelo de la Rioja,Ριατσουέλο ντε λα Ριοχά,ریاچوئلو دلا ریوخا
Lsb RJ / Sodie Doces,Λσμπ ΡΙ / Σοντι Ντοκες,ال اس بی آر جی / سودی دوس
Kk Cedevita Zagreb Junior,Κκ Κεντεβίτα Ζαγκρέμπ Τζουνιορ,کی کی سدویتا زاگرب جونیور
Magnolia Basket,Μαγνόλια Μπασκέτ,مگنولیا بسکت
Northern Michigan Wildcats,Βόρεια Μίτσιγκαν Ουίλκατς,شمالی مایکیگن ویلکتس
Guaros de Lara,Γκουάρος ντε Λάρα,گواروس د لارا
Vilniaus Stekas,Βίλνιαους Στέκας,ویلنیاس ستکاس
College BK Borgomanero,Κόλετζ Μπι Κοργομανέρο,کالج بی کی بورگومانرو
Greece,Ελλάδα,یونان
Club Nacional,Κλαβ Νασιονάλ,کلاب ناسیونال
CSM Ploiesti,ΚΣΜ Πλοιέστη,سی اس ام پلویستی
Minnesota State Moorhead Dragons,Μινεσότα Στέιτ Μορφορντ Ντράγκονς,مینسوتا استیت مورهاود درگونز
Piratas de Quebradillas,Πειράτας ντε Κεμπραντίλας,پیراتاس د کبرادیلاس
Vimpelin Veto,Βιμπέλιν Βέτο,ویمپلین وتو
ZKK Split,ΖΚΚ Σπλίτ,زی کی کی اسپلیت
FCC Baschet Arad,ΦΚΣ Μπασκέτ Άραντ,اف سی سی باسچت آراد
Fos Provence Basket,Φος Προβένση Μπασκέτ,فوس پروونس باسکت
Salem Tigers,Σάλεμ Τίγρης,سالم تایگرز
Dewa United Banten,Ντεγουά Γιουνάιτεντ Μπαντέν,دوا یونایتد بانتن
Southern New Hampshire Penmen,Νότια Νέα Χάμσαιρ Πένμεν,ساوترن نیوهمپشایر پنمن
Colorado Buffaloes,Κολοράντο Μπάφολους,کلورادو بافالوز
Apollon Patras,Απόλλων Πάτρας,آپولون پاتراس
New Mexico State Aggies,Νέα Μέξικο Στέιτ Άγκις,نیو مکزیکو استیٹ اجیز
Fairmont State Fighting Falcons,Φέιρμοντ Στέιτ Φάιτινγ Φάλκονς,فیرمونت استیٹ فایتینگ فالکنز
UMF Grindavik,ΥΜΦ Γκρίνταβικ,او ام اف گرینداویک
Metros de Santiago,Μέτρος ντε Σάντιαγκο,متروز د سانتیاگو
Niagara Purple Eagles,Νιάγκαρα Πούρπλ Ειγλς,نیاگرا پرپل ایگلز
Indiana State Sycamores,Ίντιανα Στέιτ Σάικαμορς,اینڈیانا استیٹ سایکامورز
Toledo Rockets,Τολέντο Ροκετς,تولیدو راکٹس
BK Levicki Patrioti,ΜπΚ Λεβίτσκι Πατριώτι,بی کے لویکی پتریوٹی
Himeji Egrets,Χιμέτζι Έγκρετς,ہیمجی ایگریٹس
Syracuse Stallions,Σιράκισε Στάλιονς,سیراکوز اسٹالینز
Winston Salem State Rams,Γουίνστον Σέιλον Στέιτ Ραμς,ونسٹن سیلم سیٹ ڑمز
Santa Tecla BC,Σάντα Τέκλα Μπι Σι,سانتا تکلا بی سی
Halle Lions,Χάλε Λιονς,هاله لیونز
Koshigaya Alphas,Κοσιγκάγια Άλφας,کوشیگایا الفاس
Southern Nazarene Crimson Storm,Νότια Ναζαρέν Κρύμον Στόρμ,جنوبی نازارین کریمون استورم
Santa Cruz Warriors,Σάντα Κρουζ Γουόριορς,سانتا کروز واریورز
Germany,Γερμανία,آلمان
Virtus Pallacanestro Bologna,Βιρτούς Παλακανέστρο Μπολόνια,ویرتوس پالاکانسترو بولونیا
Antwerp Giants B,Αντβέρπ Γιάντς Μπι,آنتورپ جینتس بی
Basket Landes,Μπασκέτ Λαντές,باسکت لاندس
Kortrijk Spurs ,Κορτρίκ Σπέρς,کورتریک اسپورز
Brujos Izalco,Μπρουχος Ιζαλκο,بروجوس ایزالکو
Korihait Uusikaupunki,Κοριχαιτ Ουσικαουπκι,کوریهایت اووسیکاوپونکی
Stade Nabeulien,Σταντε Ναμπευλιεν,استاد نابلین
Tarbes Gespe Bigorre,Ταρμπες Γεσπε Μπιγκορ,تارب جسپه بیگوره
Lucentum Alicante,Λουσεντουμ Αλικαντε,لوسنتوم آلیکانته
Hapoel Petah Tikva,Χαποελ Πετα Τικβα,هاپوئل پتا تیکوا
Team Olivinha,Τιαμ Ολιβινα,تیم اولیوینه
u0160entjur,Σεντιουρ,شنتجور
Anorthosis Famagusta,Ανορθωσις Φαμαγκουστα,انورتوسیس فاماگوستا
Kk Tamis,Κκ Ταμις,کارتون  تامیس
Basket Zaragoza 2002,Μπάσκετ Ζαραγόζα 2002,بسکت زاراگوزا ۲۰۰۲
OGM Ormanspor,ΟΓΜ Ορμάνσπορ,اوگم اورمانسپور
LSU Tigers,ΛΣΥ Τίγρης,الاسیو تایگرز
Levanga Hokkaido,Λεβάνγκα Χοκκάιντο,لوانگا هوکایدو
Albany Great Danes,Άλμπανϊ Γκρέιτ Δέινς,البانی گریت دانز
Hume City Broncos,Χουμ Σίτι Μπρόνσονς,هوم کیتی برونکوز
San Martin Corrientes,Σαν Μαρτίν Κοριέντες,سن مارتین کورینتس
ACS Kse Targu Secuiesc,ΑΚΣ Κσε Ταργκού Σεκουέσκ,ایسیاس کسه تارگو سکویسک
Basket Torino,Μπάσκετ Τορίνο,بسکت تورینو
Uppsala Basket,Ούπσαλα Μπάσκετ,اپسالا بسکت
New York Knicks,Νιου Γιορκ Νικς,نیویورک کنیکس
Belarus,Μπελαρουσ,بلاروس
Kumamoto Volters,Κουμαμοτο Βολτερς,کوماموتو وولترز
Kazakhstan,Καζακσταν,قزاقستان
Future Team Steiermark,Φιουτυρε Τιμ Στειρμαρκ,فیوچر تیم اشتایرمارک
Csm Targu Mures,Σιμ Ταργκου Μουρες,سی اس ام تارگو مورس
Gernika Kesb,Γερνικα Κεσμπ,گرنیکا کسب
Hungary U19,Ουγγαρια U19,مجارستان U19
Motor City Cruise,Μοτορ Σιτι Κρουζ,موتور سیتی کروز
Seton Hall Pirates,Σετον Χαλ Πιρατς,ستون هال پایریتس
ZKK Brod Na Savi,ΖΚΚ Μπροντ Να Σάβι,زی کی کی برود نا ساوی
Xinjiang Magic Deer,Ξιντζιάνγκ Μάγικ Διαρ,شینجیانگ ماجیک دیر
Okapi Aalst,Όκαπι Άαλστ,اوکاپی آلست
Uruguay,Ουρουγουάη,اوروگوئه
KKK Mosir Krosno,ΚΚΚ Μοσιρ Κροσνό,کی کی کی موسیر کروسنو
Kobrat Lapua,Κομπράτ Λάπουα,کوبرات لاپوآ
BC Vienna,Μπι Βιέννα,بی سی وینا
Basket Brno U23,Μπάσκετ Μπρνό Υ23,باسکت برنو یو۲۳
VfL Astrostars Bochum,ΒφΕλ Άστροσταρς Μπόχουμ,وی اف ال استروستارز بوخوم
Kk Promo Donji Vakuf,Κκ Πρόμο Ντόνι Βάκουφ,کی کی پرومو دونجی واکوف
Slavoj BK Litomerice,Σλάβοϊ ΜπΚ Λιτομεριτσέ,سلاووج بیکی لیتومریچه
Indiana Crimson Hawk,Ίντιανα Κρίμσον Χόουκ,ایندیانا کریمسون هاک
Santo Andre/Apaba,Σάντο Άντρε/Άπαμπα,سانتو آندره/آپابا
Camberwell Dragons,Κάμπεργουελ Ντράγκονς,کمبرول ول درگونز
Argentina,Αργεντινή,آرژانتین
Elitzur Holon,Ελιτζούρ Χόλον,الیتزور هولون
Dynamo Kursk,Δυνάμω Κούρσκ,دینامو کورسک
Decka Pelplin,Ντέκα Πελπλίν,دکا پلپلین
Arizona Wildcats,Αριζόνα Γουάλδφατς,آریزونا ولکاتز
PAOK BC,ΠΑΟΚ ΜπΚ,پاوک بیسی
Real Betis,Ρεαλ Μπετις,ریال بتیس
Bbc Croonen Lommel,Μπι Σι Κροονεν Λομελ,بیبیسی کرونن لومل
Basket Lattes Montpellier,Μπασκετ Λατες Μοντπελιερ,بسکت لاتس مونپلیه
Mark Basket,Μαρκ Μπασκετ,مارک بسکت
Helios Domzale,Χελιος Ντομζαλε,هلیوس دومزاله
Chanson V-Magic,Χανσον Βι-Μαγικ,چنسون وی-مجیک
Nunawading Spectres,Νουναγουαντινγκ Σπεκτρες,نوناوادینگ سپکترز
Diablos de Miranda,Ντιαμπλος Ντε Μιραντα,دیابلوز د میراندا
Club Malvin,Κλουμ Μαλβιν,کلوب مالوین
Nigeria,Νιγηρια,نیجریه
Northern Kentucky Norse,Νόρθ Νιορθ Νόρσε,نورثن کنتاکی نورس
Penrith Panthers,Πενριθ Πάνθερς,پنریت پنترز
Goyang Carrot Jumpers,Γκόγκανγκ Καρότ Τζάμπερς,گوینگ کاروت جمپرز
Hatay BSB,Χατάι Μπι Σι Μπι,هاتای بیاسبی
Aquila Basket Trento,Ακούιλα Μπάσκετ Τρέντο,آکویلا بسکت ترنتو
Talos Ruvo Di Puglia,Τάλος Ρούβο Ντι Πούλια,تالوس رووو دی پولیا
Cozum Ankara Koleji,Κοζούμ Ανκάρα Κολέτζι,کوزوم آنکارا کولجی
Northern State Wolves,Νόρθ Στέιτ Γουολς,نورثن استیت وولوز
KCC Egis,ΚΚΣ Έγκις,کیسیسی اگیس
AP Monopoli,ΑΠ Μονόπολη,ایپی مونوپولی
Metropolitans 92,Μετροπολιτάνς 92,متروپولیتان ٩۲
Basket Zaragoza 2002,Μπάσκετ Ζαράγκοζα 2002,بسکت زاراگوزا ۲۰۰۲
Bristol Flyers,Μπρίστολ Φλάιερς,بریستول فلایرز
New Mexico Lobos,Νιου Μεξικό Λόμπος,نیو مکزیکو لوبوس
Omnia Basket Pavia,Ομνία Μπάσκετ Πάβια,اومنیا بسکت پاویا
Ringwood Hawks,Ρίνγκγουντ Χόκς,رینگوود هاکس
Missouri Tigers,Μισούρι Τίγερς,میزوری تایگرز
Red City Roar,Ρεδ Κίτι Ροαρ,رد کیتی روار
SCP Ruzomberok,ΣΚΠ Ροζομπερόκ,اس سی پی روزومبروک
CBK Mersin Yenisehir Bld,ΚΒΚ Μερσίν Γιενισέχιρ Μπλντ,سی بی کی مرسین ینیشه بلد
Marinos de Anzoategui,Μαρίνος ντε Ανζοατέγκουι,مارینوس د انزواتگوی
Dandenong Rangers,Νταννενόνγ Ράντζερς,داندنونگ رنجرز
KK Kolubara LA 2003,ΚΚ Κολουμπάρα ΛΑ 2003,کی کی کولوبارا لا 2003
KK Siroki,ΚΚ Σίροκι,کی کی سیروکی
Eastern Suns,Αιστερν Σανς,آسترن سانز
CSM Alexandria,ΚΣΜ Αλεξάνδρεια,سی اس ام الأساندرا
Catz Lappeenranta,Κατς Λαππεενράντα,کاتز لاپینرانتا
Gold Coast Rollers,Γολντ Κουαστ Ρόλερς,گولد کوست رولرز
Central Coast Crusaders,Κεντράλ Κοαστ Κρουσάντερς,سنترال کوست کروسادرز
Canberra Nationals,Κανμπερα Νατιόναλς,کانبرا نشنالز
Caprabo Lleida,Καπράμπο Λειντά,کاپرابو لیدا
Great Britain,Μεγάλη Βρετανία,بریتانیا
Oklahoma City Thunder,Οκλαχόμα Σίτι Θάντερ,اوکلاهوما سیتی تاندر
Angels Nordlingen,Άγγελοι Νόρντλινγκεν,آنگلز نوردلینگن
Brisbane Bullets,Μπρίσμπαουλ Μπάλετς,بریزبن بالتس
Auburn Tigers,Αϊμπουρν Τίγρης,اوبورن تایگرز
Fyllingen BK,Φίλινγκεν ΜπΚ,فیلینگن بیکی
Fulgor Omegna Basket,Φουλγκορ Ομέγκνα Μπάσκετ,فولگور اومگنا باسکت
Panteras De Miranda,Πάντερας Ντε Μίραντα,پانتراس ده میراندا
Hills Hornets,Χιλς Χόρνετς,هیلز هورنتس
