name,
CA San Miguel,
US Avellino,
Gainare Tottori,
FC Shinnik Yaroslavl,
East Atlanta FC,
Landskrona BoIS,
ΑΟ Episkopi,
Guarany de Bage FC,
Um Alhassam,
Cosmos Serravalle,
Gimnasia Y Esgrima La Plata,
Marines FC Gisenyi,
Umraniyespor,
MFK Ruzomberok,
AS Trianton Ialysos,
Arsenal FC,
FK Dinamo Moscow,
Manchester United,
Admira Dornbirn,
Nublense,
Alacranes de Durango,
Trival Valderas A.,
Club Atletico La Paz,
Northcote City,
Akron City FC,
Naples United,
SC Beira Mar,
NGU Loveledge Nagoya,
Al-Sailiya SC,
CSB Atenas,
Incheon United FC,
FK Motorlet Prague,
IFK Berga,
Bate Borisov,
Valmiera FC II,
Independente PA,
Turkiye,
Club Deportivo Eldense,
South Hobart FC,
Sydney FC,
CA Talleres de Remedios,
Chimbarongo,
Naftan Novopolotsk,
AFC Eskilstuna,
Long Island Rough Riders,
Managua FC,
Polisi Tanzania FC,
Hallescher FC,
Genclerbirligi Ankara,
Taraji Wadi Al-Nes,
Bischofswerdaer FV 1908,
Werder Bremen III,
Liverpool Montevideo,
Vierzon FC,
Barcelona Esportivo Capela SP,
Haukiputaan Pallo,
First State FC,
EC Sao Luiz RS,
Dakkada International FC,
Haugesund,
Oly Town FC,
Grulla Morioka,
Kagoshima United,
Borussia Dortmund,
Sheikh Jamal DC,
Pathfinder FC New York,
Orvietana Calcio,
B36 Torshavn II,
Lunds BK,
Ihefu FC,
FS Jelgava,
Le Mans FC,
Pargas Idrottsforening,
England,
Rio Branco AC ES,
UD Leiria,
Saint Louis City SC,
SC Astrakhan,
SC Braga,
IFK Skovde FK,
AC Locri 1909,
FC Oleksandria,
Kariobangi Sharks,
CA Barracas Central Reserve,
Caykur Rizespor,
Esteghlal,
Adelaide United FC,
Rio Branco EC SP,
FC Zlin,
Athletic Club Sjdr MG,
Bognor Regis Town,
Madureira RJ,
KaPa Kapylan Pallo,
HNK Rijeka,
CD Huila,
Sao Carlos SP,
Sao Francisco AC,
Virtus Verona,
CS 2 de Mayo,
El Bayadh,
Real Aranjuez CF,
Shkendija Tetovo,
GS Arconatese 1926,
AC Milan,
Jordan,
Columbus Crew,
Desportiva Alianca AL,
FC Kaluga,
Paisley Athletic FC,
FC Metalist Kharkiv,
Georgia Revolution FC,
Polonia Sroda Wielkopolska,
MFK Dolny Kubin,
Akas FC,
Ecuador,
CA Osasuna,
Atlantis FC/Akatemia,
SC Verl,
Cooks Hill United,
FC Elva,
SD Gernika Club,
Antigua GFC,
SF Eisbachtal,
Perth SC,
MFK Chrudim,
Moreton Bay United FC,
Spyrnir,
JC Futebol Clube AM,
IA Akranes,
CD Utrillas,
Sligo Rovers FC,
KB Breidholt,
Georgia,
Charlton Athletic,
Pors Grenland,
Indy Eleven,
Blyth Spartans AFC,
Al Adalah FC,
San Lorenzo de Almagro,
CD Virgen Del Camino,
FC Balzers II,
Ilirija Ljubljana,
Ternana Calcio U19,
Terengganu FC,
Zaglebie Lubin,
Vittoriosa Stars,
Asd Sant Angelo,
SCU Torreense,
Union Temara,
Rangers LFC,
Sollentuna FK,
SK Brann,
Millwall,
ES Metlaoui,
1461 Trabzon FK,
Sokol Hostoun,
Dbk Fortuna Hjoerring,
Aberdeen LFC,
Lane United FC,
CD Lunda Sul,
Thor/KA,
FC Wolfurt,
Itapipoca EC CE,
Cagliari Calcio,
Independente EC AP,
Colombia,
AS Djerba,
NK Ponikve,
Zalaegerszeg TE,
SV Langenrohr,
Bray Wanderers AFC,
CD Universidad Cesar Vallejo,
Odds BK 2,
Ireland,
CF Pozuelo de Alarcon,
New Zealand,
Tromsoe 2,
Al-Riffa SC,
FC Aktobe,
USM Alger,
FC Borgo,
Kedah Darul Aman,
Venezuela,
Excursionistas,
SK Hranice,
CD Avance Ezcabarte,
Kayanza United FC,
Sochaux-Montbeliard,
Qalali Club,
Rio Ave FC,
FC Bavois,
IH Hafnarfjordur,
Cadiz CF,
Miami United,
24Erzincanspor,
Lysekloster,
Fiji,
FK Jezero Plav,
ACS Sepsi OSK Sfantu Gheorghe,
CA Juventud de Las Piedras,
Uniao Suzano AC SP,
Inter Milano,
Stenhousemuir FC,
Upsala IF,
Sotra SK,
Hammarby Talang FF,
SV Allerheiligen,
MALAGA B,
CA Taquaritinga SP,
Latvia,
Uzbekistan,
FC Francavilla 1931,
Accra Lions,
Auckland United FC,
Jiangxi Lushan,
Knattspyrnufelagio GG,
CA Sarmiento Junin,
OFK Belgrade,
Moldova,
Europa FC,
Vibonese Calcio,
FBK Karlstad,
US Angri 1927,
Prestatyn Town,
CD San Ignacio,
NK Posusje,
UMF Tindastoll,
Asc Olimpic Zarnesti,
KF Fjallabyggd,
Lions United FC,
Partizani Tirana,
Tennis Borussia Berlin,
1. FFC Turbine Potsdam II,
Saffle SK,
Khalijfars Mahshahr,
FC Tucson,
Tj Sokol Zivanice,
Internacional de Lages SC,
AFC Telford United,
Preston Lions FC,
Alebrijes de Oaxaca II,
Vila Nova FC GO,
Zweigen Kanazawa,
Chongqing Tonglianglong FC,
FK Hodonin,
KF Drita,
FC Vizela,
Bayside United,
El Palo FC,
Itabuna EC BA,
Club El Porvenir,
FC Hegelmann Kaunas,
Everton FC,
Argentinos Juniors,
Gramadense RS,
Oriente Petrolero,
FK Transinvest,
Turun Palloseura,
VfB Stuttgart,
ACS Minerul Costesti,
Asante Kotoko,
FK Buducnost Banovici,
Dewa United,
Boavista Porto,
Barnet FC,
Union Omaha SC,
IR Reykjavik,
Union Gurten,
Chuncheon Citizen FC,
Henan Jianye,
AE Kifisia FC,
Phrae United,
CF Montreal,
Ethiopian Medhin,
CD Arnedo,
FK 03 Pirmasens,
VfL Wolfsburg II,
Derby County,
Grorud IL 2,
AL Ettifaq FC,
Alianza FC U20,
GKS Jastrzebie,
San Luis de Quillota,
Hong Kong FC,
SC Viktoria 06 Griesheim,
Orapa United,
Banbury United,
Juventus Zurich,
AD Isidro Metapan,
Salamanca CF UDS,
Strindheim TF,
Tj Slovan Bzenec,
FC Nosta Novotroitsk,
USI Lupo Martini Wolfsburg,
FC Jazz,
Saltillo FC,
Chania FC,
A.C. Mestre,
Asd Pineto Calcio,
CD Torrijos,
Ferroviaria SP,
Yomraspor,
Grankulla IFK,
Darica Genclerbirligi,
CS Gloria Lunca-Teuz Cermei,
Mantova 1911,
Red Bull Bragantino SP,
VVV Venlo,
1. Goppinger SV,
Bollstanas SK,
Southern Soccer Academy,
CD Once Caldas,
Adr Jicaral,
CD Trofense,
Elche Ilicitano CF,
Hemel Hempstead Town,
Trinidad and Tobago,
Middlesbrough FC,
Paris FC,
ACF Fiorentina Viareggio Team,
FK Radnik Hadzici,
KS Kukesi,
Tunisia,
Sportivo San Lorenzo,
Birmingham Legion FC,
Casalarreina CF,
USC Paloma Hamburg,
Dalton Red Wolves SC,
Yalmakan,
MSV Pampow,
Wales,
Gimnasia y Esgrima Mendoza,
SV Oberachern,
AL Jazira AL Hamra,
CD Racing Junior de Armenia,
AA Internacional Limeira SP,
FC Vilafranca,
KF Phoenix Banje,
S.S.D. Casarano Calcio,
SC Vianense,
FC Penafiel,
Excelsior Rotterdam,
AB Gladsaxe,
Knattspyrnufelagid Hordur,
ADO Den Haag,
Dundee United FC,
1. SC Feucht,
P-Iirot,
Faroe Islands,
FC Kvant Obninsk,
Coyotes FC,
BSG Chemie Leipzig,
Manjung City FC,
K Beerschot VA,
Club Mercedes,
Energetik Mingechevir,
Phu Dong FC,
Navbahor II,
FK Bokelj Kotor,
Valur Reykjavik,
FC Augsburg,
Austria Salzburg,
FK Zenit St. Petersburg,
SC Aymores MG,
SD Aucas,
FC Baltika Kaliningrad,
NK Hrvace,
Kelty Hearts FC,
FK Atmosfera,
Kwara United,
Adelaide City FC,
AS Rejiche,
Phoenix Rising FC,
Valenciennes FC,
Chooka Talesh FC,
CA Colegiales,
ASM Oran,
Osters IF,
FC Dordrecht,
Punjab FC,
HPS,
Deportes Quindio,
Myanmar,
Olympique Club of Khouribga,
Oldenburger SV,
Notts County,
AE Velo Clube SP,
CS Herediano,
Elazig Karakocan,
Egypt,
Norway,
IF Lyseng,
1. FC Kaiserslautern II,
Buriram United FC,
Gondomar SC,
Valmiera FC,
FC Gundelfingen,
Pumas UNAM,
1. FC Slovacko B,
France,
Raufoss IL,
Goias EC GO,
Tartu JK Tammeka,
UD Collerense,
Shandong Sports Lottery,
Tj Sokol Lanzhot,
Hacettepe 1945 SK,
AS Roma,
Birkenhead United,1
Romania,
SCR Altach,
Conwy Borough,
Braintree Town FC,
Omladinac Novi Banovci,
FK Banik Most-Sous,
FC Killas,
Seoul United FC,
FC Shukura Kobuleti,
FK Admira Prague,
ACS Viitorul Pandurii Targu Jiu II,
Holyhead Hotspur,
BK Skjold,
Cp Montehermoso,
Lierse Kempenzonen,
Billericay Town,
Wisla Krakow,
Swan City SC,
Alcantarilla FC,
Western Sydney Wanderers,
OSC Bremerhaven,
FA Euro New York,
Bumamuru FC,
Norway,
C.D. Cacahuatique,
Sweden,
CA Youssoufia Berrechid,
Lokomotive Pehchevo,
Police FC Rwanda,
TSV Pansdorf,
Chertanovo Moscow,
Manchester City FC,
Matera Calcio,
TiPS Vantaa,
FK Mlada Boleslav,
Southport FC,
Grove Soccer United,
Shandong Taishan,
FC Ararat-Armenia,
AS Sariyer,
AS Monaco,
CSO Plopeni,
CD Luis Angel Firpo Usulutan,
SpVg Schonnebeck 1910,
AO Itabaiana SE,
CS Sedan-Ardennes,
FK Kraluv Dvur,
Olympique de Beja,
FC Haka Valkeakoski,
Lokomotiv Moscow,
Sunrise,
North Alabama SC,
FK Metalac Gornji Milanovac,
CA Central Cordoba SE,
Estonia,
FC St. Gallen 1879,
Nykoebing FC,
KS Wisloka Debica,
Montenegro,
Cheshunt FC,
Varzim SC,
US Castrovillari Calcio,
Miami Dutch Lions,
Huracanes Izcalli FC,
Altona Magic SC,
CA River Plate (ARG),
Belarus,
MFK Zemplin Michalovce,
Kolstad,
FC Arda Kardzhali,
Le Messager Ngozi FC,
Rivers United FC,
Greece,
Tura Harksheide,
Wartburgia,
Tritones Vallarta MFC,
Vanraure Hachinohe FC,
Sacramento Gold FC,
Maroons FC,
Bdf Xi,
Smari,
Miami FC,
Adesg AC,
Vikingur Gota II,
IFK Mariehamn,
Prison Leopards,
Fehring 1947,
ASD Cittanova Calcio,
Aluminij Kidricevo,
FC RB Salzburg,
Macarthur FC,
Gama DF,
Kastamonuspor,
Vaca Diez,
Western Pride FC,
Libya,
FK Zeleziarne Podbrezova,
GS Kallithea FC,
Bron Radom,
SC Recife Viareggio Team,
CSKA Moscow,
Uruguay,
Volta Redonda FC RJ,
US Cremonese,
FK Eik Toensberg 871,
FC Honka/Akatemia,
Weston Workers FC,
Alianza FC San Salvador,
Torino FC,
VfB Eichstatt,
Stade Gabesien,
Al-Salmiya SC,
CS Sergipe SE,
Luxembourg,
TUS Fichte Lintfort,
Hatta SC,
Al Ittihad,
FCV Dender EH,
NK Veres Rivne,
FC Balzers,
CD Dragon,
Pps Old Stars,
EC Sao Bento SP,
Wurzburger FV,
Hungary,
CF Canelas 2010,
Cardiff Metropolitan University FC,
Al-Shamal,
Bregalnica Stip,
Chicago City,
Atletico de Vila Mea,
FC Porto B,
SP Cailungo,
V-Varen Nagasaki,
Monterey Bay FC Usl 2,
FK Tekstilac Derventa,
Watford FC,
IF Vestri,
NK Maribor,
Thailand,
CD Mensajero,
Leopards SC,
PSS Sleman,
KI Klaksvik,
Skeid Fotball,
Mushuc Runa SC,
Tokushima Vortis,
FK Prepere,
Puebla FC,
UD Mutilvera,
IF Fuglafjordur,
CA Huracan,
SC Internacional RS,
CSD Flandria,
Apep Pitsilias,
CA Lugano,
1928 Bucaspor,
Guillermo Brown,
Athlitiki Enosi Larissas FC,
IFK Simrishamn,
New Mexico United,
CD Honduras Progreso,
Gwangju FC,
Darlington FC,
AC Nardo,
Masafi,
FK Kom Podgorica,
Botafogo FC PB,
Halsen IF,
NC Magra,
Fuzinar Ravne,
Ethiopia Electricity,
CA Colegiales,
CA Angelopolis,
Nittaidai FC,
Seobu (Western) FC,
FK Auda Riga,
Urt MG,
Onsala BK,
Kungsangens IF,
SV Rugenbergen 1925,
Jamaica,
Douglas Haig,
FK Aksu,
Portugal,
CSK Uhersky Brod,
Langwarrin SC,
Scotland,
Redlands United FC,
FC Zorya Lugansk,
Kakawa FC Viareggio Team,
FK Viltis Vilnius,
Valledupar FC,
KS Polonia Nysa,
Guiseley FC,
Cuiaba Esporte Clube MT,
Italy,
Deportivo Alaves,
VfB Lubeck II,
Sporting CP,
Kenya Police,
MSV Neuruppin,
SO Cholet,
ASV Neumarkt,
KaaPo,
Tamale City FC,
Sudeva Delhi FC,
Bayer Leverkusen,
FC Viktoria Cologne,
CR Vasco da Gama RJ,
UN Kaerjeng 97,
NK Travnik,
Samsunspor,
Jorge Wilstermann,
Le Havre AC,
Holywell Town,
Colorado International Soccer Academy,
FK Jedinstvo Bijelo Polje,
Vaengir Jupiters,
Kyrgyzstan,
FC Juarez,
Northern Colorado Hailstorm FC,
JS Talangai,
Barbados,
Charlton Athletic,
Saudi Arabia,
Kickers Emden,
SCU Torreense,
Manchester City,
SC Blau-Weiß Papenburg,
Atzeneta UE,
Racing Santander,
US Catanzaro,
AD San Carlos,
Jfk Ventspils,
Gabala FK,
Iowa Raptors FC,
Vasco da Gama Vidigueira,
Blo-Weiss Medernach,
Rosenborg BK Kvinner,
Boca Juniors,
Kanagawa Sagamihara,
FK Belasica Strumica,
MTK Hungaria Budapest,
FC Volendam,
Orduspor 1967,
FK Igalo 1929,
Skovde AIK,
IFK Haninge,
Villa Mitre de Bahia Blanca,
Bayrampasa,
Uzbekistan,
Cascavel PR,
Strogino Moscow,
CA Platense,
FC Prykarpattya Ivano-Frankivsk,
Guarany SC CE,
Andorra,
FF Jaro,
Sammaurese Calcio,
FC Amkar Perm,
Atletico New Oil Academy,
FC Hlucin,
SpVgg Unterhaching,
Asd Seravezza Pozzi Calcio,
Ratchaburi Mitr Phol FC,
Koips,
CD Universidad Catolica del Ecuador,
Funnefoss/Vormsund,
Chile,
Fulham FC,
de Graafschap U21,
AD Siete Villas,
SV Westerhausen,
Enppi Club,
Independente FC,
FC Astana,
FK Bumprom,
Faulkland SC,
JK Tabasalu,
Istanbulspor AS,
FC Karbach,
Racing Club Avellaneda,
BK Olympic,
Zaglebie Lubin II,
AD Cariari Pococi,
Elazigspor,
Elverum,
Young Africans SC,
CD Anguiano,
Wigan Athletic,
Hwange Colliery FC,
KKS 1925 Kalisz,
ASU Politehnica Timisoara,
FC Metallurg Lipetsk,
FC Minsk,
Achyronas Onisilos,
US Citta Di Pontedera Viareggio Team,
Ajax Amsterdam,
New Orleans Jesters,
Ferroviario AC PI,
SKU Amstetten,
Rukinzo FC,
Ankara Keciorengucu,
NK BSK Bijelo Brdo,
Cooma Tigers,
Gombe United FC,
B71 Sandoy,
FK Minija 2017,
Gyeongju FC,
FC Lviv,
SJK Japollo,
Bodoe/Glimt,
CS Aerostar Bacau,
Liverpool LFC,
Montedio Yamagata,
Sandvikens IF,
FC Bihor Oradea,
Swansea City,
Seoul E-Land FC,
Pordenone Calcio,
Scandicci,
Hong Kong,
ASC Diambars,
Tomori Berat,
CD Guadalajara,
Alondras CF,
AC Ajaccio,
AD Vasco Da Gama AC,
Lusitano GC,
Rochester New York FC,
Iceland,
Csm Satu Mare,
Fauve Azur de Yaounde,
MSK Zilina B,
Jabal El Mokaber,
AA Ponte Preta SP,
Sparta Prague,
Szent Mihaly SE,
GAIS,
Nacional de Madeir,
FC Melgar,
WSC Hertha Wels,
Serie D Selection Viareggio Team,
VfB Auerbach 1906,
New Lambton FC,
Karaman FK,
Luarca CF,
Wieczysta Krakow,
Cara Brazzaville,
Avezzano Calcio,
FV Diefflen,
FK Suduva Marijampole B,
CD Recoleta,
Kaizer Chiefs,
Cruzeiro RS,
Nacional Asuncion,
Wexford Youths AFC,
WAF Vorwarts Brigittenau,
Neroca FC,
Torcy PVMF,
FC Annecy,
CD Izarra,
Isparta 32 Sporu,
SC Furstenfeld,
FC Alverca,
Czech Republic,
CA Lanus,
Operario AC MS,
Real de Arteaga FC,
AD Sanjoanense,
CA Bella Vista,
Portogruaro Calcio,
Sochaux-Montbeliard,
Vilafranquense,
ES El Ghozlane,
Liverpool FC,
Indonesia,
CD Binefar,
Sanliurfaspor,
Nups,
Ji-Parana FC RO,
Bangkok United,
Gottne IF,
FSV Wacker 90 Nordhausen,
Orgryte IS,
ASD Trastevere Calcio,
EC Bahia BA,
AA Aparecidense GO,
Floresta EC CE,
CD Mirandes,
Yangon United,
Blooming Santa Cruz,
GD Braganca,
EC Democrata MG,
HHC Hardenberg,
Nelson Suburbs FC,
UC La Estrella,
Armenia,
Ergene Velimese Spor,
Vissel Kobe,
Kmc FC,
KVC Westerlo,
FC Fredericia,
Keflavik IF,
Hubei Istar,
Flint City Bucks,
FC Chertanovo Moscow,
CS Barracas,
Union Huaral,
Mokpo Gatdangdae,
FC Penya d`Andorra,
Deportivo Alaves B,
Chelsea FC,
Scheiblingkirchen-Warth Usv,
Indonesia,
Marbella FC,
Paris FC,
CSD San Martin,
CA Atletico Guacuano SP,
2 Drots FC Moscow,
Young Boys FD Silkeborg,
Catalcaspor,
Gabon,
Club Celaya FC,
Burgan SC,
Gd Fontinhas,
Calcio Catania,
Stratford Town,
Velez Sarsfield,
Espanyol Barcelona,
SE Matonense SP,
SaiPa FC,
Baltika-Bfu Kaliningrad,
Slavia Prague,
AA Altos PI,
CA Cirbonero,
VfL Bochum,
Caernarfon Town FC,
Maryland Bobcats FC,
FC Dziugas B,
FC Puch,
Diriangen FC Diriamba,
Kotoku Royals,
Bentleigh Greens,
Mallbackens IF,
Coras de Nayarit,
Toledo Villa FC,
LDU Quito,
Dong A Thanh Hoa,
FK Radnicki Pirot,
FA Euro New York,
OFI Crete,
FC U Craiova 1948,
Madura United,
Mamelodi Sundowns,
Asteras Tripolis,
AD Sao Caetano SP,
USL Dunkerque,
AC Goianiense GO,
Australia,
FC Kryvbas Kriviy Rih U19,
Fram,
Sharjah Brasil FC SP,
Rovaniemen Palloseura,
MKS Podlasie Biala Podlaska,
FSV Mainz II,
AA Iguacu PR,
Santa Rita,
Melbourne City FC,
Belize,
Ripensia Timisoara,
Karlslunde IF,
FC St. Pauli,
CA Torrellano,
Greuther Furth,
SV Eichede,
BK Fremad Amager,
Turks and Caicos Islands,
HNK Gorica,
Defensores Del Ilucan,
Naxxar Lions FC,
FK Kapaz-2,
CSM Jiul Petrosani,
Reading United AC,
US Citta Di Pontedera,
Besiktas Istanbul,
San Sebastian Reyes,
MB Hassi Messaoud,
Avispa Fukuoka,
CD Cuenca,
Avia Swidnik,
Alvechurch,
Kordrengir,
Gazisehir Gaziantep FK,
IFK Varnamo,
Paysandu SC PA,
Pacos Ferreira,
US Esch,
Montenegro,
FK Sutjeska Foca,
Panaitolikos,
FC Laval,
Colima FC,
FK Drina Zvornik,
CS Concordia Chiajna,
Urduliz Ft,
Osters IF,
Kamatamare Sanuki,
TSV 1861 Nordlingen,
AD Municipal Santa Ana,
Faroe Islands,
Western United FC,
Goztepe Izmir,
Lyngby BK,
SK Lisen B,
HEBC Hamburg,
Dalian Professional,
Cork City FC,
FC Tokyo,
FC Van Charentsavan,
Haukar Hafnarfjordur,
Belediye Kutahyaspor,
CA Patronato Parana,
FC Kray,
Portugal,
FK Vlasina Vlasotince,
FC Dinamo Auto,
Burgan SC,
Hume City,
SV Spakenburg,
SK Dynamo Ceske Budejovice,
Randesund IL,
Cordino,
Spjelkavik IL,
FC Sion,
Cefn Druids AFC,
FC Kuressaare,
SC Mecheria,
Broadmeadow Magic FC,
FC Ordino,
Ferro Carril Oeste,
FC Santa Lucia Cotzumalguapa,
Asd Calcio Brusaporto,
Atlanta United FC,
Casa Pia AC,
CS Universitatea Craiova II,
FK Turan,
Calvo Sotelo Puertollano,
Fluminense FC RJ,
Northern Virginia United,
Jeonbuk Hyundai Motors,
Raufoss IL 2,
Guangzhou FC,
Pevidem SC,
Fjoera FK,
Proodeftiki FC,
FK Pardubice B,
B93 Copenhagen,
Sint Maarten,
Diyarbekirspor AS,
Fatih Karagumruk,
FC Epitsentr Dunaivtsi,
1 FC Union Berlin,
CS Estudiantes San Luis,
Colorado Springs Switchbacks FC,
Itagui Leones FC,
Danubio FC,
Real Zaragoza,
Amora FC,
FK Sloga Kraljevo,
Patuxent Football Athletics,
FC Andijon,
Uda Soccer,
Santa Cruz FC RN,
Austria,
Turkiye,
Standard Liege,
Nardo FK,
Olimpia Grudziadz,
FC Nassaji Mazandaran,
Yenisey 2 Krasnoyarsk,
Hirnyk-Sport Horishni Plavni,
Scotland,
CD Estradense,
Trefelin BGC,
Niva Dolbizno,
SV 1898 Unter Flockenbach,
FC Arouca,
U.d. Fuente de Cantos,
FC Volendam,
