Germany,Γερμανία,گرمنی
Le Havre AC,Λε Αβρέ ΑΚ,له ور ای سی
Cultural Deportiva Leonesa B,Κουλτούρας Δεπορτίβα Λεόνεσα Μπι,کالچرل دپورتیوا لئونزا بی
Club Aurora,Κλουμπ Αούρα,کلوب اورورا
VfL Oldenburg,ΒφΕλ Όλντεμπουργκ,وی اف ال اولدنبورگ
FC Dornbirn,ΦΚ Δορνμπίρν,اف سی دورنبیرن
MFK Skalica,ΜΦΚ Σκάλιτσα,ام اف کی اسکالیکا
Resources Capital FC,Πόροι Καπιτάλ,رزورس کاپیتال اف سی
NK Mladost Zdralovi,ΝΚ Μλαντοστ Ζντράλοβι,ان کی ملادوست زدرالوی
Philippines,Φιλιππίνες,فیلیپین
Niki Volou 1924 PAE,Νίκη Βόλου 1924 ΠΑΕ,نیکی وولوو 1924 پیایای
Argentino de Rosario,Αργεντινό Ροσαρίο,آرژانتینو ده روزاریو
Millonarios FC,Μιλόναριος ΦΚ,میلوناریوس فیسی
Virginia Marauders FC,Βιρτζίνια Μαραούδερς ΦΚ,ویرجینیا مارودرز فیسی
FC Ska-Khabarovsk,ΦΚ Σκα-Χαμπαρόφσκ,فیسی اسکا-خاباروفسک
Rosenborg BK Kvinner,Ρόσενμποργκ ΜπΚ Κβίνερ,روسنبورگ بیکیونر
Binh Dinh FC,Μπιν Ντιν ΦΚ,بینه دینه فیسی
Rampla Juniors,Ράμπλα Τζουνιέρς,رامپلا جونیورز
AS Far Rabat,ΆΣ Φαρ Ραμπάτ,آس فار رباط
LB Chateauroux,ΛΒ Σατορού,البی چاتورو
LKS Lodz II,ΛΚΣ Λόντζ II,لکس لودز II
Sakhalin Sakhalinsk,Σαχαλίν Σαχαλίνσκ,سخالین سخالینسک
Spezia Calcio,Σπετσία Κάλτσιο,اسپزیا کالچیو
ASC Otelul Galati,ΑΣΚ Οτελούλ Γκάλτι,آسک اوتلول گالاتی
AA Caldense MG,ΑΑ Κάλντενσε ΜΓ,آ ای ای کالدنس میجورو
SD Leioa,ΣΔ Λειόα,اس دی لئوآ
FK Decic Tuzi,ΦΚ Δετσίκ Τούζι,اف کی دکیچ توزی
Hibernians FC Paola,Χιμπεριάνς ΦΚ Πάολα,هایبرنیانز فوتبال کلب پولا
Al-Seeb,Αλ-Σέεμπ,ال سیب
Tampines Rovers FC,Ταμπίνες Ρόβερς ΦΚ,تمپاینز روورز فوتبال کلب
Fenerbahce,Φενερμπαχτσε,فنرباخشه
TSV Pattensen,ΤΣΒ Παττενσεν,تیاسوی پاتنسن
Nazilli Belediyespor,Ναζιλλι Μπελεντιγιεσπορ,نازیلی بلدیهسپور
FC Bavois,ΦΚ Μπαβοις,افسی وی باویوس
SD Solares Medio Cudeyo,ΣΔ Σολαρες Μεδιο Κουντεγιο,اسدی سولارهس مدیو کودیو
Sundby BK,Σαντμπυ Μπι Και,سوندبی بیکی
Hungry Lion,Χάνγκρι Λαιον,هانگری لایون
FK Buxoro,ΦΚ Μπουξορο,افکی بوخسورو
FSV Mainz,ΦΣΒ Μαιντς,افاسوی ماینز
Galatasaray Istanbul,Γαλατασαραϊ Ισταντουλ,گالاتاسارای استانبول
SC Gjilani,ΣΚ Γιλάνι,سی سی گجیلانی
MFK Vitkovice,ΜΦΚ Βίτκοβιτς,ام اف کی ویتکوویتس
Su Rebenland,Σου Ρεμπένλαντ,سو ربنلند
EC Sao Jose RS,ΕΚ Σάο Ζοζέ ΡΣ,ای سی ساؤ جوزه ری اس
Sokol Ostroda,Σοκολ Οστρόντα,سوکول اوسترودا
Marilia AC SP,Μαρίλια ΑΚ ΣΠ,ماریلیا ای سی اس پی
Vietnam,Βιετνάμ,ویتنام
Doce Mel EC BA,Ντόσε Μελ ΕΚ ΜΠΑ,دوسه مل ای سی بی ای
Northern Ireland,Βόρεια Ιρλανδία,شمالی ایرلند
SK Unicov,ΣΚ Ουνικόβ,اس کی یونیکوو
Universidad de Chile,Ουνιβερσάντε ντε Χιλέ,وونیورساد ده چیله
San Cristobal Cp,Σαν Κριστόμπαλ Κπ,سان کریستوبال چپ
Talaea El Gaish,Ταλέα Ελ Γαισ,تالایه ال گیش
FK Indjija,ΦΚ Ίντζιγα,فوتبال کولوب اینجیا
Ranheim,Ρανχαΐμ,رانهایم
Sertaozinho FC SP,Σερταοζίνο ΦΚ ΣΠ,سرتائوزینو فوتبال اس پی
Jiangxi Dark Horse Junior,Τζιανγκσί Νταρκ Χορσ Τζουνιορ,جیانگ شی دارک هرز جونیور
Fish United,Φις Ουνιτεδ,فیش یونایتد
Ittihad Shojaeyya,Ιτθιχαντ Σοτζαέγγια,ایتهید شجاعیه
Melbourne City FC,Μελβούρνη Σίτι ΦΚ,ملبورن سیتی فوتبال
Costa Rica,Κόστα Ρίκα,کوستاریکا
FSV Union Furstenwalde,ΦΣΒ Γουνιόν Φουρστενβάλντε,افاسوی یونین فورستنوالده
Cuarte CD,Κουάρτε ΣΔ,کوآرته سیدی
Sotra SK,Σότρα ΣΚ,سوترا اسکی
Panaitolikos,Παναιτωλικός,پانایتولیکوس
Hume City,Χουμ Σίτι Κλάβ,هیوم سیتی
Khor Fakkan Club,Χορ Φακάν Κλαμπ,خورفکان کلوب
Cardiff City Lfc,Κάρνφι Σίτι ΛΦΚ,کاردیف سیتی الافسی
Kagoshima United,Καγκοσίμα Γιουνάιτεδ,کاگوشیما یونایتد
FC U Craiova 1948,ΦΚ Ου Κραϊόβα 1948,افسی یو کرایوا 1948
FC Eindhoven,ΦΚ Ειντχοφεν,فی سی ایندهوون
Paykan FC,Παϊκαν ΦΚ,پایکان فی سی
Rivers United FC,Ριβερς Γιουναιτεδ ΦΚ,ریورز یونایتد فی سی
Digenis Akritas Morphou FC,Ντιγκενις Ακριτας Μορφου ΦΚ,دیگنیس اکریتاس مورفو فی سی
Egersunds IK,Εγκερσουντς ΙΚ,اگرسوندس ای کی
Chiangmai United,Τσιανγκμαι Γιουναιτεδ,چیانگمای یونایتد
Rostocker FC,Ροστοκερ ΦΚ,روستوکر فی سی
Sao Jose de Ribamar EC MA,Σαο Ζοζε ντε Ριμπαμαρ ΕΚ ΜΑ,ساؤ جوزه ده ریبامار ای سی ایم ای
CS Bembla,ΚΣ Μπεμπλα,سی اس بمبلا
West Texas FC,Δεστ Τεξας ΦΚ,وست تکساس فی سی
Jong AZ Alkmaar,Τζονγκ ΑΖ Άλκμααρ,جونگ آز الکمار
AD Bahia de Feira BA,ΑΝΤ Μπάχια ντε Φέιρα ΜΠΆ,آد باهیا ده فیرا با
Argentino de Quilmes,Αρτζεντίνο ντε Κιλμες,آرژنتینو ده کیلمهس
Ypiranga RS,Υπιράνγκα ΡΣ,یپیرنگا ری اس
Calcio Foggia,Κάλτσιο Φόγκια,کالچیو فوگیا
FC Admira Wacker Modling,ΦΚ Άντμιρα Γουάκερ Μόντλινγκ,افسی آدمیرا واکر مودلینگ
FC Yenisey Krasnoyarsk,ΦΚ Γιενίσεϊ Κρασνογιάρσκ,افسی ینیسی کراسنویارسک
Iran,Ιράν,ایران
Agropecuario Argentino,Αγροπεκουάριο Αργεντινό,آگروپکوآریو آرژنتینو
Shabab Al Amari,Σαμπάμπ Αλ Αμάρι,شباب الآماری
Indonesia,Ίντονέζια,ایندونزی
Daring Club Motema Pembe,Ντάρινγκ Κλουμπ Μοτέμα Πέμπε,دارینگ کلوب موتما پمبه
CS Maritimo Madeira,ΚΣ Μαρίτιμο Μαντέιρα,سی اس ماریتیمو مادیرا
Iceland,Ισλανδία,ایسلند
Hayes & Yeading United,Χέις & Γιέντινγκ Γιουνάιτεδ,هیز و یدینگ یونایتد
Austria,Αυστρία,اتریش
Mezzolara Calcio,Μεζολάρα Κάλτσιο,مزولارا کالچو
CF Vimenor,ΚΦ Βιμενόρ,سی اف ویمنور
JS Djidjel,ΤζΕΣ Τζιντζέλ,جی اس دجیدجل
SK Beveren,ΣΚ Μπεβέρεν,اس کی بوورن
SpVgg Unterhaching,ΣπΒγκ Ουντερχαχινγκ,سپوگ اونترهاچینگ
Innstrandens IL,Ιννστρανδενς ΙΛ,اینستراندنس ایال
Kahramanmarasspor,Καχραμανμαρασπορ,کهرامانمراسپور
FA Euro New York Viareggio Team,ΦΑ Ευρω Νέο Υόρκη Βιαρεγκιό Τιμ,فوتبال ایورو نیویورک ویارئژیو
ASC Linguere,ΑΣΚ Λινγκερε,آسیسی لینگوئره
Club America,Κλαμπ Αμερικά,کلاب آمریکا
Borussia Monchengladbach,Μπορουσία Μονχεγκλαντμπαχ,بوروسیا مونشنگلادباخ
SC Bastia,ΣΚ Μπαστιά,اسسی باستیا
FC Zenit Saint Petersburg,ΦΚ Ζενίτ Σαιντ Πετερσμπουργκ,افسی زنیت سنت پترزبورگ
Australia,Αυστραλία,استرالیا
AL Jazira AL Hamra,ΑΛ Τζαζίρα ΑΛ Χαμρά,آل جزیره الحمرا
Port FC,Πορτ ΦΚ,پورت فوتبال کلب
Quevilly-Rouen Metropole,Κεβίλλι-Ρουέν Μετροπόλη,کوویلی-روئن متروپول
Olympique Club de Safi,Ολυμπικό Κλοπ ντε Σάφι,اولیمپیک کلب صافی
Novara FC,Νοβάρα ΦΚ,نووارا فوتبال کلب
Nigeria,Νιγηρία,نیجریه
CM Crucero del Norte,ΚΜ Κρουσέρο ντελ Νορτε,سی ام کروسرو دل نورته
Margate FC,Μαργκέιτ ΦΚ,مارگیت فوتبال کلب
Police Xi,Πολισ Ξι,پلیس ایکس آی
UE Sant Andreu,ΟΥΕ Σαντ Αντρέου,آئو اسانت اندرو
AA Altos PI,ΑΑ Άλτος ΠΙ,آآ التوس پیآی
AS La Jeunesse D Esch/Alzette,ΆΣ Λα Ζεϊνες Ντε Εσχ/Άλτζεττε,آس لا ژونس د اش/الزت
Busaiteen,Μπουσάιτιν,بوسایتین
SK Treibach,ΣΚ Τρέιμπαχ,اسکی ترایباخ
Sheikh Russel KC,Σήιχ Ρουσελ ΚΚ,شیخ راسل کیسی
Go Ahead Eagles,Γκο Άναιδ Έιγκλς,گو اهید ایگلز
Mantova 1911,Μάντοβα 1911,مانتووا 1911
Auckland City FC,Όκλαντ Σίτι ΦΚ,آکلاند سیتی فوتبال کلب
ASD Cittanova Calcio,ΆΣΔ Κιττάνοβα Κάλτσο,آاسدی سیتانووا کالچو
CA San Lorenzo de Almagro,ΚΑ Σαν Λορέντσο ντε Άλμγρο,سیایای سان لورنزو د الماگرو
Bayrampasa,Μπαϊραμπάσα,بیرامپاسا
Westchester United Viareggio Team,Ουάστσεστερ Ουνιτεδ Βιαρέγκιο Τιμ,وستچستر یونایتد ویارجیو تیم
Flint City AFC,Φλιντ Σίτι ΑΦΚ,فلینت سیتی ای اف سی
FC Vion Zlate Moravce Vrable U19,ΦΚ Βιον Ζλάτε Μοράβτσε Βράμπλε Υ19,اف سی ویون زلاته موراوچه ورابله یو 19
Lech II Poznan,Λεχ ΙΙ Ποζνάν,لچ دو پوزنان
KFUM Oslo,ΚΦΥΜ Όσλο,کی اف یو ام اوسلو
Berserkir/Midas,Μπερσερκιρ/Μίδας,برسرکیر/میداس
CD Santamarina Tandil,ΣΔ Σανταμαρίνα Ταντίλ,سی دی سانتامارینا تاندیل
Black Leopards,Μπλακ Λεοπάρντς,بلک لئوپاردز
Storhamar,Στορχαμαρ,استورهامار
CD El Ejido 2012,ΣΔ Ελ Εχίδο 2012,سیدی ال اجیدو ۲۰۱۲
Deportivo Maldonado,Ντεπορτίβο Μαλντονάντο,دپورتیوو مالدونادو
FC Atletico Cearense CE,ΦΚ Ατλέτικο Κεαρένσε ΚΕ,افسی آتلانتیکو سئرنسه چه
CD Godoy Cruz,ΣΔ Γκοντόι Κρουζ,سیدی گودوی کروز
Znamya Truda Orekhovo Zuevo,Ζνάμια Τρούντα Ορεχοβο Ζουέβο,زنامیه ترودا اورخووو زوئوو
AF Sporting San Miguelito,ΑΦ Σπορτινγκ Σαν Μιγκελίτο,ایاف اسپورتینگ سان میگیتو
Zob Ahan Isfahan FC,Ζομ Άχαν Ισφάν ΦΚ,زوب احان اصفهان فوتبال کولوب
TSV Buchholz 08,ΤΣΒ Μπουχολτς 08,تیاسوی بوخولز ۰۸
Lemense FC SP,Λεμένσε ΦΚ ΣΠ,لمنسه فوتبال اسپی
Tacuarembo FC,Τακουαρέμπο ΦΚ,تاکوارمبو فوتبال کولوب
Swansea University,Σουάνσι Γκολφ Πανεπιστήμιο,سوانسی یونیورسٹی
FC Kuressaare U21,ΦΚ Κουρεσσάερε Υ21,فی سی کورسائرے یو ٹوینی
ETO FC Gyor,ΕΤΟ ΦΚ Γιόρ,ای ٹی او ایف سی گیور
Tupa FC SP U20,Τούπα ΦΚ ΣΠ Υ20,ٹوپا ایف سی پی یو ٹوینی
Moreland City FC,Μόρλαντ Σίτι ΦΚ,مورلینڈ سٹی فی سی
Lansdowne Yonkers FC,Λάνσδαουν Γιόνκερς ΦΚ,لینسڈاؤن یانکرز فی سی
Andira AC,Αντίρα ΑΚ,اندیرا ای سی
FC Strogino Moscow,ΦΚ Στρόγκινο Μόσχα,فی سی اسٹروگینو مسکو
Tottenham Hotspur FC,Τοτέναμ Χοτσπούρ ΦΚ,ٹوٹنهم پور سٹ فی سی
PSV Union Neumunster,ΠΣΒ Γκουνίον Νέουμουνστερ,پی ایس وی یونین نیومنسٹر
Mogi Mirim SP,Μόγι Μιριμ ΣΠ,موگی میریم اسپی
UD Mutilvera,ΥΔ Μουτιλβέρα,یودی موتیلیورا
CD Ciudad de Lucena,ΚΔ Κιουντά Ντε Λουθένα,سیدی کوئیوداد ده لوسنا
Cosenza Calcio,Κοσέντσα Κάλτσιο,کوزنزا کالچو
Serbia,Σερβία,سربیا
Rodina Moscow,Ροδίνα Μόσχα,رودینا ماسکو
New England Revolution,Νιου Ενγκλαντ Ρεβολύτιον,نیو انگلند ریولوشن
Yunnan Yukun,Γιούναν Γιούκουν,یونان یوکون
FC Honka/Akatemia,ΦΚ Χόνκα/Ακατέμια,افسی ھونکا/آکاتمیا
ESC Geestemunde,ΕΣΚ Γκίστεμουντε,ایاسسی گئستمونده
San Antonio FC,Σαν Αντόνιο ΦΚ,سن انتونیو فی سی
Holywell Town,Χόλιγουελ Τάουν,هالیول تاون
Nardo FK,Νάρντο ΦΚ,ناردو اف کی
FK Zeleziarne Podbrezova,ΦΚ Ζελεζιάρνε Πόντμπρεζόβα,اف کی زلزیارنه پادبرزوا
Cray Wanderers,Κρέι Γουάντερς,کری واندرزرز
1. SC Znojmo FK,1. ΣΚ Ζνόιμο ΦΚ,یک اس سی زنوجمو اف کی
Canberra Olympic,Κανμπέρα Ολυμπιακός,کنبرا اولیمپیک
Mbeya City FC,Μπέγια Σίτι ΦΚ,امبیا سیتی اف سی
Dorking Wanderers,Ντόρκινγκ Γουάντερς,دورکینگ واندرزرز
Elpides Karditsas 94,Ελπίδες Καρδίτσας 94,الپیدز کاردیتسا۹۴
Belgium,Μπελγκία,بلجیم
Bursaspor,Μπουρσάσπορ,بورساسپور
Grei Kvinner Elite FK,Γκρέι Κβίνερ Έλαιτ ΦΚ,گری کوینر ائلیت فوتبال کلوب
SM Caen,ΣΜ Καέν,اس ام کان
Tarup-Paarup IF,Ταρουπ-Πααρουπ ΊΦ,تاروپ-پاروپ ایف
Dinamo St Petersburg,Ντινάμο Σαντ Πετερσμπουργκ,دینامو استپشبورگ
Gateshead FC,Γκέιτςχιντ ΦΚ,گیتشد فوتبال کلوب
Burnley FC,Μπέρνλεϊ ΦΚ,برنلی فوتبال کلوب
CD Marathon San Pedro Sula,ΣΔ Μαραθώνα Σαν Πέδρο Σούλα,سی دی مارثون سان پدرو سولا
UD Rayo Ibense,ΟΥ Δινάμο Ράγιο Ίμπενσε,یو دی رایو ایبنس
Vila Nova FC GO,Βίλα Νόβα ΦΚ ΓΟ,ویلا نووا فوتبال گو
FC Vaduz,ΦΚ Βαντούζ,فوتبال وادوز
Cacador SC,Κακάδορ ΣΚ,کاسادور سی سی
Hobro IK,Χόμπρο ΙΚ,هوبرو ای کی
IF Vestri,ΙΦ Βέστρι,ای فی وستری
AD Frei Paulistano SE,ΑΔ Φρέι Παουλιστάνο ΣΕ,آی دی فری پولیستانو سی ای
Polonia Warszawa,Πολόνια Βαρσοβία,پولونیا وارشوا
Sweden,Σουηδία,سوئدن
Pedras Salgadas,Πέντρας Σαλγκάντας,پدراس سالگاداس
Midwest United FC,Μίντσγουεστ Ουνιτεδ ΦΚ,میدوست ونایتد فوتبال
Albania,Αλβανία,آلبانیا
Carlos Mannucci,Κάρλος Μανούτσι,کارلوس مانوچی
S.S.D. Virtus Ciseranobergamo,Σ.Σ.Δ. Βίρτους Κισερανόμπεργκαμο,سی اس ڈی ویرتوس چیسرانوبرگامو
CR Temouchent,ΚΡ Τεμούτσεντ,سی آر تموچنت
Peresvet Domodedovo,Περεσβέτ Ντομοντέντοβο,پرسوت دومودیووو
Alondras CF,Αλόντρας ΚΦ,آلوندراس کی ایف
Czarni Sosnowiec,Τσάρνι Σοσνοβίτς,چارنی سوسنوویتس
Virtus Entella,Βίρτους Έντελλα,ویرتوس انٹلا
Enfield Town,Ένφιλντ Τάουν,انفیلڈ ٹاؤن
Gremio Novorizontino,Γκρέμιο Νοβοριγκόντινο,گریمیو نووروریزونٹینو
Grand Bodoe IK,Γκράντ Μπόντε ΙΚ,گرند بودو ای کی
Goncalense FC RJ,Γκονκαλένσε ΦΚ ΡΤ,گونکالنس فوتبال کلوب رجحان
Red Arrows,Ρέντ Άρρους,قوافل قرمز
Kariobangi Sharks,Καριόμπανγκι Σαρκς,کاریوبانگی شارکز
Stevenage FC,Στέβεντζεγκ ΦΚ,استیونیج فوتبال کلوب
Randers FC,Ράντερς ΦΚ,راندرز فوتبال کلوب
FC WIT Georgia,ΦΚ Γουίτ Γεωργίας,فوتبال کلوب ویت جورجیا
FC Sucleia,ΦΚ Σουκλεία,فوتبال کلوب سوکلیا
UDA AL,ΟΥΔΑ ΑΛ,اودا ای ال
Bulvarspor,Μπουλβάρσπορ,بولواراسپور
Seongnam Ilhwa,Σεονγκναμ Ιλχωα,سینگنام ایلهوا
Dacia Buiucani,Ντατσια Μπουιουκανι,داسیا بویوکانی
Kilmarnock FC,Κιλμαρνοκ ΦΚ,کیلمارناک فوتبال کلوب
FK Kapaz,ΦΚ Καπαζ,اف کی پاز
Guarany CE,Γκουαρανυ ΚΕ,گوارانی سی ای
FC Pinzgau Saalfelden,ΦΚ Πιντζγκαου Σαλφελντεν,اف سی پینزگاو سالفلدن
SpVgg Bayreuth,ΣπΒγγ Μπαυρεουθ,اس پی وگ گ بایروت
Havadar SC,Χαβανταρ ΣΚ,هوادار اس سی
24Erzincanspor,Ερτζινκανσπορ,۲۴ ارزینکان اسپور
Fotbal Club FCSB,Φοτμπαλ Κλουβ ΦΚΣΜ,فوتبال کلوب فی سی اس بی
FC Talanta,ΦΚ Ταλάντα,فیسی تالانتا
San Telmo,Σαν Τέλμο,سان تلمو
US Viterbese U19,ΥΣ Βιτερμπέζε Ου19,آس ویتربزی ۱۹
Altinordu FK,Άλτινορντου ΦΚ,التینوردو افکی
Grorud IL 2,Γκρόρουντ ΙΛ 2,گرورود ایال 2
GD Sao-Carlense SP,ΓΔ Σάο-Καρλένσε ΣΠ,جیدی ساؤ کارلنسی اسپی
Jwaneng Galaxy,Τζουάνεγκ Γάλαξι,جواننگ گالکسی
Dolomiti Bellunesi,Ντολόμιτι Μπελούνεσι,دولومیتی بلونسی
Portland Timbers II,Πόρτλαντ Τίμπερς ΙΙ,پورتلند تایمز 2
South Melbourne FC,Ντάουθ Μόλμουρ ΦΚ,ساوت ملبورن فیسی
Mirassol FC SP,Μιρασσόλ ΦΚ ΣΠ,میراسول فوتبال اسپورتس
CS Sporting Rosiori 2008,ΚΣ Σπορτινγκ Ροσιόρι 2008,سی اس اسپورتینگ روزیوری 2008
Vastogirardi,Βαστογιράρντι,واستوگیراردی
FC Jeunesse Canach,ΦΚ Γιούνεσε Καναχ,فوتبال کلوب جونسه کاناش
CD Calamonte,ΚΔ Καλαμόντε,کلوب دی سالامونته
VMA IK,ΒΜΑ ΙΚ,وما ای کی
Phu Tho FC,Φού Θο ΦΚ,فوتبال کلوب پو تو
Napsa Stars,Νάψα Σταρς,ناپسا استارز
CA Youssoufia Berrechid,ΚΑ Γιουσουφιά Μπερρετσίτ,سی ای یوسوفیا برهچید
Montenegro,Μοντενεγκρο,مونته نگرو
AE Tiradentes CE,ΑΕ Τιραδέντες ΚΕ,آ ای تیرادنتس سی ای
Szekszardi Ufc,Σζεκσζάρδι Ουφς,سکسزاردی یو اف سی
Diosgyori VTK,Ντιόσγιορι ΒΤΚ,دیوسگیوری وی تی کی
Guadalupe FC,Γκουανταλούπε ΦΚ,گوادالوپه فوتبال کلوب
KF Laci,ΚΦ Λάτσι,کاف لاسی
FC Tvd Slavicin,ΦΚ Τβντ Σλαβιτσίν,اف سی تی وی دی اسلاویچین
Latvia,Λατβία,لتونیا
Nejmeh SC,Νετζμέχ ΣΚ,نجمه اس سی
Wing Yee Ft,Γουίνγκ Γι Φτ,وینگ یی فوتبال
Crossfire White,Κροσσφάιρ Γουάιτ,کراس فایر وایت
Deportivo Espanol,Ντεπόρτιβο Εσπανόλ,دیپورتیو اسپانیول
TiPS Vantaa,Τι Πές Βάντα,تی پی اس وانتا
CD Estepona,ΣΔ Εστεπόνα,سی دی استپونا
Sioni Bolnisi,Σιόνι Μπολνίσι,سیونی بولنیسی
IFK Goteborg,ΊΦΚ Γκότεμποργκ,ای ف آر گوته بورگ
Lamontville Golden Arrows,Λαμόντβιλ Γκόλντεν Άρρους,لامونتویل گولدن ارووز
CD Union Sur Yaiza,ΣΔ Ουνιόν Σουρ Γιάιζα,سی دی یونیون سور یایزا
Chengdu Rongcheng,Τσενγκντου Ρόνγκτσενγκ,چنگدو رونگچنگ
AC Bellinzona,ΑΚ Μπελιντσόνα,آی سی بلینزونا
Potyguar Cn Seridoense RN,Ποτυγκουάρ Σεν Σεριντό ΡΝ,پوتیگوآر سی ان سریدونس آر ان
Sturt Lions,Στουρτ Λιονς,ستورت لیونز
Nybergsund IL Trysil,Νιμπεργκσουντ ΙΛ Τρυσιλ,نیبرگسوند ایالیل تریسیل
Kongsvinger IL Fotball,Κονγκσβινγκερ ΙΛ Φοτβολ,کونگسوینگر ایالیل فوتبال
Racing Louisville FC,Ρασινγ Λουισβιλλε ΦΚ,ریسینگ لوییسول فوتبال کلوب
ESC Rellinghausen 06,ΕΣΚ Ρελλινγχαουζεν 06,ای اس سی رلینگهاوزن 06
Comercial Tiete FC SP,Κομερσιαλ Τιετε ΦΚ ΣΠ,کامرشیل تیته فوتبال کلوب اس پی
Oldenburger SV,Ολντενμπουργερ ΣΒ,اولدنبورگ سی وی
CD de Pronunciamiento,ΚΔ δε Προνουνσιαμεντο,سی دی ده پرونونسیامنتو
Masitaoka FC,Μασιταοκα ΦΚ,ماسیتاوکا فوتبال کلوب
SC Moknine,ΣΚ Μοκνινε,اس سی موکنی
Romania,Ρομανία,رومانیا
Club Atletico La Paz,Κλουμπ Ατλετικό Λα Παζ,کلوب آتلیتیکو لا پاز
1. FC Slovacko Uherske Hradiste,1. ΦΚ Σλοβάκκο Ουερσκέ Χραντίστε,۱.فی سی اسلواکو اوهرسکه رادیسته
Itarema EC CE,Ιταρέμα ΕΚ ΚΕ,ایتارما ای سی سی
SpVg Schonnebeck 1910,ΣπΒγ Σχόνεμπεκ 1910,اس پی وی ج شونه بک ۱۹۱۰
Chester FC,Τσέστερ ΦΚ,چستر فی سی
CA Patrocinense MG,ΚΑ Πατροκινένσε ΜΓ,سی ای پاتروسیننسه می جی
TUS Heiligenkreuz,ΤΥΣ Χαϊλιγκενκρουζ,توس هیلیگنکروز
Vila Operaria CE Mariano SP,Βίλα Οπεράρια ΚΕ Μαριάνο ΣΠ,ویلا اپراریا سی ای ماریانو اس پی
Beijing Guoan,Μπείζινγκ Γκοαν,بجینگ گوآن
Xorazm Fk Urganch,Χοραζμ Φκ Ουργαντσ,خورازم فوتبال اورگانچ
Nkwazi,Νκουάζι,نکوازی
Welling United FC,Γουέλινγκ Γιουνάιτεδ ΦΚ,ولینگ یونایتد فوتبال کلب
Sandefjord Fotball,Σαντεφιόρντ Φοτβολ,ساندفیورد فوتبال
Eyupspor,Ευπσπορ,ایوپسپور
Philadelphia Lone Star,Φιλαδέλφεια Λόουν Σταρ,فیلادلفیا لون استار
Voska Sport,Βόσκα Σπορτ,وسکا اسپورت
Western Suburbs FC,Γουέστερν Σαμπρές ΦΚ,وسترن سابربس فوتبال کلب
Musan Salama,Μουσάν Σαλάμα,موسان سلامه
Altay FK,Αλτάϊ ΦΚ,التای فوتبال کلب
Argentina,Αργεντινά,آرژانتین
AL Tadamon Sour,ΑΛ Τανταμόν Σουρ,آل تدمون سور
UD Taco San Luis,ΟΥΔ Τάκο Σαν Λουίς,آد تاکو سان لویس
FSV Fernwald,ΦΣΒ Φερνβάλντ,اف اس وی فرنوالد
Bohemians Prague 1905,Μποχεμιάνς Πράγα 1905,بوهمیانز پراگ، 1905
Motherwell Lfc,Μάθερωελ ΛΦΚ,مادرول ایل اف سی
Palmas TO,Πάλμας ΤΟ,پالماس تی او
Sunshine Coast Wanderers FC,Σάνσαιν Κουστ Γουάντερς ΦΚ,سانشاین کوست واندرز فوتبال کلوب
Vejle BK,Βέιλε ΜπΚ,وجله بی کی
Escorpiones FC,Εσκορπιόνες ΦΚ,اسکورپیونز فوتبال کلوب
Suriname,Σουρινάμε,سورینام
Gremio Osasco Audax EC SP,Γκρέμιο Οσάσκο Αουντάξ ΕΚ ΣΠ,گرمیو اوساسکو آوداکس ای سی اس پی
Carlos A Mannucci,Κάρλος Α Μανούτσι,کارلوس ای مانوچی
Osters IF,Οστερς ΙΦ,اوسترز ای اف
Future FC,Φούτουρ ΦΚ,فیوچر ای اف سی
Sport Huancayo,Σπορ Χουανκάγιο,اسپورت هوانکایو
CD Manchego Ciudad Real,ΚΔ Μαντσέγκο Σιούντα Ρέαλ,سی دی مانچهگو سیوداد رئال
KF Flamurtari,ΚΦ Φλαμούρταρι,کی اف فلامورتاری
Macae Esporte RJ,Μακάε Εσπορτ ΡΤ,ماکاه اسپورت رجی
Valentine FC,Βαλεντίν ΦΚ,والنتاین ای اف سی
Al-Ittihad Club,Αλ-Ιττιχαντ Κλαμπ,آل اتحاد کلوب
Yeclano Deportivo,Γιεκλάνο Ντεπορτίβο,یکلانو دپورتیو
Oxford United,Όξφορντ Γιουνάιτεντ,اکسفورد یونایتد
Vancouver TSS FC Rovers,Βανκούβερ ΤΣΣ ΦΚ Ρόβερς,ونکوور تیاساس فوتبال کلوب روورز
West Chester United Usl2,Γουέστ Τσέστερ Υσλ2,وست چستر یونایتد یواسال۲
UC La Estrella,ΥΚ Λα Εστρέλα,یوسی لا استرلا
Borussia Dortmund II,Μπορούσια Δορτμούντ II,بوروسیا دورتموند II
Rajasthan United,Ραζασθάν Γιουνάιτεντ,رجاستان یونایتد
Real San Joaquin,Ρεάλ Σαν Τζοακίν,رئال سان خوآن
Torch FC,Τορτς ΦΚ,تورچ فوتبال کلوب
Northern Ireland,Νόρθερν Άιρλαντ,نورثرن آیرلند
Hilal Gaza,Χιλάλ Γκάζα,هیلال گزا
Croatia,Κροατία,کرواتی
New Zealand,Νέα Ζηλανδία,نیوزیلند
FK Teplice,ΦΚ Τεπλίτσε,فوتبال کلوب تپلیس
CS Afumati,ΚΣ Αφουμάτι,کلوب سوپرایز افوماتی
Vietnam,Βιετνάμ,ویتنام
Guarani de Juazeiro CE,Γκουαράνι ντε Τζουαζέιρο ΚΕ,گوارانی دجوزیرو سی
FC Nathalys de Pointe-Noire,ΦΚ Ναθάλις ντε Ποιντ-Νοϊρ,فوتبال کلوب نتالیس د پوینت نور
SV Frauental,ΣΒ Φραουένταλ,اس وی فراونتال
AFAD Djekanou,ΑΦΑΝτ Ντζεκανου,آفاد جکانو
CS Corvinul 1921 Hunedoara,ΚΣ Κορβινουλ 1921 Χουνεντοαρα,سیاس کوروینوول ۱۹۲۱ هوندوارا
Europa Point,Ευρωπα Ποιντ,اوروپا پوینت
FC Irtysh Omsk,ΦΚ Ιρτισ Ομσκ,افسی ایرتیش اومسک
Orense SC,Ορενσε ΣΚ,اورنسه سیسی
ASD San Donato Tavarnelle,ΑΣΔ Σαν Ντονατε Ταβαρνελλε,آاسدی سان دوناتو تاوارنله
Wydad Temara,Υδαντ Τεμαρα,ویداد تمارا
Vikingur Reykjavik,Βικινγκουρ Ρευκιαβικ,ویکینگور ریکیاویک
Uniao Frederiquense de Futebol RS,Ουνιαο Φρεδερικενσε Ντε Φουτεμπολ ΡΣ,اونیو آفردیکونسه ده فوتبال آراس
FC Saint Eloi Lupopo,ΦΚ Σαιντ Ελοι Λουποπο,افسی سنت الوی لوپوپو
24 de Setiembre VP,Τεσσέρικα και Τέσσερα ημέρες του Σεπτεμβρίου VP,٢٤ د ستیمبرو وی پی
Ripensia Timisoara,Ριπένσια Τιμισώρα,ریپنسیا تیمیسوارا
Vanloese IF,Βάνλοεσε ΙΦ,وانلوزی ای اف
Diagoras Rhodes,Διαγόρας Ρόδος,دیاگوراس رودس
FC Penya d`Andorra,ΦΚ Πενιά ντ' Αντόρα,اف سی پنیا د اندورا
Tj Jiskra Usti Nad Orlici,Τζ Ισκρα Ουστι Ναντ Ορλίτσι,تی جی جیسکرا اوستی ناد اورلیچی
Esmac PA,Εσμακ ΠΑ,اسماک پی ای
KF Vjosa,ΚΦ Βιόσα,کی فی وجوسا
FC Unirea Dej,ΦΚ Ουνίρεα Δεζ,اف سی اونیرا دهج
Deportes Copiapo,Δηπορτες Κοπιάπο,دپورته س کوپیاپو
Merida AD,Μέριντα ΑΔ,مریدا AD
Posta Rangers FC,Πόστα Ρέιντερς ΦΚ,پوستا رینجرز FC
NK Sesvete,ΝΚ Σεσβέτε,ان کی Sesvete
Yeni Malatyaspor,Γιένι Μαλατιάσπορ,ینی Malatyaspor
FV Engers 07,ΦΒ Ένγκερς 07,اف وی انگرز 07
Olympiakos Nicosia,Ολυμπιακός Νικόσια,اولمپیاکوس نیکوزیا
FK Dinamo Riga,ΦΚ Δινάμο Ρίγα,اف کی دینامو ریگا
HYH Sebaco FC,ΧΥΗ Σεμπάκο ΦΚ,های اچ ایه Sebaco FC
FC Epitsentr Dunaivtsi,ΦΚ Επιτσέντρ Ντουναϊβτσί,اف سی اپیتسنتر Dunaivtsi
Balikesirspor,Μπαλικεσίρσπορ,بالیکسیرسپور
SC Corinthians SP,ΣΚ Κορινθιώτες ΣΠ,سیسی کورینتینس پالیسیو
Fethiyespor,Φεθίγεσπορ,فتحیهاسپور
Romania,Ρουμανία,رومانیا
Adelaide University,Πανεπιστήμιο Αδελαΐδας,آدلاید دانشگاه
England,Αγγλία,انگلستان
France,Γαλλία,فرانسه
Lokomotive Sofia,Λοκομοτίβ Σόφια,لوکوموتیو سوفیا
FC Eilenburg,ΦΚ Αίλενβοργκ,افسی ایلنبورگ
Tivoli Gardens,Τιβόλι Γκάρντενς,تیوولی گاردنز
FC Tokyo,ΦΚ Τόκιο,افسی توکیو
Haugesund,Χάουγκσουντ,هاوگزوند
Bamber Bridge,Μπάμπερ Μπρίτζ,بامبر بریج
DUKLA PRAGUE,Ντουκλά Πράγκα,دوکلا پراگ
FC Master Saturn,ΦΚ Μάστερ Σατέρν,اف سی ماستر ساتورن
SD Ponferradina B,ΣΔ Πονφερραντίνα Μπι,اس دی پونفرادینا بی
CF Badalona Futur,ΚΦ Μπανταλόνα Φουτούρ,سی اف بادالونا فوتور
Eskisehirspor,Εσκισεχίρσπορ,اسکیشهیراسپور
Avispa Fukuoka,Αβίσπα Φουκούκα,اویسپا فوکوئوکا
Serc Brasil De Farroupilha RS,Σερκ Μπράζιλ Ντε Φαρουπιλία ΡΣ,سرک برازیل د فاروپیلا آراس
Mil-Mugan FK,Μιλ-Μουγκάν ΦΚ,میل-موگان فی کی
CD Provincial Ovalle FC,ΚΔ Προβινσιαλ Οβαλε ΦΚ,سیدی پرووینشیال اوولی
Panaitolikos Agrinio,Παναιτολικος Αγρινιο,پانائیتولیکوس آگرینیو
Georgia,Γεωργια,گرجستان
Atletico Madrid,Ατλετικο Μαδριτης,آتلتیکو مادرید
VfB Oldenburg,Βι Φι Βι Ολντενμπουργκ,ویافبی اولدنبورگ
Istanbulspor AS,Ισταμπουλσπορ ΑΣ,استانبولسپور اسایاس
Kenya,Κενυα,کنیا
VfL Wolfsburg,Βι Φι Ελ Βολφσμπουργκ,ویافال اولفزبورگ
Taraji Wadi Al-Nes,Ταραζι Βαντι Αλ-Νες,تراجی وادی النس
SC Vianense,ΣΚ Βιανενσε,اسسی ویاننس
Apona Anayias,Άπωνα Αναγιάς,آپونا اناییاس
Veroia NPS,Βέροια ΝΠΣ,ورویا نپس
FC Kolkheti Khobi,ΦΚ Κολχέτη Χόμπι,اف سی کولختی خوبی
FK Kauno Zalgiris,ΦΚ Κάουνο Ζαλγκίρης,اف کی کاونو زالگیریس
Denizlispor,Ντενίζλισπορ,دنیزلیسپور
FK Pardubice,ΦΚ Παρντούμπιτς,اف کی پاردوبیس
Boulder County United,Μπόυλντερ Κάουντι Γιουνάιτεδ,بولدر کانتی یونایتد
Floriana FC,Φλοριάνα ΦΚ,فلوریانا اف سی
Hoenefoss BK,Χοενεφοσ ΜπΚ,هونیفوس بی کی
US Goree,ΥΣ Γκορέ,یو اس گوری
Eupa,Εύπα,یوپا
US Colomiers,ΗΠΑ Κολομιέρ,آمریکایی کولومیه
Rochdale AFC,Ρότσαλντ ΑΦΚ,راچدیل افسی
Vikingur Gota II,Βίκινγκουρ Γκότα II,ویکینگور گوتایی
Aaskollen,Αασκόλεν,آسکولن
SV Lebring,ΣΒ Λεμπρίνγκ,اس وی لبرینگ
Olympic Club,Ολυμπιακός Κύκλος,اولمپیک کلاب
Zamora CF,Ζαμόρα ΚΦ,زامورا کافه
Aaland United,Άαλαντ Γουάιτεδ,آلند یونایتد
Argentinos Juniors,Αργεντινός Τζουνιέρς,آرژانتینوس جونیورس
Lettir,Λεττίρ,لیتیر
China,Τσάινα,چینا
FC Malaga City,ΦΚ Μαλάγκα Σίτι,فوتبال کلبه مالاگا
Brusque FC SC,Μπρουσκε ΦΚ ΣΚ,بروسکو فوتبال اس کی
KF Rilindja 1974,ΚΦ Ριλίντζα 1974,کاف اریلینجا ۱۹۷۴
Frauenteam Thun Berner Oberland,Φράουενταμ Θούν Μπέρνερ Ομπερλάντ,فروئنتیم تون برنر اوبرلند
Queensland Lions FC,Κουίνσλαντ Λιονς ΦΚ,کوئینزلند لیونز فوتبال
Michigan Stars FC,Μίσιγκαν Στάρς ΦΚ,میشیگان استارز فوتبال
Sua Flamingoes,Σουά Φλαμίνγκοες,سوا فلامینگوز
CD Mafra,ΚΔ Μαφρά,سی دی مافرا
SK Sigma Olomouc,ΣΚ Σίγμα Ολομούτσ,سی کی اسیگما اولوموچ
Benin,Μπενίν,بنین
AA Francana SP,ΑΑ Φραντσάνα ΣΠ,آ ای فرانکانا اس پی
Bedford Town Football Club,Μπέντφορντ Τάουν Φουτβόλ Κλαβ,بدفورد تاون فوتبال کلوب
HK Kopavogur,ΧΚ Κοπαβόγκουρ,های کی پاوگور
Saudi Arabia,Σαουδική Αραβία,سعودی عربستان
Froso IF,Φρόσο ΊΦ,فروسو ای اف
PEC Zwolle,ΠΕΚ Ζβόλλε,پی ای سی زولی
Boyaca Chico FC,Μπογιάκα Τσίκο ΦΚ,بویاکا چیکو اف سی
Guarany de Bage FC,Γκουαράνι ντε Μπάγε ΦΚ,گوارانی دی باگی اف سی
Kyran Shymkent,Κυράν Σημκέντ,کیران شیمکنت
Umraniyespor,Ουμρανιγιέσπορ,اومرانی اسپور
Alagoinhas AC BA,Αλαγοϊνχας ΑΚ ΜΠΑ,آلاگویناس ای سی با
Flamengo SP,Φλαμένγκο ΣΠ,فلامنگو اس پی
ACF Fiorentina Viareggio Team,ΑΚΦ Φιορέντινα Βιαρέγκιο Τιμ,ای سی اف فیورنتینا ویارگیو تیم
Burton Albion,Μπέρτον Αλβιόν,برتون البیون
Steadfast FC,Στέαδφαστ ΦΚ,استیدفاست اف سی
Pensacola FC,Πενσακόλα ΦΚ,پنزولا فی سی
Cheltenham Town,Τσέλτενχαμ Τάουν,چلتنهام تاون
Pena Balmaiso CF,Πένα Μπαλμάισο ΚΦ,پنا بالمایسو ای سی فی
Democrata SL MG,Δημοκράτης ΣΕΛ ΜΓ,دموکراتا اسالامجی
Zvezda-2005 Perm,Ζεφζδα-2005 Περμ,زوزدا-۲۰۰۵ پرم
Genclerbirligi Ankara,Γκεντσερμπιρλίγκι Ανκαρά,گنچلربیرلیگی آنکارا
Zhejiang Professional,Ζεφζάνγκ Προφεσιονάλ,ژئزجیانگ پروفشینل
CA Patronato Parana,ΚΑ Πατρονάτο Παράνα,سیای پاتروناتو پارانا
CE Sabadell FC,ΣΕ Σαμπάντελ ΦΚ,سیای سابادل فیسی
FC Dynamo Kiev,ΦΚ Δυνάμο Κιέβο,افسی دینامو کیو
FC Nosta Novotroitsk,ΦΚ Νόστα Νοβοτρόιτσκ,افسی نوستا نووترویتسک
Poland,Πολωνία,لهستان
Atyra FC,Ατίρα ΦΚ,آتیرا فیسی
Mohammedan SC Dhaka,Μουχαμμέναν ΣΚ Ντάκα,محمدان اسسی دهکا
Jacobina EC BA,Τζακομπίνα ΕΚ ΒΑ,جکوبینا ایسی بیای
Dewa United,Ντεγουά Γιουνάιτεντ,دوا یونایتد
TSV Victoria Clarholz,ΤΣΒ Βικτόρια Κλάρχολτς,تیاسوی ویکتوریا کلارهولز
VV Katwijk,ΒΒ Κατγουίκ,ویوی کاتویک
Volda,Βόλντα,ولدا
Perth Redstar FC,Περθ Ρέντσταρ ΦΚ,پرت ه ردستار فوتبال کلب
Marsaxlokk FC,Μαρσαξλόκ ΦΚ,مارساکسلوک فوتبال کلب
AFC Telford United,ΑΦΚ Τέλφορντ Γιουνάιτεντ,ایفسی تلفورد یونایتد
Barry Town United FC,Μπάρι Τάουν Γιουνάιτεντ ΦΚ,بری تاون یونایتد فوتبال کلب
Georgia,Γεωργία,گرجستان
Dziugas,Ντζούγκας,دزوگاس
FK Rfs II,ΦΚ Ρφς II,فوتبال کلوب رفس II
Raith Rovers FC,Ρέιθ Ρόβερς ΦΚ,ریت روورز فوتبال کلوب
Monsoon FC RS,Μονσούν ΦΚ ΡΣ,مونسون فوتبال کلوب رس
SSD Sanremese Calcio,ΣΣΔ Σανρέμεσε Κάλτσιο,سی اس اس دی سنرمزی کالچو
Leixoes SC,Λειξόες ΣΚ,لیشوزئوس اس سی
AD Siete Villas,ΑΔ Σειτε Βίλας,آد سیته ویلاس
Springfield Asc,Σπρίνγκφιλδ Ασκ,اسپرینگفیلد آسک
ACS Foresta Suceava,ΑΚΣ Φορέστα Σουτσέβα,آسی سی اس فورستا سوچووا
MSK Zilina,ΜΣΚ Ζίλινα,میسک زیلینا
LR Vicenza,ΛΑΡ Βιτσέντζα,ال آر ویچنسا
Pretoria Callies,Πρετόρια Κάλλις,پرتوریا کالیز
CA Defensores Unidos,ΚΑ Ντεφενσόρες Ουνίντος,سی ای دفنسورس یونیدوس
Bylis Ballsh,Μπίλις Μπάλσ,بیلیس بالش
Bruck/Leitha,Μπρούκ/Λέιθα,بروک/لایتا
KH Hlidarendi,ΧΗ Χλινταρέντι,خ هلیدارندی
Polonia Sroda Wielkopolska,Πολόνια Σρόντα Βιελκοπολικά,پولونیا سرودا ویلکوپولسکا
Tecos FC,Τέκος ΦΚ,تکوس فوتبال کوب
Samsunspor,Σαμσούνσπορ,سامسونسپور
CS Viitorul Daesti,ΣΕ Βιιτορούλ Δαεστί,سیاس ویتورول دایستی
Gonfreville Esm U19,Γκονφρεβίλλε Εσμ Υ19,گونفروویل اسام ۱۹
1 Dezembro,Είναι Ντεζέμπρο,۱ دزمبرو
Asd Sangiovannese 1927,Ασντ Σανγιοβαννέζε 1927,آسدی سانجیواننزه ۱۹۲۷
Chattanooga FC,Τσατανούγκα ΦΚ,چتانوگا فیسی
Chungbuk Cheongju FC,Τσουνγκμπουκ Τσεόνγκου ΦΚ,چونگبوک چونگجو فیسی
Union Titus Petange,Ουνιόν Τιτούς Πετάντζε,یونیون تیتوس پتانجه
LDU Quito,ΛΝΤΥ Κιτο,الدییو قیتو
EC XV de Novembro SP,ΕΚ ΧΒ ντε Νοβέμβρο ΣΠ,ایسی وی ده نوومبرو اسپی
FK Suduva Marijampole B,ΦΚ Σουντούβα Μαριγιαμπόλε Β,افکی سودووا ماریجامپوله بی
Chonburi FC,Χονμπούρι ΦΚ,چونبوری افسی
United Pdx,Γιουνάιτεδ ΠΔΞ,یونایتد پیدیاکس
GS Ilioupoli,ΓΣ Ηλιούπολη,جیاس ایلیوپولی
Andorra,Αντόρα,آندورا
CF Canelas 2010,ΚΦ Κανέλας 2010,سیاف کانلاس ۲۰۱۰
Royal Excelsior Virton,Ρόιαλ Εξελσιόρ Βίρτον,رویال اکسلسیور ویرتون
Georgia Revolution FC,Τζόρτζια Ρεβολύτσιον ΦΚ,جورجیا روولوشن افسی
Gremio Recreativo Pague Menos CE,Γκρέμιο Ρεκρέατιβο Πάγκε Μένος ΚΕ,گرمیو رکراتیوو پاگو منوس سیای
VFB 03 Hilden,ΒΦΜ 03 Χίλντεν,ویافبی ۰۳ هیلدن
Sarrabus Ogliastra,Σαρράμπους Ογκλιαστρά,سارابوس اولیاسترا
Nicaragua,Νικαράγουα,نیکاراگوئه
Fredrikstad FK 2,Φρέντρικσταντ ΦΚ 2,فردریکاستاد فوتبال کلبه 2
Salgueiro AC PE,Σαλγκείρο ΑΚ ΠΕ,سالگوئیرو ایسی سی پی
International Portland Select FC,Διεθνής Πόρτλαντ Σέλεκτ ΦΚ,بین المللی پورتلاند سلکت فوتبال کلبه
Estonia,Εσθονία,استونی
Kings Lynn FC,Κινγκς Λιν ΦΚ,کینگز لین فوتبال کلبه
Heracles Almelo,Χεράκλες Αλμέλο,هراکلز آلملو
Israel,Ισραήλ,اسرائیل
FC Vizela,ΦΚ Βιζέλα,اف سی ویزلا
Granada CF,Γρανάδα ΚΟΠ,گرانادا سی اف
FK Motorlet Prague,ΦΚ Μοτορλετ Πραγκουζ,فک موتورلت پراگ
AL Sahel SC,ΑΛ Σαχελ ΣΚ,آل ساحل سی سی
FC Differdange 03,ΦΚ Διφερντανγκ 03,اف سی دیفردانگ 03
Hoa Binh FC,Χοα Μπινφ FC,هوا بین فک
Fernandopolis FC SP U20,Φερναντοπολις ΦΚ ΣΠ Υ20,فرناندوپولیس فک سی پی یو 20
Club America,Κλαμπ Αμερικα,کلاب آمریکا
Stella Club D'Adjame,Στελλα Κλαμπ Ντ'Ατζαμε,استلا کلاب دآجام
Social Atletico Television,Σοσιαλ Ατλετικο Τελειν,اسوشیال آتلتیکو تلویزیون
Colombia,Κολομβια,کلمبیا
TUS Makkabi Berlin,ΤΥΣ Μακκαμπι Μπερλιν,توس مکابی برلین
US Fiorenzuola,ΥΠ Φιορεντσουόλα,یو اس فیورنزوولا
Cianorte FC PR,Κιανόρτε ΦΚ ΠΡ,کیانورته فوتبال کلوب پی آر
SV Todesfelde,ΣΒ Τοντεσφελντε,اس وی تودسفلده
VFB Hallbergmoos,ΒΦΜ Χάλμπεργκμοος,وی اف بی هالبرگموس
Seacoast United Phantoms,Σιακοαστ Ουνιτεδ Φάντομς,سیکوست یونایتد فانتومز
Panathinaikos,Παναθηναϊκός,پاناتینایکوس
KS Kukesi,ΚΣ Κουκέσι,کی اس کوکسی
Lusitano GC,Λουσιτάνο ΓΚ,لوسیتانو جی سی
Buyuk. Tepecikspor,Μπουγιούκ. Τεπετσίκσπορ,بویوک تپه چیکسپور
US Salernitana,ΥΠ Σαλερνιτάνα,یو اس سالرنیتانا
Hercules CF B,Ηερκούλες ΚΕ Β,هرکولز کاف  بی
Torslanda IK,Τορσλάντα ΙΚ,تورسلاندا ای کا
Elimai FC,Ελιμαΐ ΦΚ,الیمای اف سی
Real Balompedica Linense,Ρέαλ Μπαλομπεντικά Λινένσε,رئال بالومپدیکا لیننس
SK Werndorf,ΣΚ Βερντφόρ,اس کی ورندورف
SK Austria Klagenfurt Amateure,ΣΚ Αυστρία Κλαγκενφούρτ Αματεύρ,اس کی اتریش کلاگنفورت امتوره
GKS Tychy,ΓΚΣ Τίτσι,جی کی اس تیچی
Al Salibikhaet,Αλ Σαλιμπικέτ,ال سالیبیخات
Al-Riffa SC,Αλ-Ρίφα ΣΚ,ال ریفا اس سی
EC XV de Novembro de Jau SP,ΕΚ ΧΒ ντε Νοβέμβρο ντε Τζάο ΣΠ,ای سی وی ده نوومبرو ده جاؤ اس پی
CA Nacional Potosi,ΚΕ Νακιοναλ Ποτόσι,سی ای ای ناسیونال پوتوسی
AFC Metalul Buzau,ΑΦΚ Μεταλούλ Μπουζάου,آفسی متالول بوزاو
CRA Catalano GO,ΚΡΑ Καταλάνο ΓΟ,کری ای ای سیتالانو گو
CD Alcoyano,ΚΔ Αλκόγιανο,سی دی الکویانو
Accra Great Olympics,Ακρά Γκρέιτ Ολυμπιάδες,اکرا گریت اولیمپیکس
Namungo FC,Ναμουνγκο ΦΚ,نامونگو اف سی
El Palmar CF-Estrella Grana,Ελ Παλμάρ ΚΦ-Εστρέλα Γκράνα,ال پالمار سی اف-استرلا گرانا
ASV Drassburg,ΑΣΒ Δρασμπουργκ,آ اس وی دراسبورگ
Southern District Football Club,Νότια Διαμερίδα Φότουτ Κλαμπ,ساوترن دیستریکت فوتبال کلوب
SV 07 Elversberg,ΣΒ 07 Ελβερσμπεργκ,اس وی ۰۷ الورسبرگ
FK Pardubice B,ΦΚ Παρντούμπιτς Β,فی کی پاردوبیس بی
East Atlanta FC,Ιστ Ατλάντα ΦΚ,ایست آتلانتا فی سی
CD Atletico Marte San Salvador,ΣΔ Ατλέτικο Μάρτε Σαν Σαλβαδόρ,سی دی اتلتیکو مارته سان سالوادور
CD Azuaga,ΣΔ Αζουάγκα,سی دی آزواگا
Sol de America Villa Elisa,Σολ ντε Αμερικά Βίλα Ελίσα,سول ده امریکا ویلا ایلیسا
Uberlandia EC MG,Ουμπερλάντια ΕΚ ΜΓ,اوبرلاندیا ای سی ام جی
FC Wolfurt,ΦΚ Βολφούρτ,فی سی وولفورت
Moss FK,Μος ΦΚ,موس فی کی
North Carolina Fusion U23,Νορθ Καρολίνα Φιούζιον Υ23,نورت کارولینا فیوشن یو۲۳
Korona Kielce,Κορόνα Κιέλτσε,کورونا کیلتسه
Vointa Limpezis,Βοϊντα Λιμπέζις,ووینتا لیمپزیس
Union Gurten,Ουνιόν Γκουρτεν,یونیون گورتن
Falkirk FC,Φάλκιρκ ΦΚ,فالکیرک فوتبال کلوب
SC Sagamihara,ΣΚ Σαγαμιχάρα,اسسی ساگامیهارا
Colombia,Κολομβία,کلمبیا
Volos NPS,Βόλος ΝΠΣ,وولوس نپیاس
Huntsville City FC,Χάντσβιλ Σίτι ΦΚ,هانتسویل سیتی فوتبال کلوب
Real Murcia CF,Ρεάλ Μούρθια ΚΦ,رئال مورسیا فوتبال کلوب
Nups,Ναυς,نوپس
Vihiga Bullets FC,Βιχίγα Μπάλετς ΦΚ,ویهیگا بالتس فوتبال کلوب
IRB Ouargla,ΙΡΜ Ουαργκλα,ایآرب وارگلا
FCM Baia Mare,ΦΚΜ Μπάια Μάρε,افسیام بایا ماره
Lemense FC SP,Λεμενσε ΦΚ ΣΠ,لمنس فوتبال اسپی
America FC SP,Αμερικά ΦΚ ΣΠ,آمریکا فوتبال اسپی
IFK Simrishamn,ΙΦΚ Σιμρισάμπν,ایافکی سیمریشام
SC Gagnoa,ΣΚ Γκαγνόα,اسسی گاگنوا
ZKS Stal Rzeszow,ΖΚΣ Σταλ Ρζεσου,زدکیاستال رزشوو
Tepatitlan FC,Τεπατιτλαν ΦΚ,تپاتیتلان فوتبال
KF Vllaznia Pozheran,ΚΦ Βλλαζνια Ποζεράν,کاف فلازنیا پوژهران
Bosnia & Herzegovina,Βοσνία & Ερζεγοβίνη,بوسنی و هرزگوین
France,Φρανσέ,فرانسه
Porsanger,Πορσάνγκερ,پورسانگر
GKS Katowice,ΓΚΣ Κατοβίτσε,گی کی اس کاتوویتسه
Esmtk Budapest,Εσμτκ Μπουδαπέστη,اسمتک بوداپست
FC Shirak Gyumri,ΦΚ Σιράκ Γιούμπρι,اف سی شیراک گیومری
Spain,Σπέιν,اسپانیا
Cambridge United,Κέμπριτζ Γιούναιτεδ,کمبریج یونایتد
Myanmar,Μιανμάρ,میانمار
CO Medenine,ΚΟ Μεντενίνε,سی او مدنین
Club Brugge,Κλαμπ Μπρουγκέ,کلوب بروگه
Calcio Lecco 1912,Κάλτσιο Λέκκο 1912,کالچیو لکو 1912
FK Detonit Plackovica,ΦΚ Δετονίτ Πλατσόβιτς,فوتبال کلوب دتونیت پلاکوویچا
Comunicaciones FC ,Κομουνικασιόνες ΦΚ,کامونیکاسیونز فوتبال کلوب
Kings Hammer FC,Κινγκς Χάμερ ΦΚ,کینگز همر فوتبال کلوب
TSV Landsberg am Lech,ΤΣΒ Λάντσμπεργκ Αμ Λεχ,تی اس وی لاندزبرگ آم لچ
Norway,Νορβηγία,نروژ
AC Crema 1908,ΑΚ Κρέμα 1908,آی سی کرما 1908
CA Ouriense,ΚΑ Ουριένσε,سی اورینس
Huehueteco Xinabajul,Χεουετέκο Ξιναμπαχούλ,هوئوئتکو شیناباجول
Sejong Sportstoto WFC,Σεχόνγκ Σπορστότο ΟΥΦΚ,سجونگ اسپورتستوتو وی اف سی
Deportivo Paraguayo,Ντεπόρτιβο Παραγουάη,دِپورتِیو پاراگوئهو
Kanagawa Sagamihara,Καναγκάουα Σαγκαμίχαρα,کاناگاوا ساگامیهارا
Extension Gunners,Εξτένσιον Γκάνερς,اِکستِنشن گَنرز
Cranborne Bullets FC,Κράνμπορν Μπουλετς ΦΚ,کرنبورن بُلِتس فِی سی
FC Tulsa,ΦΚ Ταλσά,اِف سی تالسا
FC Viktoria Cologne,ΦΚ Βίκτωρια Κωλνή,اِف سی وِکتوریا کِلن
CA All Boys,ΚΑ Όλ Μπόις,سی اِی اَل بَیوز
Brinkumer SV,Μπρίνκουμερ ΣΒ,برینکومر اس وی
Happy Valley AA,Χάπι Βάλεϊ ΑΑ,هَپی وَلی ای ای
Portugal,Πορτογαλία,پُرتوگال
Hyde United FC,Χάιντ Γιουνάιτεδ ΦΚ,هاید یونایتد فوتبال کلب
Independente FSJ PR,Ίντεπενδέντε ΦΣΤ ΠΡ,ایندپندنته فوتبال سانتا جولیا پرو
MFK Ruzomberok,ΜΦΚ Ρουζόμπεροκ,ام اف کی روزومبرک
Deportivo Moron,Ντεπόρτιβο Μόρον,دپورتیو مورون
Grapiuna AC BA,Γκραπιούνα ΑΚ ΜΠΑ,گراپیونا ای سی باهائی
Araucaria EC PR,Αραουκαρία ΕΚ ΠΡ,آراوکاریا ای سی پرو
Arnavutkoy Belediyesi Genclik Ve Spor,Αρναβουτκόι Μπελεντίγιε Γκεντλίκ Βε Σπόρ,آرناووتکوی بلدیه گنچلیک و اسپور
ACS Inainte Modelu,ΑΚΣ Ίναιντε Μοντέλου,ای سی اس ایناینته مودلو
Miami Dutch Lions,Μαϊάμι Ντάτχ Λιονς,میامی داتش لیونز
Smari,Σμάρι,اسماری
FC Dornbreite,ΦΚ Ντόρνμπραιτε,فیسی دورنبرایته
FA Povltavska,ΦΑ Ποβλταφσκα,فولتاوسکا
KFS Vestmannaeyjar,ΚΦΣ Βεστμανναεϊαρ,کیافاس وستمانایایجار
Redditch United,Ρεντιτς Γιουναιτεδ,ردیچ یونایتد
Ruthin Town,Ρουθιν Ταυν,روتین تاون
Ivory Coast,Αϊβορία Κοστ,ساحل عاج
Toledo Villa FC,Τολεντο Βίλα ΦΚ,تولدو ویلا افسی
Astra HFC Budapest,Αστρα ΧΦΣ Μπουδαπεστή,استرا اچاف بوداپست
Barra FC SC,Μπάρα ΦΚ ΣΚ,بارا افاسسی
FC Minaj,ΦΚ Μιναζ,افسی میناج
Najran SC,Ναζραν ΣΚ,نجران اسسی
AD Guarulhos SP,ΑΔ Γκουαρουλχος ΣΠ,آد گوارولوس اسپی
Stjarnan,Στιαρναν,استجارنان
Oakland County FC,Ουέικλαντ Κάουντι ΦΚ,اوکلند کاونتی افسی
Ska-Khabarovsk-2,Σκα-Χαμπαρόφσκι-2,اسکا-خواباروسک-۲
Sao Paulo FC SP,Σάο Πάολο ΦΚ ΣΠ,سائو پائولو افسی
CD Mineros de Zacatecas,ΚΔ Μινερός Ντε Ζακάτεκας,سیدی مینروس ده زاکاتکاس
Aigle Royal,Αίγλε Ρουέιαλ,ایگل رویال
Mazatlan FC,Μαζατλάν ΦΚ,مازاتلان افسی
Hartford Athletic,Χάρτφορντ Αθλετικ,هارتفورد اتلتیک
Newcastle United,Νιουκάσλ Γιουνάιτεδ,نیوکاسل یونایتد
FC Liefering,ΦΚ Λιφερινγκ,اف سی لیفرینگ
Malmo FF,Μαλμό ΦΚ,مالمو فوتبال فولکس
Egypt,Αιγύπτος,مصر
FC Union RB Weinland Gamlitz,ΦΚ Γκιουνιόν ΡΒ Γκαμλιτς,اف سی یونیون ری بی واینلند گاملیتس
Kalaa Sport,Καλα Σπορτ,کلا سپورت
Tre Penne,Τρε Πεννε,تره پنه
FC Davis,ΦΚ Ντέιβις,اف سی دیویس
Smari,Σμάρι,اسماری
Billericay Town,Μπίλερικεϊ Τάουν,بیلریکی تاون
Cape Town City FC,Κέιπ Τάουν Σίτι ΦΚ,کیپ تاون سیتی افسی
Fortuna Cologne,Φορτούνα Κολωνία,فورتونا کلونی
Heidelberg United FC,Χαϊντελμπεργκ Γιουνάιτεδ ΦΚ,هایدلبرگ یونایتد افسی
SK Dynamo Ceske Budejovice,ΣΚ Δυνάμο Κεσκε Μπουντεϊόβιτσε,اسکی دینامو چشکه بودجوویتسه
ASD Fossano Calcio,ΑΣΝΤ Φοσσάνο Κάλτσο,آاسدی فوسانو کالچو
US Lecce,ΥΣ Λέκκε,آس لکه
Szentlorinc SE,Σζεντλόρινκ ΣΕ,سنت لورینچ سهای
NK Hrvace,ΝΚ Χρβάτσε,انکی هرواچه
UC Sampdoria,ΟΥΚ Σαμπδόρια,یوسی سامپدوریا
Bujumbura City FC,Μπουζούμπουρα Σίτι ΦΚ,بوجومبورا سیتی افسی
North Texas SC,Νορθ Τέντας ΣΚ,نورث تکساس سی
Slovenia,Σλοβενία,اسلوونی
Latvia,Λετονία,لتونی
BK Fremad Valby,ΜπΚ Φρεμάντ Βάλμπυ,بی کی فرماد والبی
Raade IL,Ράαντε ΙΛ,راده ای ال
Rio Branco FC AC,Ρίο Μπράνκο ΦΚ ΑΚ,ریو برانکو اف سی
FK Hebar Pazardzhik,ΦΚ Χέμπαρ Παζαρτζίκ,اف کی هبار پازارجیک
AEK Larnaca,ΑΕΚ Λάρνακα,ای ای کی لارناکا
Shanghai Jiading City Dev,Σανγκάη Τζιαντίνγκ Σίτι Ντεβ,شانگهای جیادینگ سیتی دوولوپمنت
USD Seregno Calcio,ΥΣΔ Σερέγνο Κάλτσιο,یو اس دی سرجنو کالچو
Scotland,Σκωτσέδα,سکاتلند
FK Radnicki Beograd,ΦΚ Ραντνίκι Μπεογκράντ,فوتبال کلوب رادنیکی بغداد
MSV Duisburg,ΜΣΒ Δουΐσμπουργκ,موندبول MSV دویسبورگ
Arsenal FC,Άρσεναλ ΦΚ,آرسنال فوتبال کلوب
FK Viltis Vilnius,ΦΚ Βίλτις Βίλνιους,فوتبال کلوب ویلتیس ویلنوس
Akademia Ontustyk,Ακαδημία Οντούστυκ,آکادمیا اونتوستیک
Croydon Kings FC,Κρόιντον Κινγκς ΦΚ,کرویدون کینگز فوتبال کلوب
Instituto AC Cordoba Reserves,Ίνστιτουτο ΑΚ Κόρντομα Ρησέρβες,اینستیتوتو ای سی کردوبا رزرووز
Manaus FC AM,Μανάους ΦΚ ΑΜ,مانوس فوتبال کلوب ام
Nosaby IF,Νοσάμπυ ΊΦ,نوسابی ای فی
Marijampole City FA,Μαριγιαμπόλε Σίτι ΦΑ,ماریجامپول سیتی فوتبال ایکسپریشن
USK Anif,ΟΥΣΚ Άνιφ,یو اس کی انیف
Porthmadog FC,Πορθμαντόγκ ΦΚ,پورتمادوگ فوتبال کلوب
Pachuca,Πατσούκα,پاچوکا
Kirikkale Buyuk Anadoluspor,Κιρικκάλε Μπουγιούκ Αναντόλουσπορ,کیریکاله بزرگ انادولوسپور
VfB Stuttgart,ΦΒ Στούτγκαρτ,وی اف بی استوتگارت
FC Minsk,ΦΚ Μινσκ,ای فی سی مینسک
ATK Mohun Bagan,ΑΤΚ Μουν Μπαγκάν,ای تی کی موهون باگان
Assyriska FF,Ασσυρισκά ΦΚ,آسیریسکا فوتبال فان
IFK Uppsala,ΙΦΚ Ούπσαλα,ای فی کی اُپسالا
ASD Citta di Acireale 1946,ΑΣΔ Κίττα ντε Ατσιρεάλε 1946,آز سیتا دی آچیریالی ۱۹۴۶
Pogon Nowe Skalmierzyce,Πογκον Νουε Σκαλμιερζιτσε,پوگون نووه سکالمیرزیچه
CA Cirbonero,ΚΑ Κιρμπονερο,سی ای کیربونرو
Onsala BK,Ονσαλα ΜπΚ,اونسالا بی کی
AJ Auxerre,ΑΤΖ Αουξερρε,آج اوکسر
Yafoot Yaounde,Γιαφοοτ Γιαουντε,یافوت یاونده
Vikingur Reykjavik,Βίκινγκουρ Ρεϊκιαβίκ,ویکینگور ریکیاویک
Gabala FK,Γκαμπαλα ΦΚ,گابالا فوتبال کلب
Savedalens IF,Σαβενταλενς ΙΦ,ساودالنس ای اف
FK Belasica Strumica,ΦΚ Μπελασικα Στρουμιτσα,فوتبال کلب بلاسیکا استرومیتشا
Swallows FC,Σουάλους ΦΚ,سوالووز فوتبال کلبهسازی
Tiszakecskei LC,Τισακέτσκει ΛΚ,تیساککسکه لیگ کلبهسازی
Power Dynamos,Πάουερ Δυναμός,پاور دایناموز
Charlottetowne Hops FC,Τσαρλότταϊν Χοπς ΦΚ,چارلوتتاون هاپس فوتبال کلبهسازی
Frederikssund,Φρεντερικσσουντ,فردریکسسوند
KF Phoenix Banje,ΚΦ Φοξενικ Μπάντε,کافه فینکس بانجه
FC Viktoria Plzen,ΦΚ Βίκτορια Πλζεν,فوتبال کلبهسازی ویکتوریا پلزن
Batatais FC SP,Μπατατάις ΦΚ ΣΠ,باتاتایس فوتبال کلبهسازی اس پی
IK Tord,ΙΚ Τορντ,ایکس تورد
Persepolis FC,Περσεπόλις ΦΚ,فوتبال کلبهسازی پرسپولیس
Portugal,Πορτογαλία,پرتغال
Pogon Tczew,Πόγκον Τσεβ,پوگون تچویو
SF Eisbachtal,Σέ Φ Εισμπάχταλ,اساف ایسباچتال
Samambaia FC DF,Σαμάμπαια ΦΚ ΔΦ,سامامبایا فوتبال کلوب دیاف
Maxline Rogachev,Μαξλίνε Ρογκάτσεφ,مکسلاین روگاچوف
Persebaya Surabaya,Περσέμπαγια Σουραμπάγια,پرسبایا سورابایا
Club Celaya FC,Κλαμπ Κελάγια ΦΚ,کلوب سلایا فوتبال کلوب
Pfk Botev Plovdiv II,ΠΦΚ Μποτέβ Πλόβντιν II,پیافکی بوتوو پلوودوووی دووم
Batatais Futebol Clube,Μπατάταις Φουτεμπόλ Κλάμπε,باتاتایس فوتبال کلوب
FC Ingolstadt 04,ΦΚ Ίνγκολσταντ 04,افسی اینگولشتایدت ۰۴
Stade Rennes,Σταντ Ρεν,ستاد رن
FK Viktoria Zizkov,ΦΚ Βικτωρια Ζιζκοφ,فوتبال کلوب ویکتوریا زیکوف
Atlanta United FC,Ατλαντα Ουντεδ ΦΚ,آتلانتا یونایتد فوتبال کلوب
Iraklis Larisas,Ηρακλης Λαρισας,ایراکلیس لاریساس
CA Central Cordoba SE Reserve,ΚΑ Κεντραλ Κορντομπα ΣΕ Ρεζερβε,سی ای کنترال کوردوبا سرورو
Bali United FC,Μπαλι Ουντεδ ΦΚ,بالی یونایتد فوتبال کلوب
Sporting de Huelva,Σπορτινγκ ντε Χουελβα,اسپورتینگ د هوئلوا
Kitchee SC,Κιτσι ΣΚ,کیچی اس سی
Vendsyssel FF,Βεντσισελ ΦΦ,وندسیسل فوتبال فورانس
Ekenaas Idrottsforening 2,Εκεναας Ιδροττσφορενινγ 2,اکناس ایدروتس فورینینگ 2
AC Gozzano,ΑΚ Γκοζάνο,آچ گوزانو
Fatsa Belediyespor,Φάτσα Μπελεντίγεσπορ,فتسا بلدیهاسپور
Etella-Espoon Pallo,Ετέλα-Έσπουν Πάλλο,اتلا-اسپون پالو
GKS Pniowek Pawlowice,ΓΚΣ Πνιόβεκ Παβλόβιτς,گیکیاس پنیووک پاولوویتس
Tennessee SC,Τενεσί ΣΚ,تنسی پیاسسی
FK Prva Iskra Baric,ΦΚ Πρβα Ίσκρα Μπάρικ,افکی پرووا ایسکرا باریک
Union Kleinmunchen,Γκιούνιον Κλάινμουντσεν,یونیون کلاینمونشن
SV Gossendorf Gtc Graz,ΣΒ Γκοσσεντόρφ Γκτς Γκραζ,اسوی گوسندورف گتیسی گراز
CA Platense,ΚΑ Πλατένσε,سیای ایپلاتنس
Nacao SC,Νακάο ΣΚ,ناسائو اسسی
FK Bokelj Kotor,ΦΚ Μποκελ Κοτορ,فک بوکلج کوتور
Pecsi MFC,Πετσί ΜΦΚ,پچسی مالزی فوتبال کلوب
AS Real Bamako,ΑΣ Ρέαλ Μπαμάκο,آس رئال باماکو
Kjelsaas,Κιέλσαας,کیلساس
Western Pride FC,Γουέστερν Πράιντ ΦΚ,وسترن پراید فوتبال کلوب
Maua FC SP U20,Μαουά ΦΚ ΣΠ Υ20,ماوا فوتبال کلوب اس پی ۲۰
ABC FC RN,ΑΒΚ ΦΚ ΡΝ,آبی سی فوتبال کلوب رئال ناتال
TJ Tatran Bohunice,ΤΖ Τατράν Μπουχούνιτσε,تی جی تاتران بوهونیسه
Desportiva Alianca AL,Ντεσπορτίβα Αλιάνκα ΑΛ,دسپورتیوا آلیانسا آل
FC Sudtirol Bolzano,ΦΚ Σουνττιρόλ Μπολτσάνο,فوتبال کلوب سودتیرول بولزانو
Toronto FC II,Τορόντο ΦΚ ΙΙ,تورنتو فی سی ایی
CS Crisul Chisineu Cris,ΚΕ Κρισούλ Χισινέου Κρις,سی اس کریسول چیشینو کریس
Round Rock SC,Ράουντ Ροκ ΣΚ,راؤند راک اس سی
California Odyssey SC,Καλιφόρνια Οδύσσεια ΣΚ,کالیفورنیا اودیسی اس سی
Al Hidd,Άλ Χιντ,ال حید
Gandzasar Kapan FC,Γκαντζασάρ Καπάν ΦΚ,گاندزاسار کاپان فی سی
Paris 13 Atletico,Παρί Τριατέκ Άτλετικο,پاریس ۱۳ آتلانتیکو
Sheikh Jamal DC,Σείχ Τζαμάλ Ντι Σι,شیخ جمال دی سی
GKS Jastrzebie,ΓΚΣ Τζαστρζέμπιε,جی کی اس جسترزبی
FC Barcelona,ΦΚ Μπαρτσελόνα,فی سی بارسلونا
Santos FC SP,Σάντος ΦΚ ΣΠ,سانتوس فوتبال اسپی
Romania,Ρουμανία,رومانی
Pinerolo,Πινερόλο,پینرولو
FC Progres Niederkorn,ΦΚ Προγρές Νιντερκόρν,فوتبال کلوب پروگرس نیدرکورن
Malmo FF,Μάλμο ΦΚ,مالمو فوتبال کلوب
Scotland,Σκωτία,اسکاتلند
TuS Erndtebruck 1895,Τους Έρντεμπρουκ 1895,توز ارندتبروک 1895
Taarnby FF,Τααρνμπυ ΦΚ,تارنبی فوتبال کلوب
Apea Akrotiriou,Άπεα Ακρωτηρίου,آپها اکروتیریو
SR WGFM Donaufeld,ΣΡ ΓΦΜ Ντόναυφελντ,سرویس ویجیافام دونائوفلد
Davis Legacy,Ντέιβις Λέγκασυ,دیویس لگاسی
Club Brugge YLA,Κλουμπ Μπρούγκε,کلوب بروگه یلا
Usd Casatese,Υσντ Κασατέσε,آسد کاساتسه
Hartford City FC,Χάρτφορντ Σίτι ΦΚ,هارتفورد سیتی افسی
FC Kallon Viareggio Team,ΦΚ Κάλον Βιαρέγκιο Τιμ,اف سی کالون ویارجیو تیم
Puebla,Πουέμπλα,پوئبلا
FC Neman Grodno,ΦΚ Νέμαν Γκρόντνο,اف سی نمان گرودنو
Al-Sadd SC,Άλ-Σαντ ΣΚ,الصد سی سی
Atletico Chiriqui,Ατλέτικο Χιρικού,آتلتیکو چیریکی
Al-Ain FC,Άλ-Άιν ΦΚ,العین اف سی
CF Caravaggio SC,ΣΦ Καραβάγιο ΣΚ,سیاف کاراواگیو اسسی
Malmo FF,Μάλμο ΦΦ,مالمو فوتبال کلوب
HK Kopavogur,ΧΚ Κοπαβόγκουρ,هایکی کوپاوگور
Lokomotiva Brno Horni Herspice,Λοκομοτίβα Μπρνο Χόρνι Χερσπίτσε,لوکوموتیوا برنو هورنی هرسپیس
VfR Aalen,ΒφΡ Άαλεν,ویافآر آالن
FC Djursland,ΦΚ Διούρσλαντ,افسی دیورسلند
Deportivo Toluca FC,Ντεπόρτιβο Τολούκα ΦΚ,دپورتیوو تولوکا افسی
JSM Skikda,ΤζΕΜ Σκικντα,جیاسام اسکیکدا
Rio Ave FC,Ρίο Άβε ΦΚ,ریو آوی افسی
MSK Povazska Bystrica,ΜΣΚ Ποβάζσκα Μπιστρίτσα,اماسکی پووازسکا بیستریکا
Trival Valderas A.,Τριβάλ Βαλντέρας Α.,تریوال والدراس ای.
ZFC Meuselwitz,ΖΦΚ Μέυσελβιτς,زدافس موزلویتس
Capital FC,Κάπιταλ ΦΚ,کاپیتال افسی
Lija Athletic,Λίτζα Αθλέτικ,لیجا اتلتیک
FK TSC Backa Topola,ΦΚ ΤΣΚ Μπάκα Τοπόλα,فوتبال ایسی تیاسی باکا توپولا
Pas Giannina,Πας Γιάννινα,پاس گیانینا
Police FC Rwanda,Πολίς ΦΚ Ρουάντα,پلیس افسی رواندا
Orebro Syrianska IF,Όρεμπρο Συριανσκά ΙΦ,اورهبرو سیریانسکا ایاف
Feyenoord Rotterdam,Φέγενουρντ Ρότερνταμ,فینورد روتردام
Tuzlaspor,Τουζλάσπορ,توزلاسپور
Piacenza Calcio,Πιατσέντσα Κάλτσο,پیاچنزا کالچو
Vitoria FC ES,Βίτορια ΦΚ ΕΣ,ویتوریا اف سی
CA San Miguel,ΚΑ Σαν Μιγκέλ,سی ای اسان میگوئل
AD Cantolao,ΑΔ Καντολάο,ای دی کانتولائو
CS Minerul 1947 Ocna Dej,ΚΣ Μινερούλ 1947 Οκνα Ντεζ,سی اس مینرول ۱۹۴۷ اوکنا دج
ZKS Olimpia Elblag,ΖΚΣ Ολυμπία Έλμπλαγκ,زکس اولیمپیا البلاگ
PAS Giannina,ΠΑΣ Γιαννίνα,پاس گیانینا
AC Horsens,ΑΚ Χορσενς,ای سی هورسنس
Montpellier HSC,Μοντπελιέ ΧΣ,مونتلیه اچ اس سی
OGC Nice,ΟΓΚΓ Νισέ,او جی سی نیس
Busoga United FC,Μπουσόγκα Γιουνάιτεδ ΦΚ,بوسوگا یونایتد فوتبال کلب
UE Sant Julia,ΥΕ Σαντ Τζουλιά,یو ای اسانت خولیا
Slovan Bratislava,Σλοβάν Μπρατισλάβα,اسلووان براتیسلاوا
Gangwon FC,Γκάνγκουον ΦΚ,گانگوون فوتبال کلب
CP Cacereno SAD,ΣΠ Κακερένο ΣΑΝΤ,سی پی ساسرنو ساد
CA Osasuna,ΚΑ Οσάσουνα,سی ای اوساسونا
Torino FC,Τορίνο ΦΚ,تورینو فوتبال کلب
Nocerina,Νοκερίνα,نوچرینا
ACD Campodarsego Calcio,ΑΚΝ Καμπονταρσέγκο Κάλτσιο,ای سی دی کامپودارزئگو کالچیو
CD Atletico Huila,ΚΔ Ατλέτικο Χουίλα,سی دی ایتلتیکو اوئیلا
POFC Botev Vratsa,ΠΟΦΚ Μπότεβ Βράτσα,پوفس بوتوو وراتسا
Laredo Heat SC,Λάρεντο Χιτ ΣΚ,لاردو هیت اسسی
Hoedd IL,Χοέντ ΙΛ,هود ایال
CD Calahorra,ΚΔ Καλαχόρα,سیدی کالاهورا
Korabi Peshkopi,Κοράμπι Πεσκόπι,کورابی پشکوپی
Uzbekistan,Ουζμπεκιστάν,ازبکستان
Uniao Suzano AC SP,Ουνιάο Σουζάνο ΑΚ ΣΠ,ونیو سوزانو ایسی پی
Real Union de Irun,Ρεάλ Ουνιόν ντε Ιρούν,رئال یونیون ده ایرون
Deportivo Madryn,Ντεπόρτιβο Μαντρίν,دپورتیوو مادرین
Racing Rioja CF B,Ράσινγκ Ριόγκα ΚΦ Μ,ریسینگ ریوجا سیاف بی
Finland,Τζιάνγκξι Λουσάν,فینلند
Slask II Wroclaw,Τζακόμπσταντς Μπολκλούμπ,اسلاس ۲ وروکلاو
AL Hilal,Τζευγντ ΡΩΔ Μολεμπέκ,الحلال
Altay Vko,Νόρντστραντ,التای وکو
Iran,ΥΔ Λογρόνες,ایران
RC Relizane,ΣΔ Αλφάρο,آرسی رلیزان
RFK Akhmat Grozny,Βόρεια Ιρλανδία,آخمات گروزنی
ACR Messina,ΣΔ Φουενλαμπράντα Β',ایسی سی آر مسینا
VfR Garching,Σαντεφιόρντ Φοτβολ 2,وی اف آر گارچینگ
FC Nordsjaelland,ΦΚ Παχτακόρ Τασκέντ,اف سی نوردسجالند
Jiangxi Lushan,ΡΚΣ Ρακου Τσεστοχόβα,جیانگشی لوشان
Jakobstads Bollklubb,Βίλνιους ΦΚ Ζαλγκίρης,جاکوبستاد بولکلوب
Jeugd RWD Molenbeek ,ΦΚ Ζλίν,جوگد رود مولنبیک
Nordstrand,ΣΚ Βίκτορια 06 Γκρίζεμπουργκ,نوردستراند
UD Logrones,ΣΚ Φαρένσε,اودی لوگرونس
CD Alfaro,Γκντ Ρεσέντε,سی دی آلفارو
Northern Ireland,Ουνια Σκιερνιεβίτσε,شمالی ایرلند
CF Fuenlabrada B,ΑΛ Εττίφακ ΦΚ,سی فو اونلبرادا بی
Sandefjord Fotball 2,Κλαμπ Ατλέτικο Ρεντίστας,ساندفجورد فوتبال 2
FC Pakhtakor Tashkent,Μανουρέουα ΑΦΚ,اف سی پختکور تشکنت
RKS Rakow Czestochowa,Αδάνα Δεμίρσπορ,رکس راکوو چشتوچووا
Vilnius FK Zalgiris,Κασταμονούσπορ,ویلنیوس اف کی زالگیریس
FC Zlin,Ίλκεστον Τάουν ΦΚ,اف سی زلین
SC Viktoria 06 Griesheim,ΚαΠα Καπιλάν Πάλλο,اس سی ویکتوریا ۰۶ گریسهایم
SC Farense,Γουέστ Χαμ Ουνιτεδ ΦΚ,اس سی فارنسه
Gd Resende,Μαρσασκάλα ΦΚ,گد رزنده
Unia Skierniewice,ΕΚ Ταουμπάτε ΣΠ,وونیا اسکیرنیویتسه
AL Ettifaq FC,Εθνικός Αχνάς ΦΚ,آل اتیفاق اف سی
Club Atletico Rentistas,Φερόες Νησιά,کلوب آتلتیکو رنتیستاس
Manurewa AFC,ΦΚ Σιριγκούς,مانوروا ای اف سی
Adana Demirspor,ΣΔ Άουκας,آدانا دمیرسپور
Kastamonuspor,ΥΔ Άλμερια Β,کاستامونوسپور
Ilkeston Town FC,Ολίμπια Ζάμπρου,ایلکستون تاون فوتبال کلوب
KaPa Kapylan Pallo,Ακτή Ελεφαντοστού,کا پا کاپیلان پالو
West Ham United FC,Νιέντορφερ ΤΣΒ 1919,وست هام یونایتد فوتبال کلوب
Marsaskala FC,ΒφΒ Στούτγκαρτ Β,مارساسکالا فوتبال کلوب
EC Taubate SP,Ντιγιαρμπεκιρσπορ ΑΣ,ای سی تاوباته اس پی
Ethnikos Achnas FC,Μποημιάνς Πράγα 1905 Β,اتنیکوس اچناس فوتبال کلوب
Faroe Islands,ΦΚ Τορπέντο Κουτάισι,فارو آئیلندز
FK Sirijus,Τβαακερς ΊΦ,اف کی سیریوس
SD Aucas,Ίρονμπουντ ΣΚ,سیدی اوکاس
UD Almeria B,ΣΒ Σαντχάουζεν,اودی اَلمیریا بی
Olimpia Zambrow,ΛΚΣ Γκοτσάλκοβιτσε-Ζνροϊ,اولیمپیا زامبرو
Ivory Coast,Νοττοντεν ΦΚ,آئیوری کوست
Niendorfer TSV 1919,Περθ Γκλόρι ΦΚ,نیندورفر تیاسوی 1919
VfB Stuttgart II,Βίσλα Κράκοβ,ویافبی استوتگارت دوم
Diyarbekirspor AS,Στοκκσεϊρι,دیاربکیرسپور ایاس
Bohemians Prague 1905 B,ΜΣΚ Ζίλινα,بوهیمیانز پراگ بی 1905
FC Torpedo Kutaisi,ΜπΣΚ Γιάνγκ Μπαϊς,افسی تورپدو کوتایسی
Tvaakers IF,ΦΚ Φεμίνα Γουάι Σταρ Βολουέ,تواکرز ایاف
Ironbound SC,Ρόιαλ Σαρλέρου ΣΚ,آیرونباوند اسسیسی
SV Sandhausen,Ράγια2 Εξπάνσιον,اسوی سندهاوزن
LKS Goczalkowice-Zdroj,Προβινσιάλ Ωσόρνο,الکیاس گوچالکوویتس-زدروی
Notodden FK,ΑΚΣ Κοζία Καλιμανέστι,نوتودن فوتبال کلوب
Perth Glory FC,Λος Κάμπος Γιουνάιτεδ,پرت سلوری فوتبال کلوب
Wisla Krakow,ΑΔ Αλκόρκον,ویسلا کراکوو
Stokkseyri,Οεβρεβολ Χόσλε ΙΛ,استوکسیری
MSK Zilina,ΒφΒ Λούμπεκ ΙΙ,اماسکی زیلینا
BSC Young Boys,ΚΦ Βελλαζνίμι,بیاسسی یانگ یانز
FC Femina White Star Woluwe,Ισλανδία,افسی فمینا وایت ستار وولوو
Royal Charleroi SC,Σπύρνιρ,رویال چارلروی اسسیسی
Raya2 Expansion,Έκενας Ιδρυτική Φόρεν,رایای۲ اکسپنشن
Provincial Osorno,Κάβεσε 1919,پرووینشیال اسورنو
ACS Cozia Calimanesti,Γκουμουχάνεςπορ,ایسیاس کوزیا کالیمانستی
Los Cabos United,Γκλέντοραν ΦΚ,لوس کابوس یونایتد
AD Alcorcon,ΦΚ Ράσνοβ,آیدی الکورکون
Oevrevoll Hosle IL,Γουόλντστον ΦΚ,اووروول هوسله ایال
VfB Lubeck II,Λεβάνγκερ ΦΚ,ویافبی لوبک ۲
KF Vellaznimi,Σιέρα Λεόνε,کیاف ولازنیمی
Iceland,ΣΚ Σπάρτα Κολίν,آیسلند
Spyrnir,Γιενγκκου ΦΚ,سپیرنیر
Ekenas Idrottsforening,Ρούμπιο Νου,ایکناس ایدروتسفورنینگ
Cavese 1919,ΣΚ Στουρμ Γκραζ,کاوزه ۱۹۱۹
Gumushanespor,Μοντεσπάκατο Κάλτσιο,گوموشانسپور
Glentoran FC,Σαν Ντιγκο Λόιαλ ΣΚ,گلنتوران فوتبال کلوب
FC Rasnov,Στάντε Ντε Αμπιντζάν,فوتبال کلوب راسنو
Wealdstone FC,Κέιπ Βέρντε,ویلداستون فوتبال کلوب
Levanger FK,Καμπότζη,لوانگر فوتبال کلوب
Sierra Leone,ΜπΦ Νταουγκαφίλς,سیرالئون
SK Sparta Kolin,ΦΚ Φαμαλικάο,اس کی اسپارتا کولین
Gyeongju FC,Νάνσι-Λορρέιν,گیونگجو فوتبال کلب
Rubio Nu,Μάλτα,روبیو نو
SK Sturm Graz,Μάνηταν ΣΚ,اسکی استورم گراز
Montespaccato Calcio,Άικ,مونتسپاکاتو کالچیو
San Diego Loyal SC,Πίτερχεαδ ΦΚ,سن دیگو لویال اسسی
Stade Du00b4abidjan,Γουέστ Τσέστερ Γιουνάιτεδ,استاد دابیجان
Cape Verde,Μπάγερν Μονάχου,کیپ ورد
Cambodia,ΦΚ Σλόγκα Βινίτσα 1934,کامبوج
BFC Daugavpils,Σλοβάν Μπρατισλάβα,بیافسی داوگافپیلس
FC Famalicao,Ιράκ,افسی فامالیکائو
Nancy-Lorraine,ΚΕ Κολεγιαλές,نانسی-لورین
Malta,Χάμπουργκερ ΣΒ,مالتا
Manhattan SC,Κίνγκστονιαν ΦΚ,منهتن اس سی
AIK,Κλουμπ Ντεπόρτιβο Ντελ Εστέ,آی کی
Peterhead FC,ΦΚΜ Πάιδζ,پیترهد فوتبال کلب
West Chester United,Φορταλέζα ΕΚ ΚΕ,وست چستر یونایتد
Bayern Munich,1.ΦΚ Πρίμπραμ,بایرن مونیخ
FK Sloga Vinica 1934,ΑΝ Αλμουντεβάρ,فوتبال کلب سلوگا وینیکا 1934
Slovan Bratislava,ΦΚ Κιρκονούμμι,اسلووان براتیسلاوا
Iraq,Σαρψμποργκ 08,عراق
CA Colegiales,Σιμιζου Σ-Παλς,سیای کولجیالز
Hamburger SV,Πεντικσπορ,همبورگر سیوی
Kingstonian FC,ΠΠ-70,کینگستونین فوتبال کلوب
Club Deportivo del Este,Γιανγκ Μπους Μπερν,کلوب دپورتیو دل استه
FCB Magpies,Μπουημιανς Δουβλιν ΦΚ,افسیبی مگپیز
Fortaleza EC CE,Παου ΦΚ,فورتالزا ایسی سیای
1.FK Pribram,Μοσασετ ΑΛ Μπιρεχ,فوتبال کلوب پریبرام
AD Almudevar,Πασαια Κε,آد االمودووار
FC Kirkkonummi,ΚΦ Επιλα,افسیبی کیرکونومی
Sarpsborg 08,ΑΚ Φεραλπισαλο Ο19,سارپسبورگ ۰۸
Shimizu S-Pulse,ΕΚ Δεμοκράτης ΜΓ,شیمیزو اس-پالس
Pendikspor,Λόμπος ΥΠΝΦΜ,پندیکسپور
PP-70,Όλνταμ Αθλετικ,پی-پی-۷۰
Young Boys Bern,Κέλτικ Γκλάσγου,یانگ بویز برن
Bohemians Dublin FC,ΣΔ Όνσε Κάλντας,بوهمیانز دبلین فوتبال کلوب
Pau FC,Ραιγκ ΦΚ,پاو فوتبال کلوب
Mosaset AL Bireh,Τρίσταν Σουάρεζ,موساست ال بیره
Pasaia Ke,Πέισλεϊ Αθλετικ ΦΚ,پاسایا که
CF Epila,Μάντσεστερ Σίτι,سی اف اپیلا
AC Feralpisalo U19,Άλφτανες,ای سی فرالپیسالو ۱۹
EC Democrata MG,ΦΚ Κραϊ,ای سی دموکراتا ام جی
Lobos UPNFM,Πεορία Σίτι,لوبوس او پی ان اف ام
Oldham Athletic,ΦΚ Άρσεναλ Ντζερζίνσκ,اولدهام اتلتیک
Celtic Glasgow,Φλατιρόνς Ρασ ΣΚ,سلتیک گلاسکو
CD Once Caldas,Πουέμπλα ΦΚ,سی دی اونس کالداس
Reign FK,ΚΣ Πολωνία Μπυτόμ SA,راین ف کی
Tristan Suarez,ΦΚ Μπανιγιάς,تریستان سوئرز
Paisley Athletic FC,ΚΔ Ατλέτικο Ουίλα ΣΑ,پیزلی اتلتیک اف سی
Manchester City,ΦΚ Καμένιτσα Σάσα,منچستر سیتی
Alftanes,ΚΡΚ Γκενκ,آلفتانس
FC Kray,ΚΑ Φένιξ Πιλάρ,فیسی کرای
Peoria City,ΦΚ Βαρντάρ Σκόπια,پیوریا سیتی
FK Arsenal Dzerzhinsk,Ρόμα Σίτι ΦΚ,فوتبال کلوب ارسنال دزرژینسک
Flatirons Rush SC,Κατσίν Γιουνάιτεδ ΦΚ,فلتیرون راش اسسی
Puebla FC,ΦΚ Τράγιαλ Κρουσέβακ,پوئبلا فوتبال کلوب
KS Polonia Bytom SA,ΝΚ Ποσούσιε,کارائین کلوب پولونیا بیتوم سیایای
FC Baniyas,Ουντ-Χέβερλι Λέουβεν,فوتبال کلوب بانیاس
CD Atletico Huila SA,Οριέντε Πετρολέρο,سیدی اتلتیکو هویلا سیایای
FK Kamenica Sasa,Κάσρικ Στάρς ΦΚ,فوتبال کلوب کامنیتسا ساسا
KRC Genk,ΥΣΜ Αννάμπα,کریک کلوب روسیهای ژنک
CA Fenix Pilar,Κέαρναρφον Τάουν ΦΚ,سی ای  فنیکس پیلار
FK Vardar Skopje,Μπέσα Καβάτζε,اف کی واردار اسکوپجه
Roma City FC,Αλεμπρίζες ντε Οαξάκα II,روما سیتی اف سی
Kachin United FC,Μαγκρέμ ΑΣ ντε Φες,کاچین یونایتد اف سی
FK Trayal Krusevac,Μοβιλιέρι Πονσάκο,اف کی ترایال کروشواچ
NK Posusje,ΤζΕΦ Γιουνάιτεδ Ίτσιχαρα Τσίμπα,ان کی پوسوشجه
Oud-Heverlee Leuven,Αϊμόρε ΡΣ,ود-هوورلی لوون
Oriente Petrolero,Ποντ Νονναζ Χόνε Αρνάντ Εβανκον,اورینته پترولرو
Casric Stars FC,Πάρτικ Θίστλε ΛΦΚ,کسریک استارز اف سی
USM Annaba,ΊΦΚ Όστερσουντ,یو اس ام انابه
Caernarfon Town FC,,کارنارفون تاون فوتبال کلب
Besa Kavaje,,بزا کاواجه
Alebrijes de Oaxaca II,,آلبریجههای دوخاکسا
Maghreb AS de Fes,,مغرب ایاس د فس
Mobilieri Ponsacco,,موبیلیری پونساکو
JEF United Ichihara Chiba,,جیاف یونایتد ایچیهارا چیبا
Aimore RS,,آیموره روس
Pont Donnaz Hone Arnad Evancon,,پونت دوناز هونه ارناد اوانکون
Partick Thistle LFC,,پارتیک تیسل فوتبال کلب
IFK Ostersund,,ایافکی استرسوند
