"id","name","sport","sport_id"
114882,"Jaruskova, Timea",Tennis,3
116397,Fuchs L / Schaeder L,Tennis,3
115594,"Schmitt, Aurelien",Tennis,3
115607,"Andrejic, Marko",Tennis,3
122483,Cabrera M A / Vasser O,Tennis,3
109053,"Niermann, Nele",Tennis,3
122564,Back F / Otzipka J,Tennis,3
121322,"Vorfolomeev, Ivan",Tennis,3
121382,"Ambler, Casey",Tennis,3
114217,"Aryanpour, Pooya",Tennis,3
115638,"Mireles Jimenez, Raul",Tennis,3
114154,"Pinto Goncalves, Martim",Tennis,3
120579,"Porras Buezo, Valeria",Tennis,3
121947,Abduraimova N / Wagner A,Tennis,3
117528,"Kalyakina, Maria",Tennis,3
119049,Purcell M / Thompson J,Tennis,3
114433,"Bigonesse, Philippe-Elliott Spencer",Tennis,3
108745,"Caldes, Jaime",Tennis,3
119730,Hogue E / Lee L,Tennis,3
115489,"Luca, Alexandru",Tennis,3
109157,"Fernandez, Bianca Jolie",Tennis,3
112036,"Cline, Leela",Tennis,3
110313,"Samardzic, Matija",Tennis,3
108869,"Yadav, Radhika",Tennis,3
118561,Kazionova E / Mikhaylova V,Tennis,3
108021,"Roberts, Justin",Tennis,3
119762,Gulia G / Rawat S,Tennis,3
109561,Lazaro Garcia A / Rosatello C,Tennis,3
119941,Gonzales R / Lawson A,Tennis,3
120531,"Summers, Matthew",Tennis,3
120027,"Humpfner, Kevin",Tennis,3
115148,Dadabaev A / Ibrakhimov R,Tennis,3
111003,Costoulas S / Cross K,Tennis,3
122310,Khomutsianskaya D / Pridankina E,Tennis,3
108906,"Kvitova, Petra",Tennis,3
119092,"Saito, Sakura",Tennis,3
114897,"Jimenez Kasintseva, Victoria",Tennis,3
107526,Goransson A / McLachlan B,Tennis,3
110473,"Lehmann, Nikos",Tennis,3
111875,"Chaiyarin, Credit",Tennis,3
110084,Eikeri U / Rosolska A,Tennis,3
115583,"Vial, Romain",Tennis,3
121581,Descotte M F / Tomic B,Tennis,3
119323,"Leon, Ethan",Tennis,3
110965,Mohamed H / Rakotomanga Rajaonah T S,Tennis,3
116597,Franco T / Salazar D,Tennis,3
120166,Aparisi Gonzalez-Vallarino C / Aranzabal N,Tennis,3
109425,Ovcharenko O / Picchione A,Tennis,3
120784,Motti A / Oradini G,Tennis,3
110417,"Odorizzi, Caterina",Tennis,3
120607,"Ratkovic, Divna",Tennis,3
120882,Juric N / Znuderl A,Tennis,3
117603,Saritas G / Turker M N,Tennis,3
109765,Godsick N / O Hoisin O,Tennis,3
107903,"Maslenkova, Milana",Tennis,3
118389,"Montes, Jimena",Tennis,3
107451,"Duerst, Jenny",Tennis,3
110816,Lin W-D / Shiraishi H,Tennis,3
106611,"Badman, Danielle",Tennis,3
110329,"Calzi, Raphael",Tennis,3
111131,"Kovapitukted, Punnin",Tennis,3
116265,Frahn M / Lau J,Tennis,3
111540,"Mickoska, Sara",Tennis,3
119208,"Bonet Molas, Sergi",Tennis,3
114213,"Singh, Jagmeet",Tennis,3
110867,Ksandinov S / Niimi K,Tennis,3
112079,"Murthy, Anya",Tennis,3
120853,Stamatova J / Wildgruber A,Tennis,3
116748,"Beale, Jeremy",Tennis,3
103175,Forejtek J / Kwiatkowski T,Tennis,3
106646,"Pegula, Jessica (Srl)",Tennis,3
106877,"Dong, Bohua",Tennis,3
114166,"Haliak, Mikalai",Tennis,3
114308,"Leguizamon, Bautista",Tennis,3
121029,"Stankovic, Anja",Tennis,3
117287,"Nakagawara, Rin",Tennis,3
115619,"Bettini, Filippo",Tennis,3
107594,Rogers A / Tjandramulia O,Tennis,3
111698,"Abildayeva, Taira",Tennis,3
111201,"Huang, Tsung-Hao",Tennis,3
111305,Schenekenberg G / Schiessl J E,Tennis,3
103261,"Duda, Filip",Tennis,3
119928,Babic Z / Bergevi F,Tennis,3
121599,"Braga, Victor",Tennis,3
121905,Brady P / Jones A,Tennis,3
120792,Aranzabal M / Martinez Arjona S,Tennis,3
119086,"Kono, Shimon",Tennis,3
108459,"Dart, Harriet",Tennis,3
112005,Bonaventure Y / Bronzetti L,Tennis,3
120931,Ferri L / Orlov A,Tennis,3
103434,Saigo R / Saigo Y,Tennis,3
112004,van Der Hoek R / Wu F-H,Tennis,3
114841,Basic N / Markovski O,Tennis,3
106076,"Novak, Dennis",Tennis,3
106909,Puttergill C / Walton A,Tennis,3
119391,"Mostallino, Francesca",Tennis,3
112756,Sidorov N / Yerdilda Y,Tennis,3
106216,Escobar G / Hidalgo D,Tennis,3
120257,"Govortsova, Olga",Tennis,3
114902,Jimenez Kasintseva V / Zarazua R,Tennis,3
120730,Panova A / Sizikova Y,Tennis,3
118595,Bhangdia J / Fernandez Flores D,Tennis,3
107156,Ersoz V / Ostlund F,Tennis,3
108482,"Medvedev, Daniil",Tennis,3
122262,"Barlini Pischedda, Anna",Tennis,3
119741,Rajmohan N / Sadiq S,Tennis,3
120536,"Villard, Niels",Tennis,3
121974,Carballes Baena R / Landaluce M,Tennis,3
114056,"Abukusumo, Abasi",Tennis,3
122209,"Kravec, Vladimir",Tennis,3
111579,"Pobes, Eduardo",Tennis,3
120995,Casares M E / Guerrero Barberan V,Tennis,3
108958,"Santos Gava, Kaua Lorenzo",Tennis,3
120380,Ccuno R / Iamachkine A,Tennis,3
114342,"Schmitz, Francesco",Tennis,3
119723,Daubnerova N / Stresnakova K,Tennis,3
115585,"de Cuyper, Julien",Tennis,3
111637,"Ortenzi, Gian Marco",Tennis,3
109329,Bhatia K / Rathi A,Tennis,3
108973,"Vasileva, Alisa",Tennis,3
119983,"Guttikonda, Delisha",Tennis,3
111718,"Troiano, Carolina",Tennis,3
120866,Cascino E / Monnet C,Tennis,3
113410,"Konstantinova, Yoana",Tennis,3
121702,Fomin S / Golubev D,Tennis,3
103339,Kuzmova K / Shauha D,Tennis,3
122409,Bervid V / Smejkalova A,Tennis,3
121449,"Kubanova, Karolina",Tennis,3
109381,Haerteis J / Schnaitter J,Tennis,3
110249,"Novak, Jakub (2003)",Tennis,3
109259,"Zhu, Michael",Tennis,3
119715,Mihail D M / Tothova E,Tennis,3
106950,"Kovac, Jelena",Tennis,3
119218,"Gurnani, Ayush",Tennis,3
110268,"Cherepin, Artem",Tennis,3
111653,"Stewart, Andre",Tennis,3
111584,"Puig Molin, David",Tennis,3
117511,"Lopez, Dani",Tennis,3
110153,Brown D / Qureshi A-U-H,Tennis,3
121391,"Arystanbekova, Asylzhan",Tennis,3
112188,Nazarenko D / Yamaguchi A,Tennis,3
107273,Duncan S / Willis M,Tennis,3
120163,Granwehr A / Kozakova K,Tennis,3
119095,Shelton B / Vale D,Tennis,3
107512,Cachin P / Cerundolo F,Tennis,3
108641,"Pang, Sarah",Tennis,3
116382,Gorgodze E / Shymanovich I,Tennis,3
110798,"Sutekin, Emir",Tennis,3
121909,Kasnikowski M / Nesterov P,Tennis,3
106696,"Martincova, Tereza",Tennis,3
114837,Castagnola L / Nejedly P,Tennis,3
110086,Kalinskaya A / Vondrousova M,Tennis,3
116719,"Arakawa, Natsuho",Tennis,3
119425,"Teixido Garcia, Maria Aran",Tennis,3
120129,Khomutsianskaya D / Kubareva A,Tennis,3
111149,"Niimi, Koharu",Tennis,3
114069,"Nucera, Thomas",Tennis,3
115407,"Kawamura, Mana",Tennis,3
107398,"Dmitruk, Kristina",Tennis,3
110347,"Siddiqui, Amaan",Tennis,3
118218,"Khlyvniuk, Maksym",Tennis,3
110479,"Bogo, Enrique",Tennis,3
107227,"Krueger, Mitchell",Tennis,3
119194,"Boitsov, Ivan",Tennis,3
114182,"Asghari, Omid",Tennis,3
111743,"La Cagnina, Noemi",Tennis,3
119279,"Baltic, Ena",Tennis,3
119706,Curovic T / Olianovskaia V,Tennis,3
103391,Rodionova A / Shibahara E,Tennis,3
111803,"Bucea, Iulia",Tennis,3
122397,Cazacu D N / Ratti L,Tennis,3
119408,Bucsa C / Danilina A,Tennis,3
115761,"Jeong, Sunam",Tennis,3
121937,Roveri Sidney G / Yamacita F,Tennis,3
110556,"Barry, Sarah",Tennis,3
120632,"Doberlet, Pika",Tennis,3
109458,Parres Azcoitia O / Rosca I L,Tennis,3
112259,Barki N A / Geerts M,Tennis,3
115040,Hering K / Rajkovic A,Tennis,3
103329,Jorge F / Jorge M,Tennis,3
108623,"Gunneswaran, Prajnesh",Tennis,3
121792,Mu T / Strombachs R,Tennis,3
112335,"Farjat, Tomas",Tennis,3
122400,Avraam C / Pantzaris L,Tennis,3
119384,"Mdlulwa, Wozuko",Tennis,3
117675,Anicic I / Carassai C,Tennis,3
111634,"Baldisserri, Enrico",Tennis,3
109455,Spiteri D / Zantedeschi A,Tennis,3
110496,"Simonit, Ezequiel",Tennis,3
103347,"Lodikova, Daria",Tennis,3
119702,Bondarenko M / Sakellaridi S,Tennis,3
108723,"Nedic, Andrej",Tennis,3
118553,Failla J / Ulyashchenko A,Tennis,3
107171,Stefani L / Zhang S,Tennis,3
105907,"Norrie, Cameron",Tennis,3
106596,"Herbert, Torran",Tennis,3
118312,"Stefan, Giulia Sophy",Tennis,3
116679,Alves C M R / Lamens S,Tennis,3
114356,"Kaparov, Arystanbek",Tennis,3
114088,"Basic, Nikola",Tennis,3
116491,Anghel D-M / Sodeyama H,Tennis,3
119396,"Bouchard, Eugenie",Tennis,3
122551,Ayukawa M / Parnaby A,Tennis,3
119644,Andaloro F / Picchione A,Tennis,3
109631,"Nayar, Sara",Tennis,3
107187,"Pliskova, Karolina",Tennis,3
103358,"Ferrando, Cristiana",Tennis,3
117665,MA Y / Uchijima M,Tennis,3
121601,"Seidman, Lev",Tennis,3
121409,"Buehler, Sebastian",Tennis,3
119470,Jayachandran V / Rajan G,Tennis,3
114064,"Nestola, Fabio",Tennis,3
107444,"Chirico, Louisa",Tennis,3
108699,"Jecan, Mircea-Alexandru",Tennis,3
122349,Cornea V V / Pel D,Tennis,3
115632,"Kostka, Thomas",Tennis,3
110389,"Modesti, Vittoria",Tennis,3
117519,"Andrieu, Clement",Tennis,3
112471,Milojevic N / Silva F F,Tennis,3
119392,"Mazzucchelli, Ludovica",Tennis,3
107539,"Isner, John",Tennis,3
114141,"Augunas, Julius",Tennis,3
108900,"Korpanec Davies, Allegra",Tennis,3
110427,Statham R / Yevseyev D,Tennis,3
110825,"Aggarwal, Parth",Tennis,3
117897,Siskova A / Timofeeva M,Tennis,3
109398,"Chen, Kuan Yu",Tennis,3
120879,Fett J / Lukas T,Tennis,3
103409,"Zacarias, Marcela",Tennis,3
108935,"Inoue, Geni",Tennis,3
114052,"Firaru, Andrei",Tennis,3
112008,Galfi D / Kovinic D,Tennis,3
112500,"Krockova, Natalia",Tennis,3
116271,Welker E / Yamazaki I,Tennis,3
115909,"Bernet, Henry",Tennis,3
108738,"Bertuccioli, Federico",Tennis,3
121009,Ramirez E / Reguer A,Tennis,3
107455,"Brogan, Anna",Tennis,3
121716,"Timini, Andreas",Tennis,3
115274,"Ivashka, Ilya (Srl)",Tennis,3
111685,"Ku, Yeon Woo",Tennis,3
118264,"Lundquist, Fredrik",Tennis,3
120460,"Chanta, Thanapet",Tennis,3
109101,"van Orderlain, Drew",Tennis,3
107112,"Okamura, Kyoka",Tennis,3
114115,"Khuda, Artem",Tennis,3
120233,Diatlova K / Lazar S,Tennis,3
120402,Samir S / Sherif Ahmed R,Tennis,3
110368,"Pieri, Jessica",Tennis,3
107287,"Abibsi, Mohamed Ali",Tennis,3
112186,Herdzelas D / Silva E,Tennis,3
108487,Martin F / Rublev A,Tennis,3
118250,"Plosnik, Ela",Tennis,3
121597,"Bini, Victor",Tennis,3
108480,"Auger-Aliassime, Felix",Tennis,3
110444,"Kypson, Patrick",Tennis,3
114438,"Donarski, Sid",Tennis,3
120954,"Shamsi, Luca",Tennis,3
112527,Boehner L / Wirges A,Tennis,3
103219,Bakshi A / Metreveli A,Tennis,3
111140,"Alhussein Abdel Aziz, Lamis",Tennis,3
107819,"Gavrielides, Liam",Tennis,3
117572,Bybel N / Kovapitukted P,Tennis,3
120133,Iatcenko P / Tkacheva M,Tennis,3
117802,Pervolarakis M / Saville L,Tennis,3
118289,"Masabayashi, Tomohiro",Tennis,3
116589,Alcala Gurri M / Barreto Sanchez D A,Tennis,3
121735,Pavlenko P / Sobbe L M,Tennis,3
120029,"Tosetto, Rafael",Tennis,3
119502,Ng M Y M / Vinahradava H,Tennis,3
114203,"Dabiri, Ashkan",Tennis,3
106875,"Brunold, Mika",Tennis,3
109292,"Haviland, Ryan",Tennis,3
118640,Kyjaci S / Lanik T,Tennis,3
122179,"Nevzorova, Elizaveta",Tennis,3
110178,"Coppejans, Kimmer",Tennis,3
114771,Binding J / Storrie R J,Tennis,3
120838,Bestetti G / Weckerle M,Tennis,3
118316,"Zack, Alian",Tennis,3
120884,Daley D / Wilson E,Tennis,3
121582,Dougaz A / Ejupovic E,Tennis,3
103251,Chile,Tennis,3
114644,Kawakami R / Kumasaka T,Tennis,3
110164,"Sridhar, Srinidhi",Tennis,3
110421,"Alves, Mateus",Tennis,3
119523,Atlangeriev B / Genov A,Tennis,3
119584,Moccia C / Shan Y,Tennis,3
116598,Claverie L / Loof T,Tennis,3
111575,"Villacampa Goni, Inigo",Tennis,3
118636,Kielan S / Pichler D,Tennis,3
108847,"Kuparev, Anastasiya",Tennis,3
120845,Charles L / Kalamaris G,Tennis,3
113407,Dong B / Mu T,Tennis,3
119923,Taylor J / Wehnelt K,Tennis,3
114655,Ghafghazi Bak M / Yazdani A,Tennis,3
112356,Graovac A / Pirtac B L,Tennis,3
119320,"Gallegos, Alfredo",Tennis,3
112518,Junge-Ilges C / Junge-Ilges E,Tennis,3
107394,"Sonmez, Zeynep",Tennis,3
107942,"Kazionova, Ekaterina",Tennis,3
108952,"Vaise, Tomas",Tennis,3
111576,"Kreynes, Benjamin",Tennis,3
108295,"Niemeier, Jule (Srl)",Tennis,3
107799,"Moreno de Alboran, Nicolas",Tennis,3
112225,Lopez Morillo I / Pujol Navarro B,Tennis,3
109272,"Platenikova, Ela",Tennis,3
119820,Canada,Tennis,3
117561,"Saito, Sara",Tennis,3
107576,Chirala S R / Kodat T,Tennis,3
112049,"Johnson, Sofia",Tennis,3
109730,"Rakotomanga Rajaonah, Tiantsoa Sarah",Tennis,3
107085,Bassem Sobhy M / Zakaryia F,Tennis,3
110272,"Biberli, Utku Kerem",Tennis,3
112442,"Lukas, Tena",Tennis,3
106572,Ly H N / Pham M T,Tennis,3
119541,Aitkulov A / Trunov I,Tennis,3
109305,"Tumasonis, Gabriel Pascotto",Tennis,3
115895,"Pavlovic, Luka",Tennis,3
103313,"Bandecchi, Susan",Tennis,3
114245,"Walter, Nadja",Tennis,3
114116,"Horiuchi, Ryusuke",Tennis,3
119450,Lee Y-H / Li Y-Y,Tennis,3
111670,"Marin, Diego",Tennis,3
105909,"Wong, Hong Kit",Tennis,3
112771,Lee P-C / Tsao C Y,Tennis,3
117373,"Strauch, Vincent Jonah",Tennis,3
110817,Misasi G / Rossi L,Tennis,3
120109,Bouzige M / Kawachi K,Tennis,3
107963,"Tauson, Clara",Tennis,3
107746,"Gutierrez, Oscar Jose",Tennis,3
115645,"Gallizio, Giorgio",Tennis,3
119970,"Nagornaia, Sofiia",Tennis,3
116600,Couto Loureiro J V / Guillen Meza A,Tennis,3
119382,Bejlek S / Havlickova L,Tennis,3
119112,"Athreya, Dhananjay",Tennis,3
106570,Cui J / Zhang Z,Tennis,3
120142,Dessolis B / Dessolis M,Tennis,3
122113,"Gvinepadze, Ana",Tennis,3
114053,"Bulitski, Aliaksandr",Tennis,3
109262,"Sheyngezikht, Leonid",Tennis,3
112289,Candiotto A / Ogescu S,Tennis,3
122458,Burenina E / Nevzorova E,Tennis,3
121900,Chiesa E / de Stefano S,Tennis,3
118465,Bathrinath L / Madan T,Tennis,3
122385,Emersic Potocnik G / Kovac T,Tennis,3
111222,Milenkovic K / Villet M,Tennis,3
103466,"Bondar, Anna",Tennis,3
116704,Parentini Vallega Montebruno G / Tedesco G,Tennis,3
120416,Giron M / Lestienne C,Tennis,3
114135,"Varga-Toth, Oliver",Tennis,3
111202,"Qabazard, Essa",Tennis,3
119623,"Tuyisenge, Olive",Tennis,3
107878,"Beaupain, Simon",Tennis,3
115452,"Sood, Chandril",Tennis,3
110967,"Sabalenka, Aryna",Tennis,3
115130,Giron M / Wolf J J,Tennis,3
119231,"Rahman, Azad",Tennis,3
112069,"Wang, Tianmei",Tennis,3
107113,"Karatancheva, Lia",Tennis,3
108672,Granollers M / Zeballos H,Tennis,3
106861,"Rankin, Matthew",Tennis,3
111567,"Eysseric, Jonathan",Tennis,3
116345,Bakshi A / Lemstra K,Tennis,3
110373,"Bartashevich, Yaroslava",Tennis,3
120707,"Vazquez, Candela",Tennis,3
115000,"Kargina, Valerija Maija",Tennis,3
111899,"Shapatava, Sofia",Tennis,3
114933,Andreev A / Krutykh O,Tennis,3
116181,"Jimenez, Moses",Tennis,3
107216,"Lajovic, Dusan",Tennis,3
111110,"Nejedly, Pavel",Tennis,3
107006,Kudermetova V / Samsonova L,Tennis,3
103401,"Li, Ann",Tennis,3
115555,"Boixader Roca, Nil",Tennis,3
107844,"Marmousez, Lilian",Tennis,3
121567,Casanova H / Rodriguez Taverna S,Tennis,3
110797,"Marti Pujolras, Alex",Tennis,3
119089,"Hosono, Dan",Tennis,3
120062,Hosoki Y / Hsu C-Y,Tennis,3
109778,"Chong, Eudice Wong",Tennis,3
110412,"Baranovska, Alisa",Tennis,3
109565,"Williford, Kelly",Tennis,3
122492,Labbene Y / Ouakaa A,Tennis,3
103414,Anderson R / Mateas M,Tennis,3
122331,Cacic N / Nedovyesov A,Tennis,3
120837,Faludi V N / Jackson N,Tennis,3
116384,Gavrila O / Rosca I L,Tennis,3
122566,Bergkvist Larsson B / Hessleryd T,Tennis,3
119512,Dudun I / Michocki P,Tennis,3
120941,Bobrov B / Mishkin K,Tennis,3
121615,"Vos, Matthew",Tennis,3
109690,"Teszari, Christian",Tennis,3
108671,Coria F / Etcheverry T M,Tennis,3
106411,"Navone, Mariano",Tennis,3
118260,"Shumsky, Anthony",Tennis,3
109199,"Lin, Li Hsin",Tennis,3
120085,Pozzi D / Weis A,Tennis,3
110671,"Hanesova, Lucia",Tennis,3
107188,"Muguruza, Garbine",Tennis,3
107475,"Bronzetti, Lucia",Tennis,3
109151,"Regalado Macias, Fernanda Guadalupe",Tennis,3
109000,"Saar, Katriin",Tennis,3
121493,"Filar, Karol",Tennis,3
121535,"Bazilevskiy, Vladimir",Tennis,3
111119,Altuna T / Reymond A,Tennis,3
109353,"Yamaguchi, Mei",Tennis,3
117650,Koyama K / Saito R,Tennis,3
118501,Hou Y / Wolfschmidt A,Tennis,3
115591,"Maric, Marko",Tennis,3
117679,Agostini S / Cortegiani A,Tennis,3
117461,Capot Requens A / Kovkin D,Tennis,3
122454,Che Y / Radojevic A,Tennis,3
109158,"Gales, Taylor Marie",Tennis,3
120454,Guarachi Mathison A / Vergara Rivera A,Tennis,3
119980,"Tsion, Yana",Tennis,3
120944,Southcombe M / Temirhanov A,Tennis,3
109197,"Seabury, Kristen",Tennis,3
115827,Diez S / Vrbensky M,Tennis,3
108683,"Droguet, Titouan",Tennis,3
121919,Vatutin A / Voisin E,Tennis,3
115891,Bueno G / Midon L,Tennis,3
109554,Gumulya B / Zhu A,Tennis,3
107941,"Cervino Ruiz, Celia",Tennis,3
116601,Augusto Dos Santos R / Sakamoto P,Tennis,3
115538,"Mascenikova, Diana",Tennis,3
117682,Oliveira G / Sultanov K,Tennis,3
116721,"Lu, Jing-Jing",Tennis,3
119417,"Cury Bueres, Matheus",Tennis,3
122239,"Garmendia, Jesu",Tennis,3
110960,"Pirtac, Beatrice Laura",Tennis,3
122570,Crimmel Z / Stojanovic L,Tennis,3
119205,"Dapcevic, Emil",Tennis,3
108676,"Poullain, Lucas",Tennis,3
106059,"Pucinelli de Almeida, Matheus",Tennis,3
114102,"Massara, Antonio",Tennis,3
114362,"Schoofs, Bibiane",Tennis,3
109476,Raggi A / Schmidt L,Tennis,3
109788,"Tavarez, Junior",Tennis,3
115726,"Papadopoulos, Theodore",Tennis,3
107471,"Lys, Eva",Tennis,3
121485,"Avramenko, Dana Daniela",Tennis,3
106986,"Nuudi, Maileen",Tennis,3
120019,"Andreeva, Mirra",Tennis,3
117784,Spigarelli M / Zantedeschi A,Tennis,3
121045,Kung L / Marinkovic B,Tennis,3
121674,PoPa M S / Sezer M,Tennis,3
103376,"Gadecki, Olivia",Tennis,3
106554,Arneodo R / Weissborn T-S,Tennis,3
110534,"Burstein, Maria Victoria",Tennis,3
107570,Daciek P / Vega L,Tennis,3
106565,Butvilas E / Ferrari G,Tennis,3
116470,Chiesa E / Petretic L,Tennis,3
119398,Arango E / Herazo Gonzalez M F,Tennis,3
117586,Caldes J / Francisco L,Tennis,3
110419,"Fonseca, Joao",Tennis,3
114059,"Cooper Kirby, Dean",Tennis,3
107450,"Pattinama Kerkhove, Lesley",Tennis,3
121385,"Iaconi, Jerome",Tennis,3
120647,"Dzjachangirov, Michelle",Tennis,3
107841,"Lofman, Aleksi",Tennis,3
121788,Curras Abasolo T / Schiavetti P,Tennis,3
108805,"Gao, Xin",Tennis,3
107586,"Burillo Escorihuela, Irene",Tennis,3
109643,"Negritu, Christoph",Tennis,3
112242,Nesterov P / Sharipov M,Tennis,3
107136,"Rajmohan, Nidhitra",Tennis,3
108987,"Lim, Eunji",Tennis,3
118593,Bittoun Kouzmine C / Mccormick T,Tennis,3
106075,"Coric, Borna",Tennis,3
121571,Blanch U / Kirkov V,Tennis,3
107369,"Iudenko, Iuliia",Tennis,3
107343,"Peiro Serrano, Alvaro",Tennis,3
117414,"Zaremba, Martyna",Tennis,3
106968,"Jorge, Matilde",Tennis,3
119420,"Miskovic, Dora",Tennis,3
105955,"Johnson, Steve",Tennis,3
121525,Diallo G / Vukic A,Tennis,3
118812,"Paskauskas, Kristina",Tennis,3
122499,Mihail D M / Vernet C,Tennis,3
118290,"Nakanishi, Seiya",Tennis,3
107051,"Rodionov, Jurij",Tennis,3
103340,Idrizovic F / PoPa M S,Tennis,3
114326,Geerts M / Travaglia S,Tennis,3
110937,"Rossini, Tiziana",Tennis,3
116417,Dumas T / Maric M,Tennis,3
121785,Oliveira F / Tarrio Ponte A,Tennis,3
116378,Hontama M / Tubello A,Tennis,3
108286,"Fernandez, Leylah Annie (Srl)",Tennis,3
107107,"Evtimova, Dia",Tennis,3
119389,"Klimchuk, Yana",Tennis,3
110289,"Dumitru, Stefan Eduard",Tennis,3
112189,Kobayashi H / Nayar S,Tennis,3
119261,"Elde, Emilie",Tennis,3
121667,Ragus S I / Yakimova A,Tennis,3
116454,Kanev K / Laboutkova A,Tennis,3
118591,"Pietri, Benjamin",Tennis,3
108509,"Vukic, Aleksandar",Tennis,3
118437,In-Albon Y / Jani R L,Tennis,3
107765,"Ferrara, Virginia",Tennis,3
118485,Calzi R / Sultanov K,Tennis,3
121865,Capurro Taborda M / Labrana F,Tennis,3
117454,Gengel M / Nouza P,Tennis,3
107653,"Handel, Tim",Tennis,3
110358,"Hering, Katharina",Tennis,3
110200,"Rosol, Lukas",Tennis,3
103240,Dominko S / Rola B,Tennis,3
108838,"Munar, Jaume",Tennis,3
117757,Brady P / Wendelken H,Tennis,3
114140,"Henderson, Russell",Tennis,3
110147,Kubler J / Peers J,Tennis,3
112482,Chidekh C / Coelho F,Tennis,3
107904,"Iordache, Alexandra",Tennis,3
121596,"Kohlmann de Freitas, Enzo",Tennis,3
109258,"Rocha, Henrique",Tennis,3
114087,"Protic Zakelj, Jaka",Tennis,3
110846,Cammilleri L / Degelow T,Tennis,3
109499,Duerst J / Papadakis L,Tennis,3
119576,Kalamaris G / Sysoeva M,Tennis,3
122539,Stevens L / Wagner A,Tennis,3
117367,"Ban, Ivan Karlo",Tennis,3
109286,"Velasquez, Juan David",Tennis,3
112728,Ahn A / Bernales J,Tennis,3
121709,Arifullina A / Charintceva D,Tennis,3
109796,"Pacheco Mendez, Rodrigo",Tennis,3
116585,"Matusevich, Anton",Tennis,3
106412,"Pannu, Kiranpal",Tennis,3
119221,"Juan Mano, Alejandro",Tennis,3
106919,Fairclough L / Gadecki O,Tennis,3
119419,"Dernikovic, Ria",Tennis,3
109253,"Wiedenmann, Luca",Tennis,3
114214,"Rahimi, Farshad",Tennis,3
114469,Shymanovich I / Yashina E,Tennis,3
119381,Radisic N / Wurth T,Tennis,3
116576,Farah R / Melo M,Tennis,3
111162,"Glatch, Alexa",Tennis,3
109470,"Vargova, Nina",Tennis,3
103442,"Cilic, Marin (Srl)",Tennis,3
110942,"Ruiz, Emilse Lujan",Tennis,3
112760,Arutiunian E / Lomakin G,Tennis,3
107956,Cooper O / Davies F,Tennis,3
110231,"Guerra, Batiste",Tennis,3
110146,Jaziri M / Zayid M S,Tennis,3
110709,"Ward, Emmett",Tennis,3
122196,"Alvarez, Alex",Tennis,3
111629,"Andreescu, Stefan Adrian",Tennis,3
120756,Susanto A / Susanto D A,Tennis,3
111675,"Samson, Aron Paul",Tennis,3
121042,Samardzic S / Stojanovic L,Tennis,3
110446,"Koepfer, Dominik",Tennis,3
103453,"Andreescu, Bianca",Tennis,3
108907,"Oz, Ipek",Tennis,3
108027,Chang H / Sanchez Palau A S,Tennis,3
103185,"Brancaccio, Raul",Tennis,3
121798,Kempen M / Minnen G,Tennis,3
119282,"Meyers, Morane",Tennis,3
115258,"Rinderknech, Arthur (Srl)",Tennis,3
121595,"Sonne, Tobias",Tennis,3
103331,Naef C / Wickmayer Y,Tennis,3
110058,"Sibbald, Hayley",Tennis,3
117767,Hobgarski K / Zeballos Melgar N,Tennis,3
116178,"Casso, Alfredo",Tennis,3
107921,"Kuramochi, Miho",Tennis,3
122130,"Kodesova, Klara",Tennis,3
119210,"Valls Abril, Arnau",Tennis,3
120771,Kawaguchi N / Lee P-C,Tennis,3
111561,"Lee, Ya-Hsuan",Tennis,3
122240,"Rojas Pedron, Guillermo",Tennis,3
120574,"Akinbiyi, Nifemi",Tennis,3
120263,Aney J / Chang H,Tennis,3
107004,Detiuc A / Kolodziejova M,Tennis,3
115440,"Sheikh, Mohammed Iftikhar",Tennis,3
112169,Kubka M / Kulambayeva Z,Tennis,3
119695,March A C / Perez B,Tennis,3
114705,"Ruggeri, Jennifer",Tennis,3
121001,Matsuda M / Yamazaki I,Tennis,3
111727,"Sultanova, Dilara",Tennis,3
117315,"Gupta, Vashu",Tennis,3
120729,Kichenok N / Zimmermann K,Tennis,3
108019,"Baez, Sebastian",Tennis,3
121801,Chong E W / Tikhonova A,Tennis,3
118444,Kalashnikova O / Piter K,Tennis,3
103299,"Mu, Tao",Tennis,3
106085,Knaff A / Rodesch C,Tennis,3
114637,"Martinez Martinez, Jorge",Tennis,3
118603,Oliver Sanchez M / Pantelic S,Tennis,3
120676,"Falkenberg, Gail",Tennis,3
106619,"Brengle, Madison (Srl)",Tennis,3
109576,"Park, Sohyun",Tennis,3
117392,"Ahti, Vesa",Tennis,3
120079,Chilakalapudi S S / William T,Tennis,3
108656,"Yip, Wanli",Tennis,3
119709,Lopez O / Zvonaru I,Tennis,3
111680,"Loge, Jack",Tennis,3
114296,"Heide, Gustavo",Tennis,3
107894,"Sposetti, Ilaria",Tennis,3
119557,Calzi R / Evrard J,Tennis,3
122033,Istomin D / Karlovskiy E,Tennis,3
118646,Bertuccioli F / Forti F,Tennis,3
106398,"Vavassori, Andrea",Tennis,3
118388,"Sanchez Molano, Sara Sofia",Tennis,3
115718,"Rammos, Odysseas",Tennis,3
106906,Talic Z-Z / Vujic S,Tennis,3
117500,"Chen, Shuchi",Tennis,3
109717,"Parres Azcoitia, Olga",Tennis,3
114813,Aitkulov A / Maulenov T,Tennis,3
109775,"Osuigwe, Whitney",Tennis,3
110461,"Carnevale-Miino, Tommaso",Tennis,3
118768,Appleton E / Lohoff J,Tennis,3
111282,Moreno de Alboran N / Uchiyama Y,Tennis,3
114614,Howse M / Pierleoni J,Tennis,3
108622,"Clarke, Jay",Tennis,3
117543,"Figueroa Teusa, Juliana",Tennis,3
107448,"Papadakis, Lena",Tennis,3
110288,"Martinez, Louroi",Tennis,3
116326,Broom C / Matusevich A,Tennis,3
108551,Borges N / Goransson A,Tennis,3
109337,Easwaramurthi A / Ito A,Tennis,3
107091,Caldes J / Miceli M,Tennis,3
122193,"Kovacevic, Maria",Tennis,3
116340,Antonopoulos C / Skorilas A,Tennis,3
112067,"Ruud, Casper",Tennis,3
119102,Gigante M / Maestrelli F,Tennis,3
116276,Kung L / Park S,Tennis,3
107146,Lieberman S / Sposetti I,Tennis,3
119642,"Shah, Aryan",Tennis,3
115457,"Ramesh, Preksha",Tennis,3
109048,"Rovira Alier, Jana",Tennis,3
115651,"Serrano, Lucia Gabriela",Tennis,3
117521,"Ocampos-Rossi, Nicolas",Tennis,3
109371,Jones B / Strombachs R,Tennis,3
120747,"Zucca, Beatrice",Tennis,3
118391,"Alonso Abril, Sandra",Tennis,3
112522,Anil C / Ekshibarova V,Tennis,3
116636,Mccormick T / Wojcik J,Tennis,3
103374,Di Girolami T / Radovanovic N,Tennis,3
122188,"Negoitescu, Ioana Alexandra",Tennis,3
113604,"Krajinovic, Filip (Srl)",Tennis,3
109165,"Valdez, Roxana",Tennis,3
107466,Matoula M / Vasilescu A G,Tennis,3
120765,Ito R / Sugiyama Y,Tennis,3
109344,"Ogata, Haine",Tennis,3
109436,"Palicova, Barbora",Tennis,3
120292,Grigoras P / Mihail D M,Tennis,3
107069,"Seateun, Nathan",Tennis,3
107424,"Schmidt, Lara",Tennis,3
116683,Bayerlova M / Ccuno R,Tennis,3
109624,Shi H / Xun F Y,Tennis,3
109359,"Millman, John",Tennis,3
107554,"Kuzuhara, Bruno",Tennis,3
121825,Aubriot A / Scaglia M,Tennis,3
109781,"Bejlek, Sara",Tennis,3
117333,"Aranzabal, Mikel",Tennis,3
119742,Liu Y / Ren Y,Tennis,3
121384,"Wolke, Tristan",Tennis,3
119727,Teixido Garcia M A / Woog M,Tennis,3
117345,"Ribeiro Lago, Elio Jose",Tennis,3
119981,"Bagerbaseh, Elizabeth Kapari",Tennis,3
110310,"Mustafin, Samat",Tennis,3
106973,"Nagy, Adrienn",Tennis,3
110298,"Ilhan, Marsel",Tennis,3
107618,Kumar P / Neff A,Tennis,3
110199,"Prihodko, Oleg",Tennis,3
109985,Cabral F / Zeballos H,Tennis,3
110428,Ficovich J / Mejia N,Tennis,3
109428,Bertrand R / Donski A,Tennis,3
114285,"Brun, Lucie",Tennis,3
117886,Barreto Sanchez D A / Manzanera Pertusa A,Tennis,3
108704,"Fatic, Nerman",Tennis,3
117821,Li Y-Y / Okuwaki R,Tennis,3
107153,Bhatia K / Uboveja R,Tennis,3
120189,Larrea Sicco M / Ruiz J,Tennis,3
116492,Baranovska A / Mykytyn Y,Tennis,3
105775,"Habib, Hady",Tennis,3
105923,"Barrena, Alex",Tennis,3
103209,"Lock, Benjamin",Tennis,3
119234,"Verbin, Pavel",Tennis,3
114842,Dudun I / Podorozhnyi A,Tennis,3
103448,"Lehecka, Jiri (Srl)",Tennis,3
121375,"Papadopoulos, Savvas",Tennis,3
121607,"Brockett, Stiles",Tennis,3
122527,Abibsi M A / Hermassi R,Tennis,3
118508,Schiessl J E / Zanellato N,Tennis,3
119950,"Marti, Javier",Tennis,3
117563,Berezov A / Graovac A,Tennis,3
120178,Vasser O / Vithoontien L,Tennis,3
116702,Gettwart F / Popescu A,Tennis,3
105938,"Parks, Alycia",Tennis,3
117573,Madan T / Qamar F,Tennis,3
119306,Sinclair C / Walton A,Tennis,3
120204,"Kim, Young Seok",Tennis,3
118257,"Syrovatskiy, Oleg",Tennis,3
115433,"Gupta, Anand Prakash",Tennis,3
105779,"Hassan, Benjamin",Tennis,3
122557,Klasen A / Steur J L S,Tennis,3
107447,"Shinikova, Isabella",Tennis,3
116334,Brown P / Lofman A,Tennis,3
111236,"Labuckas, Mateo",Tennis,3
108932,"Lopez, Noah",Tennis,3
107406,Christie F / Collins A,Tennis,3
111723,"Kosanin, Natasa",Tennis,3
111989,"Olson, Brooklyn",Tennis,3
115630,"Pozzi, Valentino",Tennis,3
115048,Krockova N / Smitkova T,Tennis,3
120195,Bertola R / Dalla Valle E,Tennis,3
121756,Matsuda R / Sueoka Y,Tennis,3
110256,"Cserni, Clemens",Tennis,3
119743,Yeo M / Zhang J,Tennis,3
120928,Gonzalez Fernandez M / Wojcik J,Tennis,3
111602,"Tarrio Ponte, Ander",Tennis,3
106036,"Ly, Hoang Nam",Tennis,3
114851,Fossati C A / Speziali F,Tennis,3
112070,"Rose, Madison",Tennis,3
111535,"Solovei, Marfa",Tennis,3
115740,"Ellouck, Ron",Tennis,3
106887,"Musitelli, Francois",Tennis,3
114844,"Turker, Mert Naci",Tennis,3
116617,"Rivera, Hudson ",Tennis,3
122341,Manafov V / Martos Gornes S,Tennis,3
107525,Hidalgo D / Reese H,Tennis,3
121380,"Parker, Alexander Carlos",Tennis,3
112341,"Kozarov, Katarina",Tennis,3
119978,"de Zeeuw, Joy",Tennis,3
111492,"Lee, Gabriela",Tennis,3
116333,Khoeblal E / Wassermann D,Tennis,3
103405,"Inoue, Hina",Tennis,3
119468,Athreya D / Sekhar P,Tennis,3
122534,Hindova D / Toth A K,Tennis,3
121588,"Pereira Dos Santos, Kaua Emanuel",Tennis,3
116250,"Ito, Tatsuma",Tennis,3
119518,Kekez D / Milanovic L,Tennis,3
122384,Alharrasi I / Zayed M S,Tennis,3
103337,Kobayashi H / Ozeki M,Tennis,3
111488,"Lama, Gonzalo",Tennis,3
122176,"Jakic, Lea",Tennis,3
110918,"Midon, Lautaro",Tennis,3
118771,Chlpac A / Weckerle M,Tennis,3
115912,"Ouzilou, Sacha",Tennis,3
107620,"Chazal, Maxime",Tennis,3
117388,"Susanto, David Agung",Tennis,3
111844,"Breen, Saoirse",Tennis,3
103463,Golubic V / Niculescu M,Tennis,3
107172,Danilina A / Kichenok L,Tennis,3
120905,Tumbas Kajgo K / Voljavec A,Tennis,3
119487,Inoue G / Nishiwaki K,Tennis,3
107162,Mazzoni E / Mazzoni J,Tennis,3
110964,Ceschi G / Raggi A,Tennis,3
106559,Kalovelonis M / Wehnelt K,Tennis,3
120535,"Schmitter, Jim",Tennis,3
111125,"Gupta, Shruti",Tennis,3
103204,"Paul, Tommy",Tennis,3
114424,"Morandais, Jean-Christian",Tennis,3
117506,"Elbanna, Nour",Tennis,3
114852,Chidekh C / Jacq G,Tennis,3
121427,"Poswiat, Jonas Philipp",Tennis,3
110064,"Lozitskaya, Eva",Tennis,3
107263,"Little, Daniel",Tennis,3
106609,"Bajagic, Tamara",Tennis,3
114360,"Arystanbekova, Erkezhan",Tennis,3
112264,"Bai, Zhuoxuan",Tennis,3
111210,"Janicijevic, Selena",Tennis,3
116372,Dubinin A / Krapivin M,Tennis,3
120200,M Rifqi F / Susanto D A,Tennis,3
114126,"Kawakami, Rimpei",Tennis,3
115189,Niculescu M / Rosolska A,Tennis,3
114885,Ersoz V / Turkmen D,Tennis,3
118546,Masnaia E / Pavlova P,Tennis,3
109252,Griekspoor T / Van de Zandschulp B,Tennis,3
112033,"Aristegui, Mercedes",Tennis,3
117799,"Borisiouk, Martin",Tennis,3
120620,"Augello, Martina",Tennis,3
107311,"Gautier, Alexis",Tennis,3
110205,Babic Z / Broom C,Tennis,3
116268,Mays L / Osborne A,Tennis,3
109288,"van Emburgh, Jake",Tennis,3
103327,"Bondarenko, Maria",Tennis,3
121720,Suchankova S / Tothova E,Tennis,3
106862,"Hodkin, Sean",Tennis,3
114304,"Mariani, Rocco",Tennis,3
110273,"Savelev, Daniil",Tennis,3
106975,"Grey, Sarah Beth",Tennis,3
119998,"Nettles, Jibril",Tennis,3
119203,Przemyslaw Michocki,Tennis,3
111645,"Wallner, Mark",Tennis,3
107930,"Raggi, Angelica",Tennis,3
110074,"Anisimova, Amanda",Tennis,3
120259,Evtimova D / Partaud M,Tennis,3
111700,"El Sayed, Yasmina",Tennis,3
109417,Andre S / Legout T,Tennis,3
105927,"Gaio, Federico",Tennis,3
111693,"Paszek, Tamira",Tennis,3
103249,Netherlands,Tennis,3
122320,Ito A / Lee P-C,Tennis,3
107080,"Chayka, Aleksander",Tennis,3
110342,"Lee, Hsiang",Tennis,3
106689,"Parry, Diane",Tennis,3
115539,"Smith, Evelyn",Tennis,3
122577,Bertuccioli F / Chepelev A,Tennis,3
115729,"Kypriotis, Evangelos",Tennis,3
114668,Moccia C / Veldman K,Tennis,3
110786,Habib A / Sharipov M,Tennis,3
106857,"Yunchaokete, Bu",Tennis,3
121705,Gima S / Skorilas A,Tennis,3
115575,"Berg, Bernd",Tennis,3
122459,Liu M / William T,Tennis,3
103307,Bittoun Kouzmine C / Chikami S,Tennis,3
120152,Karamoko N / Radovanovic N,Tennis,3
120734,Kolodziejova M / Rosolska Ali,Tennis,3
118558,Lindh Gallagher E / Pospelova A,Tennis,3
120183,Bybel N / Gomez F A,Tennis,3
115261,"Medvedev, Daniil (Srl)",Tennis,3
116493,Marcon M / Rothensteiner L M,Tennis,3
114421,Galloway R / Reyes-Varela M A,Tennis,3
121415,"Ebeling, Robin",Tennis,3
109645,"Tan, Beren",Tennis,3
115831,"Bathrinath, Lohithaksha",Tennis,3
110902,Elsayed A / Rottoli L,Tennis,3
121470,"Yakimova, Anastasia",Tennis,3
111704,"Drozd, Maya",Tennis,3
115674,"Gindl, Amelie",Tennis,3
121621,Mushika M / Mushika M,Tennis,3
107108,"Ayukawa, Mana",Tennis,3
119728,Evans T / Koike E,Tennis,3
111526,Kuzmanov D / Zekic M,Tennis,3
111747,"Sayadi, Senda",Tennis,3
117907,Jones M / Stephens S,Tennis,3
113600,"Griekspoor, Tallon (Srl)",Tennis,3
118500,Agabigun S / Erel Y,Tennis,3
117054,"Borges, Nuno (Srl)",Tennis,3
109789,"Kim, Aidan",Tennis,3
121852,"Kalender, Admir",Tennis,3
107320,Alujas R / Poulesquen M,Tennis,3
121757,"Steveker, Piet",Tennis,3
120587,"Goelz, Lena",Tennis,3
122555,Heisen V / Voracova R,Tennis,3
121279,"Gunawan, Joachim Mika",Tennis,3
108632,Neuchrist M / Uchida K,Tennis,3
112024,"Elorrieta Flores, Carmen Fernanda",Tennis,3
108812,"Dubinin, Alexey",Tennis,3
108063,"Aiava, Destanee",Tennis,3
103184,"Arnaldi, Matteo",Tennis,3
112722,"Wolff, Vivian",Tennis,3
103142,Kelly D / Romios M C,Tennis,3
107109,"Arakawa, Haruna",Tennis,3
108883,"Chintalapalli, Naga Lakshmi Sarvani",Tennis,3
121541,Hidalgo D / Niklas-Salminen P,Tennis,3
105922,"Lavagno, Edoardo",Tennis,3
118556,Iudenko I / Rasskovskaia L,Tennis,3
121708,Simunyu C / Yushchenko V,Tennis,3
118336,Pacheco Mendez R / Tirante T A,Tennis,3
120353,Jeong B / Ku Y,Tennis,3
110247,"Taddia, Leonardo",Tennis,3
117552,"Pankin, Semen",Tennis,3
121312,"Chipashvili, Giorgi",Tennis,3
117398,"Svensson, Nora",Tennis,3
110933,"Bosio, Victoria",Tennis,3
111823,"Sarkis, Helena",Tennis,3
114352,Bergs Z / Pel D,Tennis,3
122506,Rogers A / Zarazua R,Tennis,3
121451,"Glanzer, Daniela",Tennis,3
121864,Andrade Sabando T I / Ayala L,Tennis,3
119903,Cerundolo F / Evans D,Tennis,3
107376,"Visnevscaia, Ecaterina",Tennis,3
121464,"Kamminga, Isabella Blanca Rosa",Tennis,3
121482,"Brown, Baylen",Tennis,3
110230,"de la Riva Bueno, Pedro",Tennis,3
119043,"Muhammad, Asia",Tennis,3
110956,Cortez Llorca L / Fita Boluda A,Tennis,3
122155,"Pellicano, Helene",Tennis,3
112709,Bocchi L / Martin Tiffon P,Tennis,3
120710,"Caceres, Alessandra",Tennis,3
122169,"Musicki, Strahinja",Tennis,3
117812,"Yoshikawa, Hikaru",Tennis,3
107842,"Nijboer, Ryan",Tennis,3
109719,"Sevcikova, Linda",Tennis,3
109477,Ristic J / Rothensteiner L M,Tennis,3
109694,"Badenhorst, Devin",Tennis,3
109772,Berberovic N / Chong E W,Tennis,3
103171,Chappell N / Michelsen A,Tennis,3
110986,Altamirano C / Kirkov V,Tennis,3
110940,"Sretenovic, Tijana",Tennis,3
107266,"Goodger, Joshua",Tennis,3
110807,Mikovic M / Mikovic N,Tennis,3
106414,"Tseng, Chun Hsin",Tennis,3
121539,Durasovic V / Romboli F,Tennis,3
112111,Bains R / Barry M,Tennis,3
115405,"Hupfeld, Summer",Tennis,3
110848,Lee E J / Wi H,Tennis,3
109331,Balu S / Mettraux M,Tennis,3
108787,"Vaitiekunas, Pijus",Tennis,3
122258,Abduraimova N / Webley-Smith E,Tennis,3
119684,Pereira M F / Roncadelli F,Tennis,3
106926,"Hoedt, Merel",Tennis,3
110916,"Boyer, Tristan",Tennis,3
119818,Italy,Tennis,3
108960,"Pecak, Stepan",Tennis,3
119213,"Busoms Puig, Joan",Tennis,3
107812,"Kirci, Koray",Tennis,3
114266,"Tiron, Evelyne Christelle Atticia",Tennis,3
107874,"Lamasine, Tristan",Tennis,3
107945,"Miyazaki, Yuriko Lily",Tennis,3
122166,"Meh, Maks",Tennis,3
106012,"Michalski, Daniel",Tennis,3
103433,Cengiz B / Sewing S,Tennis,3
109521,Ogura K / Soto M,Tennis,3
121770,Pavlou D / Sretenovic T,Tennis,3
109205,"Poplavska, Anastasiya",Tennis,3
118648,"Schaefer, Anne",Tennis,3
119938,"Kuo, Justin",Tennis,3
108667,Brkic T / Escobar G,Tennis,3
110694,Dzalamidze N / Rakhimova K,Tennis,3
114671,Alhussein Abdel Aziz L / Refaat M,Tennis,3
108760,"Catani, Leonardo",Tennis,3
108779,"Dolce, Gabriele",Tennis,3
110401,"Ksandinov, Sophia",Tennis,3
113618,"Baez, Sebastian (Srl)",Tennis,3
118263,"Bartram, William",Tennis,3
120098,Serafini M / Vincent Ruggeri S,Tennis,3
121424,"Wisniewski, Dawid",Tennis,3
107254,Fanselow S / Vale D,Tennis,3
108853,"Lanciaprima, Anna",Tennis,3
107629,Court J / MA W,Tennis,3
119690,Aguilar J C M / Clark E,Tennis,3
119909,"Oyama, Kaho",Tennis,3
120220,Anson Sanchez C / Palazon A,Tennis,3
120239,Hering K / Siedliska N,Tennis,3
120197,"Barki, Nathan Anthony",Tennis,3
116445,Forti F / Spadola A,Tennis,3
118244,"Rodriguez Carretero, Patricia",Tennis,3
120395,Bhosale R / Raina A,Tennis,3
111707,"Boehner, Laura",Tennis,3
118602,"Xu, Mingge",Tennis,3
119689,Geschwind F T / Gimenez J,Tennis,3
109976,"Reis Da Silva, Joao Lucas",Tennis,3
119911,"Hayasaka, Kurea",Tennis,3
114168,"Bachinger, Matthias",Tennis,3
107053,"Brouwer, Gijs",Tennis,3
118468,Mukund S / Vardhan V,Tennis,3
118214,"Perez Martin, Ivan",Tennis,3
107059,"Ritschard, Alexander",Tennis,3
119308,Lock B / Statham R,Tennis,3
118277,"Jones, Maximus",Tennis,3
108942,"Dubouch, Maxime",Tennis,3
110824,Isomura K / Matsuda R,Tennis,3
114864,Arcuschin R / Lehmann N,Tennis,3
113603,"Mmoh, Michael (Srl)",Tennis,3
115509,"Katzer, Ellen",Tennis,3
119214,"Miralles, Marcel",Tennis,3
108835,"Galvanin, Davide",Tennis,3
115747,"Contrino, Gloria",Tennis,3
107078,"Ianin, Nikita",Tennis,3
120823,Bondaz M / Vylegzhanin N,Tennis,3
109327,Simunyu C / Veleva V,Tennis,3
108810,"Chen, Ying-Ze",Tennis,3
107830,"Serafini, Marcello",Tennis,3
109738,Ceschi G / Viviani M V,Tennis,3
119116,"Abadia, Danielle",Tennis,3
120492,Clarke J / Paris J,Tennis,3
115626,"Humphries, Freddy",Tennis,3
109898,"Raina, Ankita",Tennis,3
114113,"Markovic, Sasa",Tennis,3
121629,Katsumi N / Matsuda R,Tennis,3
112526,Alhogbani Y / Ruud C,Tennis,3
109983,Baez S / Ramos-Vinolas A,Tennis,3
111730,"Aragosa, Antonia",Tennis,3
115552,"Bucher, Robin Mick",Tennis,3
122410,Hazes S / Traversi C,Tennis,3
107242,"Kukushkin, Mikhail",Tennis,3
103478,"Strakhova, Valeriya",Tennis,3
109791,"Folliot, Quentin",Tennis,3
122417,Ibragimova A / Shubladze A,Tennis,3
109570,"Fung, Stacey",Tennis,3
107438,"Ruzic, Antonia",Tennis,3
108800,"Salton, Dylan",Tennis,3
117047,Mikhailova M / Weckerle M,Tennis,3
121483,"Pellizzari, Adriana",Tennis,3
105932,"Samir, Sandra",Tennis,3
117291,"Miyata, Moeka",Tennis,3
114361,"Nupbay, Aiya",Tennis,3
112076,"Lewis, Mary",Tennis,3
114608,Yerdilda Y / Zatsepin V,Tennis,3
120013,"Alonso Vivanco, Julian",Tennis,3
106977,"Ambrosio, Silvia",Tennis,3
103400,"Lahey, Ashley",Tennis,3
105933,"Mendez, Seone",Tennis,3
103476,"Monnet, Carole",Tennis,3
121320,"Megrabian, Andre",Tennis,3
106967,"Golas, Olga",Tennis,3
103464,Christian K / Santamaria S,Tennis,3
119514,Banicevic M / Tumbas Kajgo K,Tennis,3
108584,Fayziev S / Kalovelonis M,Tennis,3
107262,Barroso Campos A / Lopez Morillo I,Tennis,3
103479,"Zarazua, Renata",Tennis,3
110377,"Meliss, Verena",Tennis,3
121695,Goldenberg L / Oliel Y,Tennis,3
111600,"Yang, Jimmy",Tennis,3
119337,"Crowther, Corban",Tennis,3
120244,Bataille E / Villet M,Tennis,3
121377,"Minasyan, Davit",Tennis,3
120435,Guinard M / Romboli F,Tennis,3
115571,"Venturini, Carlo",Tennis,3
